key,wt,pos,alt,eve_score,eve_class
L45A,L,45,A,0.4636915586088211,Uncertain
L45C,L,45,C,0.2660088171728191,Benign
L45D,L,45,D,0.7304351361027062,Pathogenic
L45E,L,45,E,0.6176731003999686,Uncertain
L45F,L,45,F,0.23565606274287226,Benign
L45G,L,45,G,0.4080053041078576,Uncertain
L45H,L,45,H,0.6217203811609626,Uncertain
L45I,L,45,I,0.3057945414144251,Benign
L45K,L,45,K,0.7680506234207858,Pathogenic
L45M,L,45,M,0.2606513662118017,Benign
L45N,L,45,N,0.4069064415752187,Uncertain
L45P,L,45,P,0.2491028773252815,Benign
L45Q,L,45,Q,0.4951903623343044,Uncertain
L45R,L,45,R,0.3224942647035324,Benign
L45S,L,45,S,0.3956580949199204,Uncertain
L45T,L,45,T,0.3009978138358549,Benign
L45V,L,45,V,0.3420775715013815,Benign
L45W,L,45,W,0.200958276922068,Benign
L45Y,L,45,Y,0.33012665770649496,Benign
S46A,S,46,A,0.17025266087105215,Benign
S46C,S,46,C,0.4203347773941522,Uncertain
S46D,S,46,D,0.19642588825398885,Benign
S46E,S,46,E,0.17401061428480696,Benign
S46F,S,46,F,0.17411090916604668,Benign
S46G,S,46,G,0.2213444902589094,Benign
S46H,S,46,H,0.3494463805449525,Benign
S46I,S,46,I,0.3881124962284781,Uncertain
S46K,S,46,K,0.21554455643281145,Benign
S46L,S,46,L,0.08885838238856572,Benign
S46M,S,46,M,0.18708944782438192,Benign
S46N,S,46,N,0.2662988924758921,Benign
S46P,S,46,P,0.11423192233093599,Benign
S46Q,S,46,Q,0.17155238372612636,Benign
S46R,S,46,R,0.2692355281171568,Benign
S46T,S,46,T,0.1722814799389898,Benign
S46V,S,46,V,0.2230135725142681,Benign
S46W,S,46,W,0.3666264487176014,Uncertain
S46Y,S,46,Y,0.3827394710411869,Uncertain
P47A,P,47,A,0.3184517753522354,Benign
P47C,P,47,C,0.7195603705574634,Pathogenic
P47D,P,47,D,0.16880337055007005,Benign
P47E,P,47,E,0.19374776694314727,Benign
P47F,P,47,F,0.5183095038067722,Uncertain
P47G,P,47,G,0.5956319949854485,Uncertain
P47H,P,47,H,0.4983368558328681,Uncertain
P47I,P,47,I,0.4331932781128429,Uncertain
P47K,P,47,K,0.4279751839639867,Uncertain
P47L,P,47,L,0.3455459212311458,Benign
P47M,P,47,M,0.28879796838325017,Benign
P47N,P,47,N,0.2138278314651898,Benign
P47Q,P,47,Q,0.19523638165104204,Benign
P47R,P,47,R,0.2638031156959451,Benign
P47S,P,47,S,0.17097272849810066,Benign
P47T,P,47,T,0.33874678512001033,Benign
P47V,P,47,V,0.4006639978370691,Uncertain
P47W,P,47,W,0.6753585061585975,Pathogenic
P47Y,P,47,Y,0.34977353857960664,Benign
D48A,D,48,A,0.13150753970641624,Benign
D48C,D,48,C,0.4990901632353342,Uncertain
D48E,D,48,E,0.08326292396467917,Benign
D48F,D,48,F,0.17500208825682154,Benign
D48G,D,48,G,0.21174462984506567,Benign
D48H,D,48,H,0.2201822886271982,Benign
D48I,D,48,I,0.28266927892881816,Benign
D48K,D,48,K,0.2995640333542932,Benign
D48L,D,48,L,0.13137439083996386,Benign
D48M,D,48,M,0.3975858730114988,Uncertain
D48N,D,48,N,0.2047940523909776,Benign
D48P,D,48,P,0.13899624537092448,Benign
D48Q,D,48,Q,0.17896385603388468,Benign
D48R,D,48,R,0.3244833867716222,Benign
D48S,D,48,S,0.16274747865226474,Benign
D48T,D,48,T,0.2147331235368259,Benign
D48V,D,48,V,0.3621991090446425,Uncertain
D48W,D,48,W,0.5278446959277042,Uncertain
D48Y,D,48,Y,0.267776836916487,Benign
D49A,D,49,A,0.31492431588002,Benign
D49C,D,49,C,0.4750942156402322,Uncertain
D49E,D,49,E,0.25302585007102096,Benign
D49F,D,49,F,0.4826237197633005,Uncertain
D49G,D,49,G,0.2433430116930129,Benign
D49H,D,49,H,0.41136577572060185,Uncertain
D49I,D,49,I,0.6447035048740375,Pathogenic
D49K,D,49,K,0.6438641270395854,Pathogenic
D49L,D,49,L,0.3883024413309361,Uncertain
D49M,D,49,M,0.5338644588819899,Uncertain
D49N,D,49,N,0.2623921188080954,Benign
D49P,D,49,P,0.3071937886726197,Benign
D49Q,D,49,Q,0.4910983773621741,Uncertain
D49R,D,49,R,0.3640603683391338,Uncertain
D49S,D,49,S,0.345054421019294,Benign
D49T,D,49,T,0.25616141844809137,Benign
D49V,D,49,V,0.469449976205272,Uncertain
D49W,D,49,W,0.4368295511322409,Uncertain
D49Y,D,49,Y,0.6510084324964707,Pathogenic
I50A,I,50,A,0.10551781326026284,Benign
I50C,I,50,C,0.338496534338338,Benign
I50D,I,50,D,0.12299119235609615,Benign
I50E,I,50,E,0.1309096031698885,Benign
I50F,I,50,F,0.09518374805131737,Benign
I50G,I,50,G,0.14897457934614,Benign
I50H,I,50,H,0.13512770664254514,Benign
I50K,I,50,K,0.2417043237257655,Benign
I50L,I,50,L,0.07242260468896837,Benign
I50M,I,50,M,0.1274113720541669,Benign
I50N,I,50,N,0.14297429403992232,Benign
I50P,I,50,P,0.16622903059236366,Benign
I50Q,I,50,Q,0.2463204013046135,Benign
I50R,I,50,R,0.2408607212154509,Benign
I50S,I,50,S,0.1409691619456762,Benign
I50T,I,50,T,0.1881021039237526,Benign
I50V,I,50,V,0.08365375182744668,Benign
I50W,I,50,W,0.3696216209899325,Uncertain
I50Y,I,50,Y,0.2189823621692113,Benign
E51A,E,51,A,0.07652726412537945,Benign
E51C,E,51,C,0.1962652982544191,Benign
E51D,E,51,D,0.14602247544803926,Benign
E51F,E,51,F,0.3832348369976343,Uncertain
E51G,E,51,G,0.25796360095158793,Benign
E51H,E,51,H,0.19437539886651167,Benign
E51I,E,51,I,0.1954319045358221,Benign
E51K,E,51,K,0.27729122057883177,Benign
E51L,E,51,L,0.12613050173951582,Benign
E51M,E,51,M,0.1909859938316416,Benign
E51N,E,51,N,0.1593690026828096,Benign
E51P,E,51,P,0.1447097417764468,Benign
E51Q,E,51,Q,0.11703557273350633,Benign
E51R,E,51,R,0.2565190639250472,Benign
E51S,E,51,S,0.13772274298090798,Benign
E51T,E,51,T,0.1139848049290526,Benign
E51V,E,51,V,0.28580026051882124,Benign
E51W,E,51,W,0.40568556344554296,Uncertain
E51Y,E,51,Y,0.5383434660274079,Uncertain
Q52A,Q,52,A,0.1273411563509465,Benign
Q52C,Q,52,C,0.4190957665091093,Uncertain
Q52D,Q,52,D,0.08524435045710073,Benign
Q52E,Q,52,E,0.10389827446677144,Benign
Q52F,Q,52,F,0.2133282774027932,Benign
Q52G,Q,52,G,0.17523290009699946,Benign
Q52H,Q,52,H,0.18591618477939856,Benign
Q52I,Q,52,I,0.2760472281950974,Benign
Q52K,Q,52,K,0.27388361723125154,Benign
Q52L,Q,52,L,0.11800566338697233,Benign
Q52M,Q,52,M,0.2141195213279857,Benign
Q52N,Q,52,N,0.07870469126265607,Benign
Q52P,Q,52,P,0.15177646960674807,Benign
Q52R,Q,52,R,0.2435124866101257,Benign
Q52S,Q,52,S,0.10422299808173856,Benign
Q52T,Q,52,T,0.12331337422060495,Benign
Q52V,Q,52,V,0.2161116157596238,Benign
Q52W,Q,52,W,0.2757840653616822,Benign
Q52Y,Q,52,Y,0.19465110407395653,Benign
W53A,W,53,A,0.19217565682390034,Benign
W53C,W,53,C,0.4233278562249666,Uncertain
W53D,W,53,D,0.33051077497123355,Benign
W53E,W,53,E,0.2931946206411301,Benign
W53F,W,53,F,0.21889006151746515,Benign
W53G,W,53,G,0.3184463904277597,Benign
W53H,W,53,H,0.5889589030598724,Uncertain
W53I,W,53,I,0.3023199441749733,Benign
W53K,W,53,K,0.7514442679189235,Pathogenic
W53L,W,53,L,0.16901668646488022,Benign
W53M,W,53,M,0.3836490377897023,Uncertain
W53N,W,53,N,0.2603055343021395,Benign
W53P,W,53,P,0.3971226145050447,Uncertain
W53Q,W,53,Q,0.34924785805904124,Benign
W53R,W,53,R,0.4398526323722951,Uncertain
W53S,W,53,S,0.19894199948071373,Benign
W53T,W,53,T,0.4337495750061002,Uncertain
W53V,W,53,V,0.3183871617025832,Benign
W53Y,W,53,Y,0.4836690540772012,Uncertain
F54A,F,54,A,0.363276364835554,Uncertain
F54C,F,54,C,0.2910476934782978,Benign
F54D,F,54,D,0.2169104110921745,Benign
F54E,F,54,E,0.4382407967597513,Uncertain
F54G,F,54,G,0.2779484270458975,Benign
F54H,F,54,H,0.251935220190087,Benign
F54I,F,54,I,0.17664536195821345,Benign
F54K,F,54,K,0.4654231255972831,Uncertain
F54L,F,54,L,0.052956377488864136,Benign
F54M,F,54,M,0.09338982345032576,Benign
F54N,F,54,N,0.4744226751233995,Uncertain
F54P,F,54,P,0.2159042320822481,Benign
F54Q,F,54,Q,0.2432686511257089,Benign
F54R,F,54,R,0.5053994121387471,Uncertain
F54S,F,54,S,0.23174446440557736,Benign
F54T,F,54,T,0.17267572743044238,Benign
F54V,F,54,V,0.1448492445595178,Benign
F54W,F,54,W,0.3442634835474142,Benign
F54Y,F,54,Y,0.1921148624362402,Benign
T55A,T,55,A,0.13439755787692828,Benign
T55C,T,55,C,0.20262344819164574,Benign
T55D,T,55,D,0.043128302086508516,Benign
T55E,T,55,E,0.07192679264978573,Benign
T55F,T,55,F,0.2325503698705725,Benign
T55G,T,55,G,0.09991496560349376,Benign
T55H,T,55,H,0.18868439499281334,Benign
T55I,T,55,I,0.3520237449436105,Benign
T55K,T,55,K,0.1925986347874756,Benign
T55L,T,55,L,0.2057232257038092,Benign
T55M,T,55,M,0.10967565818618136,Benign
T55N,T,55,N,0.10726397419066716,Benign
T55P,T,55,P,0.14951138442601472,Benign
T55Q,T,55,Q,0.1233075749054814,Benign
T55R,T,55,R,0.2235414722196768,Benign
T55S,T,55,S,0.07582214604056246,Benign
T55V,T,55,V,0.16815972341041094,Benign
T55W,T,55,W,0.3700064806689216,Uncertain
T55Y,T,55,Y,0.2401302017175669,Benign
E56A,E,56,A,0.1704652446170876,Benign
E56C,E,56,C,0.5795670297466584,Uncertain
E56D,E,56,D,0.12510200021074058,Benign
E56F,E,56,F,0.2896494857611009,Benign
E56G,E,56,G,0.2252245756945779,Benign
E56H,E,56,H,0.4218498080447121,Uncertain
E56I,E,56,I,0.4252383433062125,Uncertain
E56K,E,56,K,0.4470601240990245,Uncertain
E56L,E,56,L,0.15702818894449028,Benign
E56M,E,56,M,0.5370750161735953,Uncertain
E56N,E,56,N,0.13171797804131588,Benign
E56P,E,56,P,0.2161480240517508,Benign
E56Q,E,56,Q,0.11817836824510908,Benign
E56R,E,56,R,0.4557208032847549,Uncertain
E56S,E,56,S,0.1277450132556798,Benign
E56T,E,56,T,0.2951007467805422,Benign
E56V,E,56,V,0.3325267280332571,Benign
E56W,E,56,W,0.5706134758870839,Uncertain
E56Y,E,56,Y,0.4697668417543394,Uncertain
D57A,D,57,A,0.13581488898919156,Benign
D57C,D,57,C,0.33974936836270075,Benign
D57E,D,57,E,0.15308836392084235,Benign
D57F,D,57,F,0.17597090002141386,Benign
D57G,D,57,G,0.1283201889797787,Benign
D57H,D,57,H,0.20460190856730426,Benign
D57I,D,57,I,0.2483968167725476,Benign
D57K,D,57,K,0.21763903640099266,Benign
D57L,D,57,L,0.14095337578444073,Benign
D57M,D,57,M,0.4150411531378958,Uncertain
D57N,D,57,N,0.1359381004850942,Benign
D57P,D,57,P,0.16932195285426727,Benign
D57Q,D,57,Q,0.09560816705362032,Benign
D57R,D,57,R,0.25835021919449697,Benign
D57S,D,57,S,0.10585497741923336,Benign
D57T,D,57,T,0.0798199043652033,Benign
D57V,D,57,V,0.2399835615226953,Benign
D57W,D,57,W,0.4526798392135704,Uncertain
D57Y,D,57,Y,0.229876864143632,Benign
P58A,P,58,A,0.1828869363081629,Benign
P58C,P,58,C,0.403043010223896,Uncertain
P58D,P,58,D,0.5907618594182966,Uncertain
P58E,P,58,E,0.6312381716732679,Uncertain
P58F,P,58,F,0.3075380241277653,Benign
P58G,P,58,G,0.3549477406285949,Benign
P58H,P,58,H,0.4531166519998747,Uncertain
P58I,P,58,I,0.27930079932459645,Benign
P58K,P,58,K,0.6515090321519916,Pathogenic
P58L,P,58,L,0.1052557348427618,Benign
P58M,P,58,M,0.29211924672404804,Benign
P58N,P,58,N,0.3042204232378556,Benign
P58Q,P,58,Q,0.34753519901108554,Benign
P58R,P,58,R,0.69080873386749,Pathogenic
P58S,P,58,S,0.2509859871871949,Benign
P58T,P,58,T,0.3066781301898085,Benign
P58V,P,58,V,0.3460727724239666,Benign
P58W,P,58,W,0.4645885785579118,Uncertain
P58Y,P,58,Y,0.2592090448808827,Benign
G59A,G,59,A,0.26702999806288835,Benign
G59C,G,59,C,0.3436640395375966,Benign
G59D,G,59,D,0.09600891551119993,Benign
G59E,G,59,E,0.169458133515954,Benign
G59F,G,59,F,0.19219486527719115,Benign
G59H,G,59,H,0.4287435342676353,Uncertain
G59I,G,59,I,0.3543980170178307,Benign
G59K,G,59,K,0.4101626913332834,Uncertain
G59L,G,59,L,0.1554960788776494,Benign
G59M,G,59,M,0.6249794316215861,Uncertain
G59N,G,59,N,0.19403542372592245,Benign
G59P,G,59,P,0.1911163592073743,Benign
G59Q,G,59,Q,0.16641143688110593,Benign
G59R,G,59,R,0.4980786385859052,Uncertain
G59S,G,59,S,0.17557397492992205,Benign
G59T,G,59,T,0.3253886744847079,Benign
G59V,G,59,V,0.20232849891251925,Benign
G59W,G,59,W,0.5025587964370466,Uncertain
G59Y,G,59,Y,0.21058386991485334,Benign
D61A,D,61,A,0.19977855901529493,Benign
D61C,D,61,C,0.6520160844925537,Pathogenic
D61E,D,61,E,0.1842800377768103,Benign
D61F,D,61,F,0.4133824468040849,Uncertain
D61G,D,61,G,0.13561413444213882,Benign
D61H,D,61,H,0.3936024711077849,Uncertain
D61I,D,61,I,0.4053986309464331,Uncertain
D61K,D,61,K,0.3738721060356643,Uncertain
D61L,D,61,L,0.1888506856877117,Benign
D61M,D,61,M,0.3375765214601236,Benign
D61N,D,61,N,0.18764643642870507,Benign
D61P,D,61,P,0.21567527017638746,Benign
D61Q,D,61,Q,0.19642588825398885,Benign
D61R,D,61,R,0.2488658850325755,Benign
D61S,D,61,S,0.13113968537207527,Benign
D61T,D,61,T,0.15909948845633806,Benign
D61V,D,61,V,0.18637955446368887,Benign
D61W,D,61,W,0.6372363525555805,Uncertain
D61Y,D,61,Y,0.3069645121217945,Benign
E62A,E,62,A,0.17385599864827905,Benign
E62C,E,62,C,0.371647188768093,Uncertain
E62D,E,62,D,0.19348637301859567,Benign
E62F,E,62,F,0.22024544996787326,Benign
E62G,E,62,G,0.19940813446410355,Benign
E62H,E,62,H,0.31912594732616234,Benign
E62I,E,62,I,0.1849810265686567,Benign
E62K,E,62,K,0.35461071575154834,Benign
E62L,E,62,L,0.20644911341167704,Benign
E62M,E,62,M,0.3189262634244106,Benign
E62N,E,62,N,0.15077903816441274,Benign
E62P,E,62,P,0.22620119342046674,Benign
E62Q,E,62,Q,0.10714913435052208,Benign
E62R,E,62,R,0.2631033617882685,Benign
E62S,E,62,S,0.14063361999206545,Benign
E62T,E,62,T,0.14742953490002128,Benign
E62V,E,62,V,0.2423863938602034,Benign
E62W,E,62,W,0.5601724422459778,Uncertain
E62Y,E,62,Y,0.23203110630674675,Benign
A63C,A,63,C,0.3467917299459467,Benign
A63D,A,63,D,0.17580273273262165,Benign
A63E,A,63,E,0.17871277217307285,Benign
A63F,A,63,F,0.19638326597507752,Benign
A63G,A,63,G,0.3036527104541834,Benign
A63H,A,63,H,0.470182339495287,Uncertain
A63I,A,63,I,0.2309376191670923,Benign
A63K,A,63,K,0.28202506113803205,Benign
A63L,A,63,L,0.1691553636258501,Benign
A63M,A,63,M,0.36944455840722895,Uncertain
A63N,A,63,N,0.26009294077127165,Benign
A63P,A,63,P,0.7076233240948565,Pathogenic
A63Q,A,63,Q,0.17259055391944025,Benign
A63R,A,63,R,0.636017786089599,Uncertain
A63S,A,63,S,0.14336681878646698,Benign
A63T,A,63,T,0.17796774725162087,Benign
A63V,A,63,V,0.19891207592342755,Benign
A63W,A,63,W,0.3461133031056096,Benign
A63Y,A,63,Y,0.4288851302337945,Uncertain
P64A,P,64,A,0.14982775774985554,Benign
P64C,P,64,C,0.3632342134261219,Uncertain
P64D,P,64,D,0.17103733711743124,Benign
P64E,P,64,E,0.13966595228432627,Benign
P64F,P,64,F,0.19663586131374924,Benign
P64G,P,64,G,0.23085163343487425,Benign
P64H,P,64,H,0.2325582425069517,Benign
P64I,P,64,I,0.2968016836659082,Benign
P64K,P,64,K,0.2564492424108224,Benign
P64L,P,64,L,0.13864617926837414,Benign
P64M,P,64,M,0.2691942649073997,Benign
P64N,P,64,N,0.2126796845304116,Benign
P64Q,P,64,Q,0.1681156293015633,Benign
P64R,P,64,R,0.3293429685178569,Benign
P64S,P,64,S,0.11127826125282997,Benign
P64T,P,64,T,0.1480839903705566,Benign
P64V,P,64,V,0.20474256229236967,Benign
P64W,P,64,W,0.2248975106720779,Benign
P64Y,P,64,Y,0.5337340278904995,Uncertain
R65A,R,65,A,0.053888454681420034,Benign
R65C,R,65,C,0.20852805031092306,Benign
R65D,R,65,D,0.055969268993691625,Benign
R65E,R,65,E,0.06955038183268125,Benign
R65F,R,65,F,0.2545150440026267,Benign
R65G,R,65,G,0.09321029266606223,Benign
R65H,R,65,H,0.11703739281226012,Benign
R65I,R,65,I,0.14662731810480173,Benign
R65K,R,65,K,0.1188462234498783,Benign
R65L,R,65,L,0.0757301010436888,Benign
R65M,R,65,M,0.17067532599116814,Benign
R65N,R,65,N,0.07715288653342661,Benign
R65P,R,65,P,0.0990991583492594,Benign
R65Q,R,65,Q,0.0743445092538888,Benign
R65S,R,65,S,0.0706894892529764,Benign
R65T,R,65,T,0.0456139598518454,Benign
R65V,R,65,V,0.09694595889682878,Benign
R65W,R,65,W,0.2102938802549736,Benign
R65Y,R,65,Y,0.17806179075264353,Benign
M66A,M,66,A,0.1409736694832945,Benign
M66C,M,66,C,0.2037192250008749,Benign
M66D,M,66,D,0.11479733960699375,Benign
M66E,M,66,E,0.1021389134772326,Benign
M66F,M,66,F,0.11127654687759536,Benign
M66G,M,66,G,0.17121163845241233,Benign
M66H,M,66,H,0.20543020869299952,Benign
M66I,M,66,I,0.10838048107748104,Benign
M66K,M,66,K,0.22387776324778846,Benign
M66L,M,66,L,0.08693797591278699,Benign
M66N,M,66,N,0.1055323057811838,Benign
M66P,M,66,P,0.1338269085744932,Benign
M66Q,M,66,Q,0.15188939990468228,Benign
M66R,M,66,R,0.3252733371123224,Benign
M66S,M,66,S,0.08399892379919724,Benign
M66T,M,66,T,0.10330421029507496,Benign
M66V,M,66,V,0.08703395797514618,Benign
M66W,M,66,W,0.3080602442146897,Benign
M66Y,M,66,Y,0.14499356039784256,Benign
P67A,P,67,A,0.2258000786599073,Benign
P67C,P,67,C,0.4088897050267252,Uncertain
P67D,P,67,D,0.2582666922717142,Benign
P67E,P,67,E,0.12645030815540526,Benign
P67F,P,67,F,0.21455245816568205,Benign
P67G,P,67,G,0.1686428884846579,Benign
P67H,P,67,H,0.2989537204525607,Benign
P67I,P,67,I,0.34664668320383146,Benign
P67K,P,67,K,0.5008273558785306,Uncertain
P67L,P,67,L,0.20743524612063471,Benign
P67M,P,67,M,0.4832778607414907,Uncertain
P67N,P,67,N,0.4244333262189858,Uncertain
P67Q,P,67,Q,0.2226072508394229,Benign
P67R,P,67,R,0.4526936961113733,Uncertain
P67S,P,67,S,0.11531419558274285,Benign
P67T,P,67,T,0.3111898396483486,Benign
P67V,P,67,V,0.2962773275472808,Benign
P67W,P,67,W,0.6952941771716743,Pathogenic
P67Y,P,67,Y,0.2994775084277331,Benign
E68A,E,68,A,0.1334896716858853,Benign
E68C,E,68,C,0.6467062862004216,Pathogenic
E68D,E,68,D,0.15341835430153106,Benign
E68F,E,68,F,0.29397364891271355,Benign
E68G,E,68,G,0.1837828886476212,Benign
E68H,E,68,H,0.3027618705217391,Benign
E68I,E,68,I,0.4366388506480574,Uncertain
E68K,E,68,K,0.5192707651710444,Uncertain
E68L,E,68,L,0.20941245248181906,Benign
E68M,E,68,M,0.42640716587175903,Uncertain
E68N,E,68,N,0.2726038141679785,Benign
E68P,E,68,P,0.22847318136434064,Benign
E68Q,E,68,Q,0.2904490654556962,Benign
E68R,E,68,R,0.5441714700619938,Uncertain
E68S,E,68,S,0.2394913902464025,Benign
E68T,E,68,T,0.2031160858163156,Benign
E68V,E,68,V,0.40168706223378137,Uncertain
E68W,E,68,W,0.6074794825240458,Uncertain
E68Y,E,68,Y,0.17494731896633098,Benign
A69C,A,69,C,0.383693003154384,Uncertain
A69D,A,69,D,0.1480505922821772,Benign
A69E,A,69,E,0.11979086737548485,Benign
A69F,A,69,F,0.20184809447529853,Benign
A69G,A,69,G,0.1804787056882532,Benign
A69H,A,69,H,0.2945542159420516,Benign
A69I,A,69,I,0.2931946206411301,Benign
A69K,A,69,K,0.26999778404846075,Benign
A69L,A,69,L,0.10302824811507047,Benign
A69M,A,69,M,0.2840201168168385,Benign
A69N,A,69,N,0.2568947122543622,Benign
A69P,A,69,P,0.13686738973943535,Benign
A69Q,A,69,Q,0.17678526868600455,Benign
A69R,A,69,R,0.35951391771804786,Uncertain
A69S,A,69,S,0.0951011266679256,Benign
A69T,A,69,T,0.19144748759100594,Benign
A69V,A,69,V,0.17457311133368306,Benign
A69W,A,69,W,0.5340166658663588,Uncertain
A69Y,A,69,Y,0.34526829567822714,Benign
A70C,A,70,C,0.35903611176371697,Benign
A70D,A,70,D,0.11619189106933167,Benign
A70E,A,70,E,0.0881528016481489,Benign
A70F,A,70,F,0.15080095890898093,Benign
A70G,A,70,G,0.1276947010545352,Benign
A70H,A,70,H,0.2177674644692557,Benign
A70I,A,70,I,0.1415138250669392,Benign
A70K,A,70,K,0.17681443374934094,Benign
A70L,A,70,L,0.11918365746100128,Benign
A70M,A,70,M,0.22582679298084085,Benign
A70N,A,70,N,0.18129548420551872,Benign
A70P,A,70,P,0.07729362139769512,Benign
A70Q,A,70,Q,0.09975056694202382,Benign
A70R,A,70,R,0.2433182221876717,Benign
A70S,A,70,S,0.13955221912526505,Benign
A70T,A,70,T,0.16605771830590385,Benign
A70V,A,70,V,0.17285190873784004,Benign
A70W,A,70,W,0.42782023812832976,Uncertain
A70Y,A,70,Y,0.3249823972207881,Benign
P71A,P,71,A,0.0945350561242311,Benign
P71C,P,71,C,0.1759215916540965,Benign
P71D,P,71,D,0.11186107986572508,Benign
P71E,P,71,E,0.10619178876711588,Benign
P71F,P,71,F,0.23463982637355266,Benign
P71G,P,71,G,0.16799993585580586,Benign
P71H,P,71,H,0.30798186805103833,Benign
P71I,P,71,I,0.2373802990899,Benign
P71K,P,71,K,0.34448268644290114,Benign
P71L,P,71,L,0.11408710659662655,Benign
P71M,P,71,M,0.0989482867562991,Benign
P71N,P,71,N,0.1305787707713075,Benign
P71Q,P,71,Q,0.1829384349169852,Benign
P71R,P,71,R,0.1985301411749134,Benign
P71S,P,71,S,0.09971290596277073,Benign
P71T,P,71,T,0.13167002216095328,Benign
P71V,P,71,V,0.13326961806471527,Benign
P71W,P,71,W,0.4404749576120463,Uncertain
P71Y,P,71,Y,0.18431975451775626,Benign
P72A,P,72,A,0.08651334771832174,Benign
P72C,P,72,C,0.3110210476538448,Benign
P72D,P,72,D,0.1570996297320153,Benign
P72E,P,72,E,0.14382978958112888,Benign
P72F,P,72,F,0.15439317684244172,Benign
P72G,P,72,G,0.15369437923271545,Benign
P72H,P,72,H,0.14757917137662174,Benign
P72I,P,72,I,0.3597709771589349,Uncertain
P72K,P,72,K,0.2623295784820273,Benign
P72L,P,72,L,0.13861078489448245,Benign
P72M,P,72,M,0.23084381591471245,Benign
P72N,P,72,N,0.2004613284216845,Benign
P72Q,P,72,Q,0.12007521279513418,Benign
P72R,P,72,R,0.444768046836399,Uncertain
P72S,P,72,S,0.1338778959862313,Benign
P72T,P,72,T,0.16092881380195334,Benign
P72V,P,72,V,0.2291661209028333,Benign
P72W,P,72,W,0.3126490486752521,Benign
P72Y,P,72,Y,0.2655155484536714,Benign
V73A,V,73,A,0.11094462269715652,Benign
V73C,V,73,C,0.3083112000204881,Benign
V73D,V,73,D,0.16833072774504673,Benign
V73E,V,73,E,0.10905091520396397,Benign
V73F,V,73,F,0.1219122216442454,Benign
V73G,V,73,G,0.1557839459046773,Benign
V73H,V,73,H,0.4000109200629178,Uncertain
V73I,V,73,I,0.27728178098434997,Benign
V73K,V,73,K,0.3731642047874687,Uncertain
V73L,V,73,L,0.08218720969146201,Benign
V73M,V,73,M,0.14729192866585894,Benign
V73N,V,73,N,0.2935139851327456,Benign
V73P,V,73,P,0.2484094818040277,Benign
V73Q,V,73,Q,0.16242640995594734,Benign
V73R,V,73,R,0.4362711876555239,Uncertain
V73S,V,73,S,0.11777096361297586,Benign
V73T,V,73,T,0.15081070529005364,Benign
V73W,V,73,W,0.549375353856671,Uncertain
V73Y,V,73,Y,0.21414475280451148,Benign
A74C,A,74,C,0.3969040091565673,Uncertain
A74D,A,74,D,0.12081404778333504,Benign
A74E,A,74,E,0.14412782054305973,Benign
A74F,A,74,F,0.1629894155047205,Benign
A74G,A,74,G,0.14303848332141395,Benign
A74H,A,74,H,0.2976252982803572,Benign
A74I,A,74,I,0.1999958246383101,Benign
A74K,A,74,K,0.2891323498095521,Benign
A74L,A,74,L,0.11519989732743235,Benign
A74M,A,74,M,0.22090416718506448,Benign
A74N,A,74,N,0.3209498984875098,Benign
A74P,A,74,P,0.10872009495753478,Benign
A74Q,A,74,Q,0.11016391210534256,Benign
A74R,A,74,R,0.2494291383150998,Benign
A74S,A,74,S,0.14242545568658474,Benign
A74T,A,74,T,0.16567775180403055,Benign
A74V,A,74,V,0.18947650838662328,Benign
A74W,A,74,W,0.4443625373720059,Uncertain
A74Y,A,74,Y,0.17806179075264353,Benign
P75A,P,75,A,0.1883429177116644,Benign
P75C,P,75,C,0.6816110119573231,Pathogenic
P75D,P,75,D,0.2824335504896528,Benign
P75E,P,75,E,0.16965567271630275,Benign
P75F,P,75,F,0.2254644939414792,Benign
P75G,P,75,G,0.1811216129833673,Benign
P75H,P,75,H,0.2527505835212011,Benign
P75I,P,75,I,0.35298249458106085,Benign
P75K,P,75,K,0.3419169680362761,Benign
P75L,P,75,L,0.1918175782669656,Benign
P75M,P,75,M,0.31114236402676515,Benign
P75N,P,75,N,0.1516244183307935,Benign
P75Q,P,75,Q,0.14526167604470028,Benign
P75R,P,75,R,0.2431654076035502,Benign
P75S,P,75,S,0.2275899456772037,Benign
P75T,P,75,T,0.25110123959162456,Benign
P75V,P,75,V,0.2737670290716105,Benign
P75W,P,75,W,0.6678537405407758,Pathogenic
P75Y,P,75,Y,0.3186565960978994,Benign
A76C,A,76,C,0.271177551719745,Benign
A76D,A,76,D,0.1913614570477426,Benign
A76E,A,76,E,0.1326203773966009,Benign
A76F,A,76,F,0.4980140923005314,Uncertain
A76G,A,76,G,0.21389981990268964,Benign
A76H,A,76,H,0.2729290022084576,Benign
A76I,A,76,I,0.3310514045014011,Benign
A76K,A,76,K,0.2391178893411637,Benign
A76L,A,76,L,0.25155422737750843,Benign
A76M,A,76,M,0.2780194395676731,Benign
A76N,A,76,N,0.17968088867839385,Benign
A76P,A,76,P,0.16998735448110516,Benign
A76Q,A,76,Q,0.15307845360881267,Benign
A76R,A,76,R,0.5564306042656093,Uncertain
A76S,A,76,S,0.14721133014999024,Benign
A76T,A,76,T,0.16560728999245627,Benign
A76V,A,76,V,0.12060107070736233,Benign
A76W,A,76,W,0.6417312495916061,Pathogenic
A76Y,A,76,Y,0.3142422841064877,Benign
P77A,P,77,A,0.17645901118778856,Benign
P77C,P,77,C,0.40886346678923946,Uncertain
P77D,P,77,D,0.2680186266396004,Benign
P77E,P,77,E,0.2173494711959401,Benign
P77F,P,77,F,0.3836427631974598,Uncertain
P77G,P,77,G,0.26202606495720626,Benign
P77H,P,77,H,0.28145413742479514,Benign
P77I,P,77,I,0.2643606696680117,Benign
P77K,P,77,K,0.2768382096771048,Benign
P77L,P,77,L,0.1871484786701923,Benign
P77M,P,77,M,0.47701175834896103,Uncertain
P77N,P,77,N,0.3619767342589903,Uncertain
P77Q,P,77,Q,0.1699817726964896,Benign
P77R,P,77,R,0.4359240668650977,Uncertain
P77S,P,77,S,0.1463492542983864,Benign
P77T,P,77,T,0.14112937338505985,Benign
P77V,P,77,V,0.2237794588789482,Benign
P77W,P,77,W,0.3946197572959923,Uncertain
P77Y,P,77,Y,0.2425798638564041,Benign
A78C,A,78,C,0.4767143857320794,Uncertain
A78D,A,78,D,0.3429160354176796,Benign
A78E,A,78,E,0.12757605600169966,Benign
A78F,A,78,F,0.2623921188080954,Benign
A78G,A,78,G,0.2510927056746807,Benign
A78H,A,78,H,0.3636682010436944,Uncertain
A78I,A,78,I,0.2947396357222249,Benign
A78K,A,78,K,0.4758580567093866,Uncertain
A78L,A,78,L,0.22869359435595799,Benign
A78M,A,78,M,0.4014278948840164,Uncertain
A78N,A,78,N,0.3823134420096141,Uncertain
A78P,A,78,P,0.2025793424385452,Benign
A78Q,A,78,Q,0.2424604645724287,Benign
A78R,A,78,R,0.4342247372212121,Uncertain
A78S,A,78,S,0.2259871688805949,Benign
A78T,A,78,T,0.17755111572493446,Benign
A78V,A,78,V,0.23091807774193826,Benign
A78W,A,78,W,0.6685209877398629,Pathogenic
A78Y,A,78,Y,0.6136677705794499,Uncertain
A79C,A,79,C,0.6784083895983847,Pathogenic
A79D,A,79,D,0.3003490093597633,Benign
A79E,A,79,E,0.26465341763834666,Benign
A79F,A,79,F,0.2768664998462628,Benign
A79G,A,79,G,0.27572299929570665,Benign
A79H,A,79,H,0.3288159066815662,Benign
A79I,A,79,I,0.3484722259742305,Benign
A79K,A,79,K,0.6374014619348979,Uncertain
A79L,A,79,L,0.24829973824024584,Benign
A79M,A,79,M,0.5172834384934987,Uncertain
A79N,A,79,N,0.30986301469949834,Benign
A79P,A,79,P,0.24181512693040114,Benign
A79Q,A,79,Q,0.17503957406912912,Benign
A79R,A,79,R,0.6350872647630791,Uncertain
A79S,A,79,S,0.20093810461874456,Benign
A79T,A,79,T,0.2443368009767749,Benign
A79V,A,79,V,0.2341751027015213,Benign
A79W,A,79,W,0.496709225818249,Uncertain
A79Y,A,79,Y,0.4745286827368891,Uncertain
P80A,P,80,A,0.44207042451684103,Uncertain
P80C,P,80,C,0.6370987664087054,Uncertain
P80D,P,80,D,0.4616549002493955,Uncertain
P80E,P,80,E,0.3848432410171373,Uncertain
P80F,P,80,F,0.5939483063198839,Uncertain
P80G,P,80,G,0.2586933972614848,Benign
P80H,P,80,H,0.4519383252597493,Uncertain
P80I,P,80,I,0.6265112390014046,Uncertain
P80K,P,80,K,0.5376838660419533,Uncertain
P80L,P,80,L,0.36073468752290017,Uncertain
P80M,P,80,M,0.6124565105517069,Uncertain
P80N,P,80,N,0.4331390250349261,Uncertain
P80Q,P,80,Q,0.5140771026111771,Uncertain
P80R,P,80,R,0.7371610052396593,Pathogenic
P80S,P,80,S,0.2879586789260091,Benign
P80T,P,80,T,0.5107585467517903,Uncertain
P80V,P,80,V,0.4287232831470572,Uncertain
P80W,P,80,W,0.8394452139085194,Pathogenic
P80Y,P,80,Y,0.7254648118853111,Pathogenic
T81A,T,81,A,0.09900352482900936,Benign
T81C,T,81,C,0.5077967189218989,Uncertain
T81D,T,81,D,0.19437539886651167,Benign
T81E,T,81,E,0.13137855034236798,Benign
T81F,T,81,F,0.4612703802635385,Uncertain
T81G,T,81,G,0.1587994828957392,Benign
T81H,T,81,H,0.3242697752196821,Benign
T81I,T,81,I,0.14352094983344602,Benign
T81K,T,81,K,0.2894720787181111,Benign
T81L,T,81,L,0.18412738115774915,Benign
T81M,T,81,M,0.21846237503181154,Benign
T81N,T,81,N,0.2576959564211544,Benign
T81P,T,81,P,0.10993382851252684,Benign
T81Q,T,81,Q,0.1111121515595246,Benign
T81R,T,81,R,0.2923678243354417,Benign
T81S,T,81,S,0.1303827990926751,Benign
T81V,T,81,V,0.0939098525477974,Benign
T81W,T,81,W,0.3281124147896584,Benign
T81Y,T,81,Y,0.35615608103774193,Benign
P82A,P,82,A,0.2072299605238784,Benign
P82C,P,82,C,0.7922935154769027,Pathogenic
P82D,P,82,D,0.3925231547192354,Uncertain
P82E,P,82,E,0.2663351669858817,Benign
P82F,P,82,F,0.509706052004539,Uncertain
P82G,P,82,G,0.4046298087209658,Uncertain
P82H,P,82,H,0.7205909304412887,Pathogenic
P82I,P,82,I,0.4940162304052205,Uncertain
P82K,P,82,K,0.5552721061817479,Uncertain
P82L,P,82,L,0.2575556597636467,Benign
P82M,P,82,M,0.4882281903256479,Uncertain
P82N,P,82,N,0.5312850563469789,Uncertain
P82Q,P,82,Q,0.332067869685599,Benign
P82R,P,82,R,0.7179557593642751,Pathogenic
P82S,P,82,S,0.13286025447854735,Benign
P82T,P,82,T,0.3974185722120782,Uncertain
P82V,P,82,V,0.300048050628498,Benign
P82W,P,82,W,0.7973285336188293,Pathogenic
P82Y,P,82,Y,0.522076438219286,Uncertain
A83C,A,83,C,0.6405120291850648,Uncertain
A83D,A,83,D,0.37655271286319897,Uncertain
A83E,A,83,E,0.1811006431650596,Benign
A83F,A,83,F,0.4520076048936959,Uncertain
A83G,A,83,G,0.31755851445812444,Benign
A83H,A,83,H,0.47307355615631497,Uncertain
A83I,A,83,I,0.3980687983065536,Uncertain
A83K,A,83,K,0.5369590434596879,Uncertain
A83L,A,83,L,0.2338103720215141,Benign
A83M,A,83,M,0.2918410730045043,Benign
A83N,A,83,N,0.4102480676059487,Uncertain
A83P,A,83,P,0.3209607448319455,Benign
A83Q,A,83,Q,0.24421234243926265,Benign
A83R,A,83,R,0.5741970646643597,Uncertain
A83S,A,83,S,0.25518269479414,Benign
A83T,A,83,T,0.2605404593977169,Benign
A83V,A,83,V,0.19428143483975446,Benign
A83W,A,83,W,0.7028411319735579,Pathogenic
A83Y,A,83,Y,0.2437317379962192,Benign
A84C,A,84,C,0.5953895584241033,Uncertain
A84D,A,84,D,0.3689930332125205,Uncertain
A84E,A,84,E,0.2302584462339177,Benign
A84F,A,84,F,0.5752417020670202,Uncertain
A84G,A,84,G,0.6452694082943919,Pathogenic
A84H,A,84,H,0.5127420285090436,Uncertain
A84I,A,84,I,0.24086889863533706,Benign
A84K,A,84,K,0.5451500509676879,Uncertain
A84L,A,84,L,0.24420405254871164,Benign
A84M,A,84,M,0.4466880654099565,Uncertain
A84N,A,84,N,0.3438714509393581,Benign
A84P,A,84,P,0.22180073820060311,Benign
A84Q,A,84,Q,0.440468120372051,Uncertain
A84R,A,84,R,0.6500197876912202,Pathogenic
A84S,A,84,S,0.3097842043286472,Benign
A84T,A,84,T,0.2592090448808827,Benign
A84V,A,84,V,0.2045436130872142,Benign
A84W,A,84,W,0.7023684063542036,Pathogenic
A84Y,A,84,Y,0.4087979241839934,Uncertain
P85A,P,85,A,0.33734966544401523,Benign
P85C,P,85,C,0.4964225570256428,Uncertain
P85D,P,85,D,0.6363071116527789,Uncertain
P85E,P,85,E,0.4305257857707861,Uncertain
P85F,P,85,F,0.7302421584535193,Pathogenic
P85G,P,85,G,0.642244434797221,Pathogenic
P85H,P,85,H,0.6872411019606465,Pathogenic
P85I,P,85,I,0.6773608752867258,Pathogenic
P85K,P,85,K,0.7157166098271259,Pathogenic
P85L,P,85,L,0.30378680538170405,Benign
P85M,P,85,M,0.439422046395056,Uncertain
P85N,P,85,N,0.5432944056059849,Uncertain
P85Q,P,85,Q,0.3499196681442415,Benign
P85R,P,85,R,0.7167198895452528,Pathogenic
P85S,P,85,S,0.19556890092927973,Benign
P85T,P,85,T,0.4815436264702558,Uncertain
P85V,P,85,V,0.4894413669026795,Uncertain
P85W,P,85,W,0.8732862548351867,Pathogenic
P85Y,P,85,Y,0.5729069116837622,Uncertain
A86C,A,86,C,0.5487593860901187,Uncertain
A86D,A,86,D,0.4570428322313406,Uncertain
A86E,A,86,E,0.35507791184651977,Benign
A86F,A,86,F,0.5563726578117396,Uncertain
A86G,A,86,G,0.42921569205056537,Uncertain
A86H,A,86,H,0.4485223551819293,Uncertain
A86I,A,86,I,0.3821005820660991,Uncertain
A86K,A,86,K,0.32380457254519296,Benign
A86L,A,86,L,0.2476760005078274,Benign
A86M,A,86,M,0.4971966601789953,Uncertain
A86N,A,86,N,0.2396621086679521,Benign
A86P,A,86,P,0.13668443203013989,Benign
A86Q,A,86,Q,0.3142422841064877,Benign
A86R,A,86,R,0.5410544901103567,Uncertain
A86S,A,86,S,0.2548182901448874,Benign
A86T,A,86,T,0.13404802054025114,Benign
A86V,A,86,V,0.2625529668491328,Benign
A86W,A,86,W,0.7615790030186842,Pathogenic
A86Y,A,86,Y,0.5319370917786317,Uncertain
P87A,P,87,A,0.3355058212136823,Benign
P87C,P,87,C,0.7827444568173867,Pathogenic
P87D,P,87,D,0.5439177942701348,Uncertain
P87E,P,87,E,0.3374800619358453,Benign
P87F,P,87,F,0.6860232315291812,Pathogenic
P87G,P,87,G,0.5093168712945972,Uncertain
P87H,P,87,H,0.5373794270091634,Uncertain
P87I,P,87,I,0.5533745957991081,Uncertain
P87K,P,87,K,0.3904215225863201,Uncertain
P87L,P,87,L,0.3190126115345936,Benign
P87M,P,87,M,0.5529544646686555,Uncertain
P87N,P,87,N,0.40892901604649307,Uncertain
P87Q,P,87,Q,0.33613266768125,Benign
P87R,P,87,R,0.6449149066174635,Pathogenic
P87S,P,87,S,0.32469169791174896,Benign
P87T,P,87,T,0.3399833158356033,Benign
P87V,P,87,V,0.4549214814568258,Uncertain
P87W,P,87,W,0.8326843192068462,Pathogenic
P87Y,P,87,Y,0.567964526750438,Uncertain
A88C,A,88,C,0.8365980978062719,Pathogenic
A88D,A,88,D,0.2424028444724563,Benign
A88E,A,88,E,0.21836663202948195,Benign
A88F,A,88,F,0.5353500415022732,Uncertain
A88G,A,88,G,0.4506784065147314,Uncertain
A88H,A,88,H,0.5647064470675872,Uncertain
A88I,A,88,I,0.6970325688910519,Pathogenic
A88K,A,88,K,0.5095907291429174,Uncertain
A88L,A,88,L,0.32569643053304576,Benign
A88M,A,88,M,0.5613226626671584,Uncertain
A88N,A,88,N,0.460983859013646,Uncertain
A88P,A,88,P,0.20868568030358006,Benign
A88Q,A,88,Q,0.4773091606490859,Uncertain
A88R,A,88,R,0.7063843319536889,Pathogenic
A88S,A,88,S,0.24353729687911305,Benign
A88T,A,88,T,0.3676896683215463,Uncertain
A88V,A,88,V,0.2589092301049727,Benign
A88W,A,88,W,0.8027666807148433,Pathogenic
A88Y,A,88,Y,0.6488738538181026,Pathogenic
P89A,P,89,A,0.1987293084088244,Benign
P89C,P,89,C,0.21992244775781394,Benign
P89D,P,89,D,0.18865930797023905,Benign
P89E,P,89,E,0.17033374171150356,Benign
P89F,P,89,F,0.3658624192777781,Uncertain
P89G,P,89,G,0.14765762353332804,Benign
P89H,P,89,H,0.4090208155143879,Uncertain
P89I,P,89,I,0.2483250586619074,Benign
P89K,P,89,K,0.3178004458894888,Benign
P89L,P,89,L,0.32796303173250424,Benign
P89M,P,89,M,0.4915986646338821,Uncertain
P89N,P,89,N,0.21243656685867526,Benign
P89Q,P,89,Q,0.1962521919839026,Benign
P89R,P,89,R,0.3112003935756711,Benign
P89S,P,89,S,0.1159110461364936,Benign
P89T,P,89,T,0.06828024388327088,Benign
P89V,P,89,V,0.15360479835336555,Benign
P89W,P,89,W,0.6342455547259732,Uncertain
P89Y,P,89,Y,0.2022167415651737,Benign
S90A,S,90,A,0.18947020573166207,Benign
S90C,S,90,C,0.6710253899596637,Pathogenic
S90D,S,90,D,0.4992121530358031,Uncertain
S90E,S,90,E,0.4749669531887859,Uncertain
S90F,S,90,F,0.3777928236743723,Uncertain
S90G,S,90,G,0.21500444019758144,Benign
S90H,S,90,H,0.4300595809106065,Uncertain
S90I,S,90,I,0.3467105021086716,Benign
S90K,S,90,K,0.4607952141594341,Uncertain
S90L,S,90,L,0.2206247861445676,Benign
S90M,S,90,M,0.3638793124797917,Uncertain
S90N,S,90,N,0.3219170672871326,Benign
S90P,S,90,P,0.17035052217198446,Benign
S90Q,S,90,Q,0.4605017793528393,Uncertain
S90R,S,90,R,0.4742884033386207,Uncertain
S90T,S,90,T,0.18990553215293127,Benign
S90V,S,90,V,0.2475329399296273,Benign
S90W,S,90,W,0.8111000903658843,Pathogenic
S90Y,S,90,Y,0.5032919834639275,Uncertain
W91A,W,91,A,0.16573197317487187,Benign
W91C,W,91,C,0.3979528628205107,Uncertain
W91D,W,91,D,0.6438368211893825,Pathogenic
W91E,W,91,E,0.5312995489268908,Uncertain
W91F,W,91,F,0.4629772843582956,Uncertain
W91G,W,91,G,0.5463967359192089,Uncertain
W91H,W,91,H,0.4645605180611411,Uncertain
W91I,W,91,I,0.4026729107984344,Uncertain
W91K,W,91,K,0.44517373830962775,Uncertain
W91L,W,91,L,0.21173038545372724,Benign
W91M,W,91,M,0.4236693702016831,Uncertain
W91N,W,91,N,0.31709662690986257,Benign
W91P,W,91,P,0.1811935357247589,Benign
W91Q,W,91,Q,0.3154260594162634,Benign
W91R,W,91,R,0.5823265366158812,Uncertain
W91S,W,91,S,0.2478907530643326,Benign
W91T,W,91,T,0.2394629463184091,Benign
W91V,W,91,V,0.3133279181613633,Benign
W91Y,W,91,Y,0.4313778663673724,Uncertain
P92A,P,92,A,0.27233929530809714,Benign
P92C,P,92,C,0.8449551278938472,Pathogenic
P92D,P,92,D,0.5599553829968393,Uncertain
P92E,P,92,E,0.6511234554828476,Pathogenic
P92F,P,92,F,0.6535824402666752,Pathogenic
P92G,P,92,G,0.3901164846627567,Uncertain
P92H,P,92,H,0.5413734354407649,Uncertain
P92I,P,92,I,0.4612633944007722,Uncertain
P92K,P,92,K,0.6056746016566975,Uncertain
P92L,P,92,L,0.39286781166352397,Uncertain
P92M,P,92,M,0.7704108440894291,Pathogenic
P92N,P,92,N,0.5823768142926566,Uncertain
P92Q,P,92,Q,0.6434065442338862,Pathogenic
P92R,P,92,R,0.6244357835243066,Uncertain
P92S,P,92,S,0.2985880932133741,Benign
P92T,P,92,T,0.17998704402610305,Benign
P92V,P,92,V,0.33232520758138484,Benign
P92W,P,92,W,0.8514447763315587,Pathogenic
P92Y,P,92,Y,0.6992975954103513,Pathogenic
L93A,L,93,A,0.29022674220469674,Benign
L93C,L,93,C,0.7763620199257255,Pathogenic
L93D,L,93,D,0.6312658531602134,Uncertain
L93E,L,93,E,0.4221505254164478,Uncertain
L93F,L,93,F,0.6766571878438026,Pathogenic
L93G,L,93,G,0.6713278850060923,Pathogenic
L93H,L,93,H,0.5146112714654597,Uncertain
L93I,L,93,I,0.5597672634651744,Uncertain
L93K,L,93,K,0.6386387598677687,Uncertain
L93M,L,93,M,0.75903422179508,Pathogenic
L93N,L,93,N,0.4220101692366517,Uncertain
L93P,L,93,P,0.16876461805067242,Benign
L93Q,L,93,Q,0.5226334144208944,Uncertain
L93R,L,93,R,0.6283046979464155,Uncertain
L93S,L,93,S,0.2437938339982713,Benign
L93T,L,93,T,0.2050791916437253,Benign
L93V,L,93,V,0.4590150218152422,Uncertain
L93W,L,93,W,0.8610604290921441,Pathogenic
L93Y,L,93,Y,0.5727987510152667,Uncertain
S94A,S,94,A,0.36125029798348296,Uncertain
S94C,S,94,C,0.657262605003974,Pathogenic
S94D,S,94,D,0.6537847428920961,Pathogenic
S94E,S,94,E,0.8234067992615183,Pathogenic
S94F,S,94,F,0.7012595894418806,Pathogenic
S94G,S,94,G,0.5341470763005636,Uncertain
S94H,S,94,H,0.8039971343338084,Pathogenic
S94I,S,94,I,0.7034623605275012,Pathogenic
S94K,S,94,K,0.8061598775523904,Pathogenic
S94L,S,94,L,0.6308641668022851,Uncertain
S94M,S,94,M,0.6969444776770568,Pathogenic
S94N,S,94,N,0.6519079275833756,Pathogenic
S94P,S,94,P,0.6123930762202296,Uncertain
S94Q,S,94,Q,0.6105809178475936,Uncertain
S94R,S,94,R,0.7581725837082868,Pathogenic
S94T,S,94,T,0.25452369834473554,Benign
S94V,S,94,V,0.7444615433276995,Pathogenic
S94W,S,94,W,0.8160234098077481,Pathogenic
S94Y,S,94,Y,0.8340946128893232,Pathogenic
S95A,S,95,A,0.5579073865110318,Uncertain
S95C,S,95,C,0.5194081496730949,Uncertain
S95D,S,95,D,0.7700815001353069,Pathogenic
S95E,S,95,E,0.8924834007597797,Pathogenic
S95F,S,95,F,0.8547357637685012,Pathogenic
S95G,S,95,G,0.6233616022855617,Uncertain
S95H,S,95,H,0.8524139662124552,Pathogenic
S95I,S,95,I,0.8169246382989837,Pathogenic
S95K,S,95,K,0.801071500958157,Pathogenic
S95L,S,95,L,0.7848228296806193,Pathogenic
S95M,S,95,M,0.8732152128120036,Pathogenic
S95N,S,95,N,0.6820117289317322,Pathogenic
S95P,S,95,P,0.403043010223896,Uncertain
S95Q,S,95,Q,0.7530615345506297,Pathogenic
S95R,S,95,R,0.8163535443757978,Pathogenic
S95T,S,95,T,0.5315241335976765,Uncertain
S95V,S,95,V,0.7341947525444676,Pathogenic
S95W,S,95,W,0.9085674824017108,Pathogenic
S95Y,S,95,Y,0.8689886626879841,Pathogenic
S96A,S,96,A,0.19804972685564973,Benign
S96C,S,96,C,0.7348834616477965,Pathogenic
S96D,S,96,D,0.4935438921183226,Uncertain
S96E,S,96,E,0.5672712354000445,Uncertain
S96F,S,96,F,0.31760688560397937,Benign
S96G,S,96,G,0.5868819596534638,Uncertain
S96H,S,96,H,0.4309381657622169,Uncertain
S96I,S,96,I,0.2987149986869376,Benign
S96K,S,96,K,0.4589522245397559,Uncertain
S96L,S,96,L,0.4055616544228213,Uncertain
S96M,S,96,M,0.7090555726139376,Pathogenic
S96N,S,96,N,0.4744156121118074,Uncertain
S96P,S,96,P,0.4294316372035829,Uncertain
S96Q,S,96,Q,0.3446096867141908,Benign
S96R,S,96,R,0.5397786837243483,Uncertain
S96T,S,96,T,0.13364862196620514,Benign
S96V,S,96,V,0.19844059015551352,Benign
S96W,S,96,W,0.7599044493686622,Pathogenic
S96Y,S,96,Y,0.6797459740696596,Pathogenic
V97A,V,97,A,0.7769097828897196,Pathogenic
V97C,V,97,C,0.9226113692347814,Pathogenic
V97D,V,97,D,0.8748728680149169,Pathogenic
V97E,V,97,E,0.8623025855847677,Pathogenic
V97F,V,97,F,0.5516722303406096,Uncertain
V97G,V,97,G,0.8802738493848129,Pathogenic
V97H,V,97,H,0.8435944889525681,Pathogenic
V97I,V,97,I,0.30929072576307304,Benign
V97K,V,97,K,0.9377281699982948,Pathogenic
V97L,V,97,L,0.5122514453478779,Uncertain
V97M,V,97,M,0.7321738402317037,Pathogenic
V97N,V,97,N,0.7442189953926531,Pathogenic
V97P,V,97,P,0.7563173324441089,Pathogenic
V97Q,V,97,Q,0.8712772299571828,Pathogenic
V97R,V,97,R,0.9111033271921706,Pathogenic
V97S,V,97,S,0.7545178488799081,Pathogenic
V97T,V,97,T,0.8480463572379742,Pathogenic
V97W,V,97,W,0.8885587213938746,Pathogenic
V97Y,V,97,Y,0.8248171116611895,Pathogenic
P98A,P,98,A,0.9495538674070464,Pathogenic
P98C,P,98,C,0.9572750748483454,Pathogenic
P98D,P,98,D,0.9358711185650962,Pathogenic
P98E,P,98,E,0.9091928468712268,Pathogenic
P98F,P,98,F,0.9426914634836528,Pathogenic
P98G,P,98,G,0.9600963823615216,Pathogenic
P98H,P,98,H,0.8432161036125287,Pathogenic
P98I,P,98,I,0.7282955350361153,Pathogenic
P98K,P,98,K,0.9473784898629996,Pathogenic
P98L,P,98,L,0.5844082288007846,Uncertain
P98M,P,98,M,0.8855053127901839,Pathogenic
P98N,P,98,N,0.9221760845304766,Pathogenic
P98Q,P,98,Q,0.828431930452375,Pathogenic
P98R,P,98,R,0.8991838492547246,Pathogenic
P98S,P,98,S,0.8356920919246855,Pathogenic
P98T,P,98,T,0.8774876627744339,Pathogenic
P98V,P,98,V,0.7256777525401907,Pathogenic
P98W,P,98,W,0.9530405954784528,Pathogenic
P98Y,P,98,Y,0.9113118175295016,Pathogenic
S99A,S,99,A,0.514950575497358,Uncertain
S99C,S,99,C,0.5728492351677431,Uncertain
S99D,S,99,D,0.8446369979763713,Pathogenic
S99E,S,99,E,0.6072601943744101,Uncertain
S99F,S,99,F,0.7512616697732878,Pathogenic
S99G,S,99,G,0.8316047869371725,Pathogenic
S99H,S,99,H,0.8940812889503933,Pathogenic
S99I,S,99,I,0.564113784340821,Uncertain
S99K,S,99,K,0.7008664676643579,Pathogenic
S99L,S,99,L,0.8218500142788412,Pathogenic
S99M,S,99,M,0.8773997996995642,Pathogenic
S99N,S,99,N,0.7983155317446013,Pathogenic
S99P,S,99,P,0.5660938415566078,Uncertain
S99Q,S,99,Q,0.7608423628271819,Pathogenic
S99R,S,99,R,0.8501839468940713,Pathogenic
S99T,S,99,T,0.2864919595421374,Benign
S99V,S,99,V,0.3020889603232915,Benign
S99W,S,99,W,0.861729654666457,Pathogenic
S99Y,S,99,Y,0.8417688630321458,Pathogenic
Q100A,Q,100,A,0.30350320899447103,Benign
Q100C,Q,100,C,0.5121648828244739,Uncertain
Q100D,Q,100,D,0.6103974307107309,Uncertain
Q100E,Q,100,E,0.6218461673954938,Uncertain
Q100F,Q,100,F,0.5391480542338145,Uncertain
Q100G,Q,100,G,0.6211750435847865,Uncertain
Q100H,Q,100,H,0.5691051951237378,Uncertain
Q100I,Q,100,I,0.28335837659807783,Benign
Q100K,Q,100,K,0.5162432116222319,Uncertain
Q100L,Q,100,L,0.35879142588313057,Benign
Q100M,Q,100,M,0.5929772861023117,Uncertain
Q100N,Q,100,N,0.3240069718674329,Benign
Q100P,Q,100,P,0.3167586372764063,Benign
Q100R,Q,100,R,0.3142369553364335,Benign
Q100S,Q,100,S,0.36843225153003534,Uncertain
Q100T,Q,100,T,0.13608525856752776,Benign
Q100V,Q,100,V,0.3744144825306676,Uncertain
Q100W,Q,100,W,0.7909382485691184,Pathogenic
Q100Y,Q,100,Y,0.5777687444791672,Uncertain
K101A,K,101,A,0.4336749055299475,Uncertain
K101C,K,101,C,0.757014960645305,Pathogenic
K101D,K,101,D,0.3597709771589349,Uncertain
K101E,K,101,E,0.21412312309637974,Benign
K101F,K,101,F,0.6493147978910052,Pathogenic
K101G,K,101,G,0.7124559923471757,Pathogenic
K101H,K,101,H,0.6982572911023938,Pathogenic
K101I,K,101,I,0.5839131099364568,Uncertain
K101L,K,101,L,0.6417107157659265,Pathogenic
K101M,K,101,M,0.8118187767546294,Pathogenic
K101N,K,101,N,0.3869047710936018,Uncertain
K101P,K,101,P,0.7469460430566965,Pathogenic
K101Q,K,101,Q,0.3545752749173955,Benign
K101R,K,101,R,0.6256551008237836,Uncertain
K101S,K,101,S,0.22368498920657845,Benign
K101T,K,101,T,0.2439222088056533,Benign
K101V,K,101,V,0.4792581495589448,Uncertain
K101W,K,101,W,0.818245718461889,Pathogenic
K101Y,K,101,Y,0.7197103238715782,Pathogenic
T102A,T,102,A,0.579926555813485,Uncertain
T102C,T,102,C,0.5622918022394565,Uncertain
T102D,T,102,D,0.14739630547882324,Benign
T102E,T,102,E,0.3166835846998329,Benign
T102F,T,102,F,0.7406978160168762,Pathogenic
T102G,T,102,G,0.599115044597411,Uncertain
T102H,T,102,H,0.6013403686782623,Uncertain
T102I,T,102,I,0.5867314760843608,Uncertain
T102K,T,102,K,0.5449615817217477,Uncertain
T102L,T,102,L,0.6947765873720237,Pathogenic
T102M,T,102,M,0.8227067835297397,Pathogenic
T102N,T,102,N,0.1736157901177931,Benign
T102P,T,102,P,0.34958071078360897,Benign
T102Q,T,102,Q,0.5405398086215258,Uncertain
T102R,T,102,R,0.6443555579092853,Pathogenic
T102S,T,102,S,0.3835925382663109,Uncertain
T102V,T,102,V,0.4513773683505583,Uncertain
T102W,T,102,W,0.8222959580163524,Pathogenic
T102Y,T,102,Y,0.729949548058625,Pathogenic
Y103A,Y,103,A,0.8637277732896623,Pathogenic
Y103C,Y,103,C,0.9075830663571388,Pathogenic
Y103D,Y,103,D,0.892673810358883,Pathogenic
Y103E,Y,103,E,0.866999032163223,Pathogenic
Y103F,Y,103,F,0.5731808443353194,Uncertain
Y103G,Y,103,G,0.9510030532349796,Pathogenic
Y103H,Y,103,H,0.5180420983949426,Uncertain
Y103I,Y,103,I,0.8262266805863414,Pathogenic
Y103K,Y,103,K,0.9554202048866722,Pathogenic
Y103L,Y,103,L,0.8378340857551517,Pathogenic
Y103M,Y,103,M,0.7423462433056157,Pathogenic
Y103N,Y,103,N,0.8854550282075443,Pathogenic
Y103P,Y,103,P,0.9606195297267504,Pathogenic
Y103Q,Y,103,Q,0.9465655553252936,Pathogenic
Y103R,Y,103,R,0.9321828390217276,Pathogenic
Y103S,Y,103,S,0.8388648673976143,Pathogenic
Y103T,Y,103,T,0.8982129230604796,Pathogenic
Y103V,Y,103,V,0.8449320995995475,Pathogenic
Y103W,Y,103,W,0.5856705565000933,Uncertain
Q104A,Q,104,A,0.08748742722682036,Benign
Q104C,Q,104,C,0.17507418145131312,Benign
Q104D,Q,104,D,0.20420110156609528,Benign
Q104E,Q,104,E,0.13704626572416945,Benign
Q104F,Q,104,F,0.4152992397185827,Uncertain
Q104G,Q,104,G,0.12176551094293285,Benign
Q104H,Q,104,H,0.1128125401330935,Benign
Q104I,Q,104,I,0.24510990645090602,Benign
Q104K,Q,104,K,0.16347717989637867,Benign
Q104L,Q,104,L,0.1998086261889295,Benign
Q104M,Q,104,M,0.1844144975726535,Benign
Q104N,Q,104,N,0.18960257940310385,Benign
Q104P,Q,104,P,0.0445684351062903,Benign
Q104R,Q,104,R,0.18586683775213766,Benign
Q104S,Q,104,S,0.09245633875918613,Benign
Q104T,Q,104,T,0.17061647180842135,Benign
Q104V,Q,104,V,0.15049439111080387,Benign
Q104W,Q,104,W,0.4360261473820687,Uncertain
Q104Y,Q,104,Y,0.26374472814297445,Benign
G105A,G,105,A,0.8726130995959995,Pathogenic
G105C,G,105,C,0.9176000600854548,Pathogenic
G105D,G,105,D,0.8192771323835353,Pathogenic
G105E,G,105,E,0.8282528859454338,Pathogenic
G105F,G,105,F,0.9524482550890788,Pathogenic
G105H,G,105,H,0.7636135968074169,Pathogenic
G105I,G,105,I,0.9650299680459172,Pathogenic
G105K,G,105,K,0.8704139720573936,Pathogenic
G105L,G,105,L,0.9214138531337324,Pathogenic
G105M,G,105,M,0.9557015600768032,Pathogenic
G105N,G,105,N,0.7655242385902914,Pathogenic
G105P,G,105,P,0.8445026378862763,Pathogenic
G105Q,G,105,Q,0.9353603292229328,Pathogenic
G105R,G,105,R,0.924921065164712,Pathogenic
G105S,G,105,S,0.6208183592315966,Uncertain
G105T,G,105,T,0.8464996394044347,Pathogenic
G105V,G,105,V,0.9148775427764968,Pathogenic
G105W,G,105,W,0.9623655168511052,Pathogenic
G105Y,G,105,Y,0.94375319847923,Pathogenic
S106A,S,106,A,0.11677954532144665,Benign
S106C,S,106,C,0.3024380571626188,Benign
S106D,S,106,D,0.09004011243275319,Benign
S106E,S,106,E,0.09847800897446612,Benign
S106F,S,106,F,0.2774990808393116,Benign
S106G,S,106,G,0.19470954762852594,Benign
S106H,S,106,H,0.30972116079266315,Benign
S106I,S,106,I,0.3289046134284592,Benign
S106K,S,106,K,0.2503339453505909,Benign
S106L,S,106,L,0.2041053099668108,Benign
S106M,S,106,M,0.5387131400161225,Uncertain
S106N,S,106,N,0.1048680506216157,Benign
S106P,S,106,P,0.1748781729076043,Benign
S106Q,S,106,Q,0.18069073151038634,Benign
S106R,S,106,R,0.2670390877015804,Benign
S106T,S,106,T,0.12988716893596033,Benign
S106V,S,106,V,0.20635216582961244,Benign
S106W,S,106,W,0.5072277823972544,Uncertain
S106Y,S,106,Y,0.2771354075572311,Benign
Y107A,Y,107,A,0.7439028170410379,Pathogenic
Y107C,Y,107,C,0.35829647751398624,Benign
Y107D,Y,107,D,0.8750643991620349,Pathogenic
Y107E,Y,107,E,0.9265648297181746,Pathogenic
Y107F,Y,107,F,0.2944440384698618,Benign
Y107G,Y,107,G,0.9089024572908412,Pathogenic
Y107H,Y,107,H,0.2495563669835373,Benign
Y107I,Y,107,I,0.6974348171641338,Pathogenic
Y107K,Y,107,K,0.8287356299190766,Pathogenic
Y107L,Y,107,L,0.32221099673892506,Benign
Y107M,Y,107,M,0.7634374191645938,Pathogenic
Y107N,Y,107,N,0.7691490665473915,Pathogenic
Y107P,Y,107,P,0.8954069966637581,Pathogenic
Y107Q,Y,107,Q,0.6834250725040026,Pathogenic
Y107R,Y,107,R,0.8618722365912003,Pathogenic
Y107S,Y,107,S,0.7458295508105145,Pathogenic
Y107T,Y,107,T,0.9203850918997344,Pathogenic
Y107V,Y,107,V,0.5125616558311663,Uncertain
Y107W,Y,107,W,0.6081865877885244,Uncertain
G108A,G,108,A,0.4902268041715007,Uncertain
G108C,G,108,C,0.6650386518946568,Pathogenic
G108D,G,108,D,0.22941441719201305,Benign
G108E,G,108,E,0.4703513823799579,Uncertain
G108F,G,108,F,0.8172446464729083,Pathogenic
G108H,G,108,H,0.6349562465802001,Uncertain
G108I,G,108,I,0.9012341535188106,Pathogenic
G108K,G,108,K,0.6813782294834559,Pathogenic
G108L,G,108,L,0.7665466697001777,Pathogenic
G108M,G,108,M,0.8685861323222175,Pathogenic
G108N,G,108,N,0.2642481608075834,Benign
G108P,G,108,P,0.8301896002816136,Pathogenic
G108Q,G,108,Q,0.6444237951714422,Pathogenic
G108R,G,108,R,0.6024837618002371,Uncertain
G108S,G,108,S,0.3879859267881039,Uncertain
G108T,G,108,T,0.8317769441190164,Pathogenic
G108V,G,108,V,0.8125754994448013,Pathogenic
G108W,G,108,W,0.9041791109464692,Pathogenic
G108Y,G,108,Y,0.7514940716761321,Pathogenic
F109A,F,109,A,0.9724099120405424,Pathogenic
F109C,F,109,C,0.9716062483997736,Pathogenic
F109D,F,109,D,0.9795240267665306,Pathogenic
F109E,F,109,E,0.9492258019874378,Pathogenic
F109G,F,109,G,0.9739554870407476,Pathogenic
F109H,F,109,H,0.9815884985030948,Pathogenic
F109I,F,109,I,0.9751517502307454,Pathogenic
F109K,F,109,K,0.9743689981967342,Pathogenic
F109L,F,109,L,0.4606834027027858,Uncertain
F109M,F,109,M,0.9746313963031932,Pathogenic
F109N,F,109,N,0.9735168294017804,Pathogenic
F109P,F,109,P,0.9430223868593992,Pathogenic
F109Q,F,109,Q,0.9608061474654436,Pathogenic
F109R,F,109,R,0.9743466985961642,Pathogenic
F109S,F,109,S,0.9701680683359806,Pathogenic
F109T,F,109,T,0.9721230716485324,Pathogenic
F109V,F,109,V,0.9172556845941044,Pathogenic
F109W,F,109,W,0.9748943260268133,Pathogenic
F109Y,F,109,Y,0.9432340991458866,Pathogenic
R110A,R,110,A,0.5616481580584967,Uncertain
R110C,R,110,C,0.2561744938122115,Benign
R110D,R,110,D,0.29025142226381684,Benign
R110E,R,110,E,0.2123258338172858,Benign
R110F,R,110,F,0.5314444404521351,Uncertain
R110G,R,110,G,0.5415256338442879,Uncertain
R110H,R,110,H,0.24298793954403305,Benign
R110I,R,110,I,0.7935792847867499,Pathogenic
R110K,R,110,K,0.26779506791948743,Benign
R110L,R,110,L,0.6237105068727743,Uncertain
R110M,R,110,M,0.8297019325371817,Pathogenic
R110N,R,110,N,0.30612171777666325,Benign
R110P,R,110,P,0.7930048348639976,Pathogenic
R110Q,R,110,Q,0.18101079133700632,Benign
R110S,R,110,S,0.4319938258308565,Uncertain
R110T,R,110,T,0.2480888301107669,Benign
R110V,R,110,V,0.7055874354059308,Pathogenic
R110W,R,110,W,0.8487004197585942,Pathogenic
R110Y,R,110,Y,0.7057666837539843,Pathogenic
L111A,L,111,A,0.9097543675401768,Pathogenic
L111C,L,111,C,0.8865163811135042,Pathogenic
L111D,L,111,D,0.9564285696717332,Pathogenic
L111E,L,111,E,0.9627304069848516,Pathogenic
L111F,L,111,F,0.7118644761065965,Pathogenic
L111G,L,111,G,0.9711526840036776,Pathogenic
L111H,L,111,H,0.9579627551459532,Pathogenic
L111I,L,111,I,0.5119196279354801,Uncertain
L111K,L,111,K,0.9671129165020372,Pathogenic
L111M,L,111,M,0.8101039138294187,Pathogenic
L111N,L,111,N,0.9683611851005692,Pathogenic
L111P,L,111,P,0.9714580483657302,Pathogenic
L111Q,L,111,Q,0.9733611337099468,Pathogenic
L111R,L,111,R,0.9652970570550266,Pathogenic
L111S,L,111,S,0.9277355787430236,Pathogenic
L111T,L,111,T,0.9498103798558182,Pathogenic
L111V,L,111,V,0.28332460970071005,Benign
L111W,L,111,W,0.9690256457326476,Pathogenic
L111Y,L,111,Y,0.8348142247270744,Pathogenic
G112A,G,112,A,0.2676127023190362,Benign
G112C,G,112,C,0.625313840518996,Uncertain
G112D,G,112,D,0.4563120129372363,Uncertain
G112E,G,112,E,0.2835466093066659,Benign
G112F,G,112,F,0.552635728715859,Uncertain
G112H,G,112,H,0.35377813211868275,Benign
G112I,G,112,I,0.5294886392140661,Uncertain
G112K,G,112,K,0.6322693345102073,Uncertain
G112L,G,112,L,0.4685704043707998,Uncertain
G112M,G,112,M,0.7075802531307711,Pathogenic
G112N,G,112,N,0.5245291461219658,Uncertain
G112P,G,112,P,0.8556688201468174,Pathogenic
G112Q,G,112,Q,0.4674594320443651,Uncertain
G112R,G,112,R,0.2338975375608913,Benign
G112S,G,112,S,0.31535663201211084,Benign
G112T,G,112,T,0.4509413297050244,Uncertain
G112V,G,112,V,0.3061632880598073,Benign
G112W,G,112,W,0.7186355499740006,Pathogenic
G112Y,G,112,Y,0.6352941326904671,Uncertain
F113A,F,113,A,0.9405450845219618,Pathogenic
F113C,F,113,C,0.8176342262231683,Pathogenic
F113D,F,113,D,0.970589660500536,Pathogenic
F113E,F,113,E,0.9611532946781294,Pathogenic
F113G,F,113,G,0.968615937569347,Pathogenic
F113H,F,113,H,0.9695991025354359,Pathogenic
F113I,F,113,I,0.6782198488956995,Pathogenic
F113K,F,113,K,0.9688043750149432,Pathogenic
F113L,F,113,L,0.6677876340488277,Pathogenic
F113M,F,113,M,0.8945257050590709,Pathogenic
F113N,F,113,N,0.9715046993415544,Pathogenic
F113P,F,113,P,0.904303154106048,Pathogenic
F113Q,F,113,Q,0.9381672265824,Pathogenic
F113R,F,113,R,0.9683779840344152,Pathogenic
F113S,F,113,S,0.9713679526352801,Pathogenic
F113T,F,113,T,0.9653244661559842,Pathogenic
F113V,F,113,V,0.7386128461361597,Pathogenic
F113W,F,113,W,0.8564497133072482,Pathogenic
F113Y,F,113,Y,0.8286358309989266,Pathogenic
L114A,L,114,A,0.6087520401749666,Uncertain
L114C,L,114,C,0.7781604106712458,Pathogenic
L114D,L,114,D,0.5239213051143883,Uncertain
L114E,L,114,E,0.2937637134399984,Benign
L114F,L,114,F,0.8731538272772521,Pathogenic
L114G,L,114,G,0.4976053349316776,Uncertain
L114H,L,114,H,0.5263821322046034,Uncertain
L114I,L,114,I,0.6095079475958887,Uncertain
L114K,L,114,K,0.648948515804089,Pathogenic
L114M,L,114,M,0.7611059511212339,Pathogenic
L114N,L,114,N,0.4413442308938865,Uncertain
L114P,L,114,P,0.3432093208113294,Benign
L114Q,L,114,Q,0.21429258683688074,Benign
L114R,L,114,R,0.5986312000756842,Uncertain
L114S,L,114,S,0.5994992130847233,Uncertain
L114T,L,114,T,0.4719021574284385,Uncertain
L114V,L,114,V,0.6174556189934425,Uncertain
L114W,L,114,W,0.8660301703555684,Pathogenic
L114Y,L,114,Y,0.7986563570237417,Pathogenic
H115A,H,115,A,0.2679091148580662,Benign
H115C,H,115,C,0.5182661446108958,Uncertain
H115D,H,115,D,0.3326163380467375,Benign
H115E,H,115,E,0.17029179412523834,Benign
H115F,H,115,F,0.6465361891296345,Pathogenic
H115G,H,115,G,0.3529589359476608,Benign
H115I,H,115,I,0.6106585479215071,Uncertain
H115K,H,115,K,0.13961019044265133,Benign
H115L,H,115,L,0.6797330093452094,Pathogenic
H115M,H,115,M,0.718172514058863,Pathogenic
H115N,H,115,N,0.14355778724958018,Benign
H115P,H,115,P,0.16952209771434093,Benign
H115Q,H,115,Q,0.07909941125144954,Benign
H115R,H,115,R,0.4290740021972823,Uncertain
H115S,H,115,S,0.25192665687674154,Benign
H115T,H,115,T,0.29116655729626656,Benign
H115V,H,115,V,0.4524649345489634,Uncertain
H115W,H,115,W,0.6737231509649042,Pathogenic
H115Y,H,115,Y,0.6661793484976268,Pathogenic
S116A,S,116,A,0.6844039480732454,Pathogenic
S116C,S,116,C,0.7714853617759234,Pathogenic
S116D,S,116,D,0.7276602745349372,Pathogenic
S116E,S,116,E,0.6558653727752299,Pathogenic
S116F,S,116,F,0.6834186305231991,Pathogenic
S116G,S,116,G,0.8016424958838988,Pathogenic
S116H,S,116,H,0.8941918439939753,Pathogenic
S116I,S,116,I,0.9260063973432312,Pathogenic
S116K,S,116,K,0.7070812772983679,Pathogenic
S116L,S,116,L,0.8360453558955165,Pathogenic
S116M,S,116,M,0.9526226274154301,Pathogenic
S116N,S,116,N,0.6830382158317561,Pathogenic
S116P,S,116,P,0.7427487806103493,Pathogenic
S116Q,S,116,Q,0.764461180081997,Pathogenic
S116R,S,116,R,0.8087221579866142,Pathogenic
S116T,S,116,T,0.4813021209085494,Uncertain
S116V,S,116,V,0.8699788959960446,Pathogenic
S116W,S,116,W,0.952453667282701,Pathogenic
S116Y,S,116,Y,0.9134125378968396,Pathogenic
G117A,G,117,A,0.8903241472090606,Pathogenic
G117C,G,117,C,0.953779512262515,Pathogenic
G117D,G,117,D,0.7696941524185801,Pathogenic
G117E,G,117,E,0.7090187652153477,Pathogenic
G117F,G,117,F,0.8781011897512144,Pathogenic
G117H,G,117,H,0.8780886513875499,Pathogenic
G117I,G,117,I,0.9101836638141898,Pathogenic
G117K,G,117,K,0.6485480760430307,Pathogenic
G117L,G,117,L,0.8451273419375207,Pathogenic
G117M,G,117,M,0.9362690323563514,Pathogenic
G117N,G,117,N,0.7427601056030325,Pathogenic
G117P,G,117,P,0.7185273970520663,Pathogenic
G117Q,G,117,Q,0.8080351672889796,Pathogenic
G117R,G,117,R,0.8492287170158033,Pathogenic
G117S,G,117,S,0.3151430732187389,Benign
G117T,G,117,T,0.8095883920367413,Pathogenic
G117V,G,117,V,0.8488916961121229,Pathogenic
G117W,G,117,W,0.9555056785460864,Pathogenic
G117Y,G,117,Y,0.9244973551072792,Pathogenic
T118A,T,118,A,0.6441985820183224,Pathogenic
T118C,T,118,C,0.7249674686562033,Pathogenic
T118D,T,118,D,0.8883590910411808,Pathogenic
T118E,T,118,E,0.7574448098620525,Pathogenic
T118F,T,118,F,0.9552462587961966,Pathogenic
T118G,T,118,G,0.8244017707935094,Pathogenic
T118H,T,118,H,0.911871172650084,Pathogenic
T118I,T,118,I,0.6576450450127607,Pathogenic
T118K,T,118,K,0.7769865405603145,Pathogenic
T118L,T,118,L,0.8372210440079562,Pathogenic
T118M,T,118,M,0.7554106095723497,Pathogenic
T118N,T,118,N,0.7804336480279914,Pathogenic
T118P,T,118,P,0.7787811725318248,Pathogenic
T118Q,T,118,Q,0.8194854359443433,Pathogenic
T118R,T,118,R,0.8161291074468249,Pathogenic
T118S,T,118,S,0.64192288232241,Pathogenic
T118V,T,118,V,0.7248252495358151,Pathogenic
T118W,T,118,W,0.9533927804845472,Pathogenic
T118Y,T,118,Y,0.7834606190182938,Pathogenic
A119C,A,119,C,0.9583100228877236,Pathogenic
A119D,A,119,D,0.8592059783426405,Pathogenic
A119E,A,119,E,0.9252349404256208,Pathogenic
A119F,A,119,F,0.9438948796962116,Pathogenic
A119G,A,119,G,0.7212786168849938,Pathogenic
A119H,A,119,H,0.8798796566262156,Pathogenic
A119I,A,119,I,0.9545806395941347,Pathogenic
A119K,A,119,K,0.7295806113066793,Pathogenic
A119L,A,119,L,0.9082167960759244,Pathogenic
A119M,A,119,M,0.9684804340902092,Pathogenic
A119N,A,119,N,0.8689421680031221,Pathogenic
A119P,A,119,P,0.7436259175063665,Pathogenic
A119Q,A,119,Q,0.8055853196307712,Pathogenic
A119R,A,119,R,0.8377068600234936,Pathogenic
A119S,A,119,S,0.7313287900211594,Pathogenic
A119T,A,119,T,0.4860182206200306,Uncertain
A119V,A,119,V,0.8615451900729649,Pathogenic
A119W,A,119,W,0.9661516839435706,Pathogenic
A119Y,A,119,Y,0.8907254430522096,Pathogenic
K120A,K,120,A,0.8377705157524482,Pathogenic
K120C,K,120,C,0.9676779458175984,Pathogenic
K120D,K,120,D,0.9308435851972956,Pathogenic
K120E,K,120,E,0.955374213807056,Pathogenic
K120F,K,120,F,0.9340573634032916,Pathogenic
K120G,K,120,G,0.9106707279400272,Pathogenic
K120H,K,120,H,0.9268486163060892,Pathogenic
K120I,K,120,I,0.943898022790371,Pathogenic
K120L,K,120,L,0.9769764798316966,Pathogenic
K120M,K,120,M,0.9786486014045359,Pathogenic
K120N,K,120,N,0.822612725096606,Pathogenic
K120P,K,120,P,0.8584696610444105,Pathogenic
K120Q,K,120,Q,0.8669351129129269,Pathogenic
K120R,K,120,R,0.7691910099785172,Pathogenic
K120S,K,120,S,0.8403811511552788,Pathogenic
K120T,K,120,T,0.919592128276687,Pathogenic
K120V,K,120,V,0.9770550115046774,Pathogenic
K120W,K,120,W,0.9748044434441144,Pathogenic
K120Y,K,120,Y,0.9303524887845268,Pathogenic
S121A,S,121,A,0.7259970107265871,Pathogenic
S121C,S,121,C,0.9270140408632679,Pathogenic
S121D,S,121,D,0.8627076107264302,Pathogenic
S121E,S,121,E,0.9203592891088918,Pathogenic
S121F,S,121,F,0.9593631777975468,Pathogenic
S121G,S,121,G,0.7296685337387301,Pathogenic
S121H,S,121,H,0.9277493837989672,Pathogenic
S121I,S,121,I,0.9695090153942192,Pathogenic
S121K,S,121,K,0.7399051459785917,Pathogenic
S121L,S,121,L,0.9486408698907414,Pathogenic
S121M,S,121,M,0.9499778978120038,Pathogenic
S121N,S,121,N,0.7170156347657531,Pathogenic
S121P,S,121,P,0.9467158505314934,Pathogenic
S121Q,S,121,Q,0.9197699116556548,Pathogenic
S121R,S,121,R,0.8150125410545759,Pathogenic
S121T,S,121,T,0.8097467673369287,Pathogenic
S121V,S,121,V,0.9594745155357248,Pathogenic
S121W,S,121,W,0.9699133446248004,Pathogenic
S121Y,S,121,Y,0.9637010691160558,Pathogenic
V122A,V,122,A,0.418297593156196,Uncertain
V122C,V,122,C,0.8400356150311201,Pathogenic
V122D,V,122,D,0.942873928641343,Pathogenic
V122E,V,122,E,0.9544505964355888,Pathogenic
V122F,V,122,F,0.9194705161695642,Pathogenic
V122G,V,122,G,0.9018542732711708,Pathogenic
V122H,V,122,H,0.9187593375544472,Pathogenic
V122I,V,122,I,0.8459824060282268,Pathogenic
V122K,V,122,K,0.8074877467278136,Pathogenic
V122L,V,122,L,0.7204293107687775,Pathogenic
V122M,V,122,M,0.8628112989873467,Pathogenic
V122N,V,122,N,0.6759527251679487,Pathogenic
V122P,V,122,P,0.8109246142573899,Pathogenic
V122Q,V,122,Q,0.7617400843845272,Pathogenic
V122R,V,122,R,0.8071038935972841,Pathogenic
V122S,V,122,S,0.6846677713375127,Pathogenic
V122T,V,122,T,0.6456918900498995,Pathogenic
V122W,V,122,W,0.9515690472066856,Pathogenic
V122Y,V,122,Y,0.8845758797560306,Pathogenic
T123A,T,123,A,0.7265462346630043,Pathogenic
T123C,T,123,C,0.9479132440205196,Pathogenic
T123D,T,123,D,0.7458407822858454,Pathogenic
T123E,T,123,E,0.9028895769249412,Pathogenic
T123F,T,123,F,0.9352692036729686,Pathogenic
T123G,T,123,G,0.8061277545911372,Pathogenic
T123H,T,123,H,0.7161762442936783,Pathogenic
T123I,T,123,I,0.7857373521075297,Pathogenic
T123K,T,123,K,0.6610712376419898,Pathogenic
T123L,T,123,L,0.8763159262438746,Pathogenic
T123M,T,123,M,0.7295220499062878,Pathogenic
T123N,T,123,N,0.7400535463698845,Pathogenic
T123P,T,123,P,0.667020387248787,Pathogenic
T123Q,T,123,Q,0.6883923820287343,Pathogenic
T123R,T,123,R,0.9041056142231532,Pathogenic
T123S,T,123,S,0.6328363725630239,Uncertain
T123V,T,123,V,0.7838654979706859,Pathogenic
T123W,T,123,W,0.948950691381456,Pathogenic
T123Y,T,123,Y,0.9070466582926202,Pathogenic
C124A,C,124,A,0.7947389674651559,Pathogenic
C124D,C,124,D,0.9192420802994244,Pathogenic
C124E,C,124,E,0.9321772483462628,Pathogenic
C124F,C,124,F,0.508704382409596,Uncertain
C124G,C,124,G,0.8844178486574171,Pathogenic
C124H,C,124,H,0.8792211487930506,Pathogenic
C124I,C,124,I,0.9247473306281973,Pathogenic
C124K,C,124,K,0.9289304625534374,Pathogenic
C124L,C,124,L,0.8008792705110306,Pathogenic
C124M,C,124,M,0.9374807315291646,Pathogenic
C124N,C,124,N,0.5905115847986337,Uncertain
C124P,C,124,P,0.9211455284610438,Pathogenic
C124Q,C,124,Q,0.9032146358810688,Pathogenic
C124R,C,124,R,0.900516440442242,Pathogenic
C124S,C,124,S,0.412406301960554,Uncertain
C124T,C,124,T,0.8709298957019189,Pathogenic
C124V,C,124,V,0.6831220108336353,Pathogenic
C124W,C,124,W,0.512294703897322,Uncertain
C124Y,C,124,Y,0.2996964227624781,Benign
T125A,T,125,A,0.7715322812784635,Pathogenic
T125C,T,125,C,0.7806862030810542,Pathogenic
T125D,T,125,D,0.9083313609307608,Pathogenic
T125E,T,125,E,0.7223766212320419,Pathogenic
T125F,T,125,F,0.6396204928845297,Uncertain
T125G,T,125,G,0.9278440482448986,Pathogenic
T125H,T,125,H,0.8385997344422615,Pathogenic
T125I,T,125,I,0.7493691634615399,Pathogenic
T125K,T,125,K,0.8260078252502153,Pathogenic
T125L,T,125,L,0.6916097812245476,Pathogenic
T125M,T,125,M,0.4874151450166442,Uncertain
T125N,T,125,N,0.8924301840541538,Pathogenic
T125P,T,125,P,0.9375673274778422,Pathogenic
T125Q,T,125,Q,0.8880692852264822,Pathogenic
T125R,T,125,R,0.8834597715263129,Pathogenic
T125S,T,125,S,0.8126246408369522,Pathogenic
T125V,T,125,V,0.6000894959976543,Uncertain
T125W,T,125,W,0.9537267161821272,Pathogenic
T125Y,T,125,Y,0.8659895531873936,Pathogenic
Y126A,Y,126,A,0.9294227880718858,Pathogenic
Y126C,Y,126,C,0.8916879147955241,Pathogenic
Y126D,Y,126,D,0.958572329245574,Pathogenic
Y126E,Y,126,E,0.942777936265796,Pathogenic
Y126F,Y,126,F,0.3729059388958078,Uncertain
Y126G,Y,126,G,0.9555362618780072,Pathogenic
Y126H,Y,126,H,0.928284278859147,Pathogenic
Y126I,Y,126,I,0.9303792175676808,Pathogenic
Y126K,Y,126,K,0.9626055146098,Pathogenic
Y126L,Y,126,L,0.8855349315014434,Pathogenic
Y126M,Y,126,M,0.8867393748785637,Pathogenic
Y126N,Y,126,N,0.9588307662984056,Pathogenic
Y126P,Y,126,P,0.95944875099,Pathogenic
Y126Q,Y,126,Q,0.958330437018048,Pathogenic
Y126R,Y,126,R,0.9410337102623244,Pathogenic
Y126S,Y,126,S,0.9261252249363408,Pathogenic
Y126T,Y,126,T,0.905676180899902,Pathogenic
Y126V,Y,126,V,0.8886916125196869,Pathogenic
Y126W,Y,126,W,0.8656504467410853,Pathogenic
S127A,S,127,A,0.8901586735040001,Pathogenic
S127C,S,127,C,0.9733850183639716,Pathogenic
S127D,S,127,D,0.8429646505275992,Pathogenic
S127E,S,127,E,0.9537293562047364,Pathogenic
S127F,S,127,F,0.8743800728081379,Pathogenic
S127G,S,127,G,0.8762178268405125,Pathogenic
S127H,S,127,H,0.9528555489554336,Pathogenic
S127I,S,127,I,0.9511475492629804,Pathogenic
S127K,S,127,K,0.9432595193609672,Pathogenic
S127L,S,127,L,0.9386631571688332,Pathogenic
S127M,S,127,M,0.9445658295473364,Pathogenic
S127N,S,127,N,0.8643245179215467,Pathogenic
S127P,S,127,P,0.9619951566626463,Pathogenic
S127Q,S,127,Q,0.9350345363793529,Pathogenic
S127R,S,127,R,0.9634238396469998,Pathogenic
S127T,S,127,T,0.9349717198976188,Pathogenic
S127V,S,127,V,0.9288721138356992,Pathogenic
S127W,S,127,W,0.9634877403188576,Pathogenic
S127Y,S,127,Y,0.9482825952409888,Pathogenic
P128A,P,128,A,0.4212687756431905,Uncertain
P128C,P,128,C,0.929360935228629,Pathogenic
P128D,P,128,D,0.6495318063968496,Pathogenic
P128E,P,128,E,0.3848809949153544,Uncertain
P128F,P,128,F,0.7448449150912206,Pathogenic
P128G,P,128,G,0.7313346206964184,Pathogenic
P128H,P,128,H,0.6736380120471268,Pathogenic
P128I,P,128,I,0.782297839995749,Pathogenic
P128K,P,128,K,0.4730100214643255,Uncertain
P128L,P,128,L,0.7043122725297825,Pathogenic
P128M,P,128,M,0.7971239802288176,Pathogenic
P128N,P,128,N,0.6761223926405059,Pathogenic
P128Q,P,128,Q,0.4866025028656722,Uncertain
P128R,P,128,R,0.7513502606670651,Pathogenic
P128S,P,128,S,0.3756864371674558,Uncertain
P128T,P,128,T,0.40830651861443146,Uncertain
P128V,P,128,V,0.4900697043838094,Uncertain
P128W,P,128,W,0.9072191742517668,Pathogenic
P128Y,P,128,Y,0.7602281596068288,Pathogenic
A129C,A,129,C,0.23119971879791465,Benign
A129D,A,129,D,0.046627744229505684,Benign
A129E,A,129,E,0.04406794022038158,Benign
A129F,A,129,F,0.3489094377820733,Benign
A129G,A,129,G,0.16151753682787862,Benign
A129H,A,129,H,0.2313171719250348,Benign
A129I,A,129,I,0.09496314019758004,Benign
A129K,A,129,K,0.083355256942806,Benign
A129L,A,129,L,0.09108907709750264,Benign
A129M,A,129,M,0.1321400258847609,Benign
A129N,A,129,N,0.16029550708334306,Benign
A129P,A,129,P,0.1049448125460134,Benign
A129Q,A,129,Q,0.08051805654701244,Benign
A129R,A,129,R,0.14525934348904554,Benign
A129S,A,129,S,0.06662490531786441,Benign
A129T,A,129,T,0.06876733230713401,Benign
A129V,A,129,V,0.07259394534777264,Benign
A129W,A,129,W,0.3208359606837654,Benign
A129Y,A,129,Y,0.2643201626398328,Benign
L130A,L,130,A,0.9468672352321792,Pathogenic
L130C,L,130,C,0.8217942429563123,Pathogenic
L130D,L,130,D,0.9270578390426868,Pathogenic
L130E,L,130,E,0.8946110906997793,Pathogenic
L130F,L,130,F,0.906611617273858,Pathogenic
L130G,L,130,G,0.8872834577531981,Pathogenic
L130H,L,130,H,0.9417061444098044,Pathogenic
L130I,L,130,I,0.8400552533628378,Pathogenic
L130K,L,130,K,0.8354146201810702,Pathogenic
L130M,L,130,M,0.9143281524108612,Pathogenic
L130N,L,130,N,0.9290974962946859,Pathogenic
L130P,L,130,P,0.9710556721578556,Pathogenic
L130Q,L,130,Q,0.8541072736592411,Pathogenic
L130R,L,130,R,0.8093936162841954,Pathogenic
L130S,L,130,S,0.923995151386463,Pathogenic
L130T,L,130,T,0.8352335158425692,Pathogenic
L130V,L,130,V,0.805253713087369,Pathogenic
L130W,L,130,W,0.9136948400691536,Pathogenic
L130Y,L,130,Y,0.9579760789881712,Pathogenic
N131A,N,131,A,0.9433975695210468,Pathogenic
N131C,N,131,C,0.957557965096804,Pathogenic
N131D,N,131,D,0.6556770752407814,Pathogenic
N131E,N,131,E,0.8033710620281146,Pathogenic
N131F,N,131,F,0.96412432519533,Pathogenic
N131G,N,131,G,0.7992610578609194,Pathogenic
N131H,N,131,H,0.6960317827779168,Pathogenic
N131I,N,131,I,0.9262057104613216,Pathogenic
N131K,N,131,K,0.4838539880539808,Uncertain
N131L,N,131,L,0.9435210890861132,Pathogenic
N131M,N,131,M,0.925772271174456,Pathogenic
N131P,N,131,P,0.9199192563498182,Pathogenic
N131Q,N,131,Q,0.7190801970108878,Pathogenic
N131R,N,131,R,0.6556097877719792,Pathogenic
N131S,N,131,S,0.8726876972739769,Pathogenic
N131T,N,131,T,0.748985040749585,Pathogenic
N131V,N,131,V,0.9694159782397458,Pathogenic
N131W,N,131,W,0.9657774886807521,Pathogenic
N131Y,N,131,Y,0.9669442747215956,Pathogenic
K132A,K,132,A,0.9309478775963804,Pathogenic
K132C,K,132,C,0.8780042828707869,Pathogenic
K132D,K,132,D,0.9482606654404304,Pathogenic
K132E,K,132,E,0.9659196291340008,Pathogenic
K132F,K,132,F,0.9572750748483454,Pathogenic
K132G,K,132,G,0.9664690246351456,Pathogenic
K132H,K,132,H,0.9605293433123836,Pathogenic
K132I,K,132,I,0.9646103178110764,Pathogenic
K132L,K,132,L,0.8825099617307726,Pathogenic
K132M,K,132,M,0.6605904363614039,Pathogenic
K132N,K,132,N,0.8419401235087833,Pathogenic
K132P,K,132,P,0.9652228240461728,Pathogenic
K132Q,K,132,Q,0.7935551862901551,Pathogenic
K132R,K,132,R,0.5377708426092696,Uncertain
K132S,K,132,S,0.9384327297493208,Pathogenic
K132T,K,132,T,0.7968573919965419,Pathogenic
K132V,K,132,V,0.927846017898047,Pathogenic
K132W,K,132,W,0.9601033028870276,Pathogenic
K132Y,K,132,Y,0.9426064507511732,Pathogenic
M133A,M,133,A,0.2209899187583074,Benign
M133C,M,133,C,0.604328235482432,Uncertain
M133D,M,133,D,0.5613081690603804,Uncertain
M133E,M,133,E,0.5616553865438689,Uncertain
M133F,M,133,F,0.2945842906099388,Benign
M133G,M,133,G,0.5999899587453359,Uncertain
M133H,M,133,H,0.5221415012288977,Uncertain
M133I,M,133,I,0.12582547234729388,Benign
M133K,M,133,K,0.5573717246142054,Uncertain
M133L,M,133,L,0.03075599682474226,Benign
M133N,M,133,N,0.5448890794933742,Uncertain
M133P,M,133,P,0.5252890853281829,Uncertain
M133Q,M,133,Q,0.6262955413289835,Uncertain
M133R,M,133,R,0.508056013059007,Uncertain
M133S,M,133,S,0.6331819800163432,Uncertain
M133T,M,133,T,0.5025156757796269,Uncertain
M133V,M,133,V,0.08842639303185623,Benign
M133W,M,133,W,0.6490841811852814,Pathogenic
M133Y,M,133,Y,0.5045144700465488,Uncertain
F134A,F,134,A,0.9710393263455844,Pathogenic
F134C,F,134,C,0.9300732054318466,Pathogenic
F134D,F,134,D,0.9732366039320632,Pathogenic
F134E,F,134,E,0.980255872480966,Pathogenic
F134G,F,134,G,0.9709005247341658,Pathogenic
F134H,F,134,H,0.9477984331897962,Pathogenic
F134I,F,134,I,0.9694403856494772,Pathogenic
F134K,F,134,K,0.975597678025426,Pathogenic
F134L,F,134,L,0.8967777234832405,Pathogenic
F134M,F,134,M,0.9686779368502724,Pathogenic
F134N,F,134,N,0.9254036139955104,Pathogenic
F134P,F,134,P,0.9786044132350322,Pathogenic
F134Q,F,134,Q,0.9724025110688592,Pathogenic
F134R,F,134,R,0.9640047630247919,Pathogenic
F134S,F,134,S,0.9769625626116928,Pathogenic
F134T,F,134,T,0.9638352801902976,Pathogenic
F134V,F,134,V,0.9686834808174656,Pathogenic
F134W,F,134,W,0.9698509205450684,Pathogenic
F134Y,F,134,Y,0.2699471982276261,Benign
C135A,C,135,A,0.8122354764318414,Pathogenic
C135D,C,135,D,0.9782525231235841,Pathogenic
C135E,C,135,E,0.981026875424968,Pathogenic
C135F,C,135,F,0.9750844434158488,Pathogenic
C135G,C,135,G,0.9752799171155896,Pathogenic
C135H,C,135,H,0.9836302805784412,Pathogenic
C135I,C,135,I,0.7757155824825949,Pathogenic
C135K,C,135,K,0.97512260827501,Pathogenic
C135L,C,135,L,0.8222873960909935,Pathogenic
C135M,C,135,M,0.8727719731246701,Pathogenic
C135N,C,135,N,0.9714614554175378,Pathogenic
C135P,C,135,P,0.9754857830660864,Pathogenic
C135Q,C,135,Q,0.9779254142839436,Pathogenic
C135R,C,135,R,0.98204697646244,Pathogenic
C135S,C,135,S,0.8991202509142903,Pathogenic
C135T,C,135,T,0.7329299247040588,Pathogenic
C135V,C,135,V,0.6428393530862917,Pathogenic
C135W,C,135,W,0.9694539482724616,Pathogenic
C135Y,C,135,Y,0.9713347258296764,Pathogenic
Q136A,Q,136,A,0.9419336216285984,Pathogenic
Q136C,Q,136,C,0.8752174116155909,Pathogenic
Q136D,Q,136,D,0.6979623341397032,Pathogenic
Q136E,Q,136,E,0.8542964355796792,Pathogenic
Q136F,Q,136,F,0.9160819731048416,Pathogenic
Q136G,Q,136,G,0.8454866525355218,Pathogenic
Q136H,Q,136,H,0.8368499070870361,Pathogenic
Q136I,Q,136,I,0.902437499521888,Pathogenic
Q136K,Q,136,K,0.6159461669322555,Uncertain
Q136L,Q,136,L,0.8535348994566532,Pathogenic
Q136M,Q,136,M,0.8476505613953768,Pathogenic
Q136N,Q,136,N,0.6695898028726179,Pathogenic
Q136P,Q,136,P,0.9103271581546626,Pathogenic
Q136R,Q,136,R,0.5102610874521649,Uncertain
Q136S,Q,136,S,0.7893510364943204,Pathogenic
Q136T,Q,136,T,0.8485202644387506,Pathogenic
Q136V,Q,136,V,0.8515408305740751,Pathogenic
Q136W,Q,136,W,0.9556329586918788,Pathogenic
Q136Y,Q,136,Y,0.9722498926514956,Pathogenic
L137A,L,137,A,0.8252400673576874,Pathogenic
L137C,L,137,C,0.9478897145010772,Pathogenic
L137D,L,137,D,0.9265007466087511,Pathogenic
L137E,L,137,E,0.9472566687749646,Pathogenic
L137F,L,137,F,0.8188903397420191,Pathogenic
L137G,L,137,G,0.9393666236366948,Pathogenic
L137H,L,137,H,0.9055311369807326,Pathogenic
L137I,L,137,I,0.4449468008722477,Uncertain
L137K,L,137,K,0.6769048836665102,Pathogenic
L137M,L,137,M,0.3225487875610293,Benign
L137N,L,137,N,0.8287979376138972,Pathogenic
L137P,L,137,P,0.5820679759578077,Uncertain
L137Q,L,137,Q,0.9012367536916479,Pathogenic
L137R,L,137,R,0.6652841976174984,Pathogenic
L137S,L,137,S,0.7539140746674293,Pathogenic
L137T,L,137,T,0.7628547627708523,Pathogenic
L137V,L,137,V,0.5995988059822108,Uncertain
L137W,L,137,W,0.919255143130008,Pathogenic
L137Y,L,137,Y,0.9474570939317772,Pathogenic
A138C,A,138,C,0.8870672851298648,Pathogenic
A138D,A,138,D,0.6506632281229079,Pathogenic
A138E,A,138,E,0.6822378058302885,Pathogenic
A138F,A,138,F,0.88787475099254,Pathogenic
A138G,A,138,G,0.3844029785049992,Uncertain
A138H,A,138,H,0.7910453784790804,Pathogenic
A138I,A,138,I,0.9500940152240848,Pathogenic
A138K,A,138,K,0.7856281494534885,Pathogenic
A138L,A,138,L,0.8238580876653647,Pathogenic
A138M,A,138,M,0.8673553746622863,Pathogenic
A138N,A,138,N,0.6219370198207599,Uncertain
A138P,A,138,P,0.9398338118028832,Pathogenic
A138Q,A,138,Q,0.8310176727873745,Pathogenic
A138R,A,138,R,0.8197109065612772,Pathogenic
A138S,A,138,S,0.5311619119490896,Uncertain
A138T,A,138,T,0.7935551862901551,Pathogenic
A138V,A,138,V,0.9308189283976428,Pathogenic
A138W,A,138,W,0.9582871974662726,Pathogenic
A138Y,A,138,Y,0.9521127660460148,Pathogenic
K139A,K,139,A,0.8320675513815041,Pathogenic
K139C,K,139,C,0.8445870879127751,Pathogenic
K139D,K,139,D,0.9247207433098974,Pathogenic
K139E,K,139,E,0.798253988061841,Pathogenic
K139F,K,139,F,0.965148445553516,Pathogenic
K139G,K,139,G,0.9431832148780906,Pathogenic
K139H,K,139,H,0.8740784934897434,Pathogenic
K139I,K,139,I,0.8615974429247937,Pathogenic
K139L,K,139,L,0.8679151154268137,Pathogenic
K139M,K,139,M,0.9180293216662824,Pathogenic
K139N,K,139,N,0.8497778386001507,Pathogenic
K139P,K,139,P,0.8917217759037182,Pathogenic
K139Q,K,139,Q,0.7816743648507714,Pathogenic
K139R,K,139,R,0.7133812635914173,Pathogenic
K139S,K,139,S,0.7501695634161787,Pathogenic
K139T,K,139,T,0.7072106124743931,Pathogenic
K139V,K,139,V,0.7083737725197171,Pathogenic
K139W,K,139,W,0.9569112955742852,Pathogenic
K139Y,K,139,Y,0.9443539220795714,Pathogenic
T140A,T,140,A,0.4433392577581135,Uncertain
T140C,T,140,C,0.9096557976684004,Pathogenic
T140D,T,140,D,0.8170605978800369,Pathogenic
T140E,T,140,E,0.8552860658916474,Pathogenic
T140F,T,140,F,0.7987414351318706,Pathogenic
T140G,T,140,G,0.9182520304786632,Pathogenic
T140H,T,140,H,0.8933517240170536,Pathogenic
T140I,T,140,I,0.6472504417373538,Pathogenic
T140K,T,140,K,0.7676713929990215,Pathogenic
T140L,T,140,L,0.7145716956249185,Pathogenic
T140M,T,140,M,0.8236708502578889,Pathogenic
T140N,T,140,N,0.7641629501055323,Pathogenic
T140P,T,140,P,0.4081362775602262,Uncertain
T140Q,T,140,Q,0.7625924792176768,Pathogenic
T140R,T,140,R,0.846905565892943,Pathogenic
T140S,T,140,S,0.5726834160599864,Uncertain
T140V,T,140,V,0.6657286132521741,Pathogenic
T140W,T,140,W,0.9005373724599004,Pathogenic
T140Y,T,140,Y,0.7814830745462046,Pathogenic
C141A,C,141,A,0.9653082227324016,Pathogenic
C141D,C,141,D,0.961323028753107,Pathogenic
C141E,C,141,E,0.9441773023322516,Pathogenic
C141F,C,141,F,0.7155896054894141,Pathogenic
C141G,C,141,G,0.9545299535851536,Pathogenic
C141H,C,141,H,0.9655995565677228,Pathogenic
C141I,C,141,I,0.8061690547702487,Pathogenic
C141K,C,141,K,0.9588545163499678,Pathogenic
C141L,C,141,L,0.7007229828508991,Pathogenic
C141M,C,141,M,0.8503364953592226,Pathogenic
C141N,C,141,N,0.7560445201342536,Pathogenic
C141P,C,141,P,0.9410402844777008,Pathogenic
C141Q,C,141,Q,0.9476154607546448,Pathogenic
C141R,C,141,R,0.9479441202059604,Pathogenic
C141S,C,141,S,0.5610911742121233,Uncertain
C141T,C,141,T,0.7193503895744184,Pathogenic
C141V,C,141,V,0.6443965076460528,Pathogenic
C141W,C,141,W,0.8543291335837675,Pathogenic
C141Y,C,141,Y,0.9596660806281068,Pathogenic
P142A,P,142,A,0.8573913248209546,Pathogenic
P142C,P,142,C,0.9349609362229668,Pathogenic
P142D,P,142,D,0.9285347934431178,Pathogenic
P142E,P,142,E,0.9182476284723876,Pathogenic
P142F,P,142,F,0.9585436534407974,Pathogenic
P142G,P,142,G,0.9410073798448708,Pathogenic
P142H,P,142,H,0.8657149464134251,Pathogenic
P142I,P,142,I,0.8900016226705587,Pathogenic
P142K,P,142,K,0.6288463071793612,Uncertain
P142L,P,142,L,0.7191522120390705,Pathogenic
P142M,P,142,M,0.8733476119155417,Pathogenic
P142N,P,142,N,0.7881631286805822,Pathogenic
P142Q,P,142,Q,0.8861105207039115,Pathogenic
P142R,P,142,R,0.9143235638365741,Pathogenic
P142S,P,142,S,0.8095702938234892,Pathogenic
P142T,P,142,T,0.7958314110091238,Pathogenic
P142V,P,142,V,0.7883106580164863,Pathogenic
P142W,P,142,W,0.9636470626618256,Pathogenic
P142Y,P,142,Y,0.8517401568213582,Pathogenic
V143A,V,143,A,0.8626557133440214,Pathogenic
V143C,V,143,C,0.9662864669965828,Pathogenic
V143D,V,143,D,0.9586916139713036,Pathogenic
V143E,V,143,E,0.9565172621011117,Pathogenic
V143F,V,143,F,0.5541133792623915,Uncertain
V143G,V,143,G,0.960435534822492,Pathogenic
V143H,V,143,H,0.9694575600899078,Pathogenic
V143I,V,143,I,0.3547466957378479,Benign
V143K,V,143,K,0.9647032807883048,Pathogenic
V143L,V,143,L,0.4891415810810442,Uncertain
V143M,V,143,M,0.6807827707211956,Pathogenic
V143N,V,143,N,0.9565309821350201,Pathogenic
V143P,V,143,P,0.960241558936736,Pathogenic
V143Q,V,143,Q,0.9659745389912708,Pathogenic
V143R,V,143,R,0.9554240433740852,Pathogenic
V143S,V,143,S,0.9644185169509728,Pathogenic
V143T,V,143,T,0.9126798712616719,Pathogenic
V143W,V,143,W,0.9598858053776502,Pathogenic
V143Y,V,143,Y,0.963905890286902,Pathogenic
Q144A,Q,144,A,0.7324764825248948,Pathogenic
Q144C,Q,144,C,0.9006708091219158,Pathogenic
Q144D,Q,144,D,0.5721858776205698,Uncertain
Q144E,Q,144,E,0.33299172274031896,Benign
Q144F,Q,144,F,0.9095258022110516,Pathogenic
Q144G,Q,144,G,0.6390851409932289,Uncertain
Q144H,Q,144,H,0.5693506197349267,Uncertain
Q144I,Q,144,I,0.8545470815766586,Pathogenic
Q144K,Q,144,K,0.6780702528422423,Pathogenic
Q144L,Q,144,L,0.4468051974560968,Uncertain
Q144M,Q,144,M,0.8356478487561101,Pathogenic
Q144N,Q,144,N,0.6813134748361624,Pathogenic
Q144P,Q,144,P,0.8629045672836619,Pathogenic
Q144R,Q,144,R,0.6452625850893856,Pathogenic
Q144S,Q,144,S,0.6900766524074828,Pathogenic
Q144T,Q,144,T,0.7802212366956359,Pathogenic
Q144V,Q,144,V,0.8111181467310267,Pathogenic
Q144W,Q,144,W,0.9088030283642741,Pathogenic
Q144Y,Q,144,Y,0.8297970910044528,Pathogenic
L145A,L,145,A,0.5223657327339125,Uncertain
L145C,L,145,C,0.7372300438809588,Pathogenic
L145D,L,145,D,0.8601252726062538,Pathogenic
L145E,L,145,E,0.8536589950254319,Pathogenic
L145F,L,145,F,0.5239863931728945,Uncertain
L145G,L,145,G,0.835555380495006,Pathogenic
L145H,L,145,H,0.8537976382152654,Pathogenic
L145I,L,145,I,0.2005619488918508,Benign
L145K,L,145,K,0.8186379344289251,Pathogenic
L145M,L,145,M,0.18554333858447689,Benign
L145N,L,145,N,0.8555100245331833,Pathogenic
L145P,L,145,P,0.6940056270601257,Pathogenic
L145Q,L,145,Q,0.8470532691887749,Pathogenic
L145R,L,145,R,0.5965943737059125,Uncertain
L145S,L,145,S,0.8492661658098832,Pathogenic
L145T,L,145,T,0.7553722509921762,Pathogenic
L145V,L,145,V,0.1863888346610381,Benign
L145W,L,145,W,0.8508191835848287,Pathogenic
L145Y,L,145,Y,0.5231759949843605,Uncertain
W146A,W,146,A,0.3858446562998151,Uncertain
W146C,W,146,C,0.8038256523327586,Pathogenic
W146D,W,146,D,0.6719193399824437,Pathogenic
W146E,W,146,E,0.3613402972764496,Uncertain
W146F,W,146,F,0.4691614080326429,Uncertain
W146G,W,146,G,0.7458351665910646,Pathogenic
W146H,W,146,H,0.4656687095547836,Uncertain
W146I,W,146,I,0.5433161394288115,Uncertain
W146K,W,146,K,0.24813521415176834,Benign
W146L,W,146,L,0.3154741347371769,Benign
W146M,W,146,M,0.5651834172897829,Uncertain
W146N,W,146,N,0.5227130048242274,Uncertain
W146P,W,146,P,0.8106948989381421,Pathogenic
W146Q,W,146,Q,0.38858112387649546,Uncertain
W146R,W,146,R,0.3137794784481693,Benign
W146S,W,146,S,0.4832209555457017,Uncertain
W146T,W,146,T,0.3077468080816159,Benign
W146V,W,146,V,0.3014840071676357,Benign
W146Y,W,146,Y,0.5049173194123551,Uncertain
V147A,V,147,A,0.8026130497320157,Pathogenic
V147C,V,147,C,0.7079618061700581,Pathogenic
V147D,V,147,D,0.9496024074105408,Pathogenic
V147E,V,147,E,0.9600328552636416,Pathogenic
V147F,V,147,F,0.6843910858367697,Pathogenic
V147G,V,147,G,0.903666117011116,Pathogenic
V147H,V,147,H,0.90101018607164,Pathogenic
V147I,V,147,I,0.6970074309283134,Pathogenic
V147K,V,147,K,0.9381260182023268,Pathogenic
V147L,V,147,L,0.3643682646642791,Uncertain
V147M,V,147,M,0.5290323302467859,Uncertain
V147N,V,147,N,0.9508707380968616,Pathogenic
V147P,V,147,P,0.8748600711298019,Pathogenic
V147Q,V,147,Q,0.920434561728687,Pathogenic
V147R,V,147,R,0.9431195745355472,Pathogenic
V147S,V,147,S,0.8470532691887749,Pathogenic
V147T,V,147,T,0.483078748482622,Uncertain
V147W,V,147,W,0.6355905421800152,Uncertain
V147Y,V,147,Y,0.7200579876256632,Pathogenic
D148A,D,148,A,0.19765311312746006,Benign
D148C,D,148,C,0.4078874937593326,Uncertain
D148E,D,148,E,0.15539017407576902,Benign
D148F,D,148,F,0.6315081796329858,Uncertain
D148G,D,148,G,0.19101777900696068,Benign
D148H,D,148,H,0.3800263995880224,Uncertain
D148I,D,148,I,0.3930657490678993,Uncertain
D148K,D,148,K,0.19817550791736496,Benign
D148L,D,148,L,0.2686995959763394,Benign
D148M,D,148,M,0.4348632738456128,Uncertain
D148N,D,148,N,0.11909826718197372,Benign
D148P,D,148,P,0.4979925773255161,Uncertain
D148Q,D,148,Q,0.2347750564247407,Benign
D148R,D,148,R,0.2429301878012743,Benign
D148S,D,148,S,0.10806198389481064,Benign
D148T,D,148,T,0.10083025432242328,Benign
D148V,D,148,V,0.2938086939153969,Benign
D148W,D,148,W,0.5915340218487652,Uncertain
D148Y,D,148,Y,0.6599688962108536,Pathogenic
S149A,S,149,A,0.3908984820291007,Uncertain
S149C,S,149,C,0.7529513967337911,Pathogenic
S149D,S,149,D,0.5756306508029764,Uncertain
S149E,S,149,E,0.4868091870251518,Uncertain
S149F,S,149,F,0.4671502737081947,Uncertain
S149G,S,149,G,0.4673259405692324,Uncertain
S149H,S,149,H,0.4426463333365201,Uncertain
S149I,S,149,I,0.7004107144179805,Pathogenic
S149K,S,149,K,0.25252286339435953,Benign
S149L,S,149,L,0.3346321914121638,Benign
S149M,S,149,M,0.7040146341622908,Pathogenic
S149N,S,149,N,0.4008710600042419,Uncertain
S149P,S,149,P,0.6091123983161701,Uncertain
S149Q,S,149,Q,0.3323084289460532,Benign
S149R,S,149,R,0.4540186723153649,Uncertain
S149T,S,149,T,0.3514659546567224,Benign
S149V,S,149,V,0.2969328945581024,Benign
S149W,S,149,W,0.860836764363609,Pathogenic
S149Y,S,149,Y,0.6557913816251782,Pathogenic
T150A,T,150,A,0.1783118504027098,Benign
T150C,T,150,C,0.4979423687663634,Uncertain
T150D,T,150,D,0.2676446249720412,Benign
T150E,T,150,E,0.19051304604302846,Benign
T150F,T,150,F,0.5069757547068763,Uncertain
T150G,T,150,G,0.3862734877330316,Uncertain
T150H,T,150,H,0.5094826256811497,Uncertain
T150I,T,150,I,0.5642800212717747,Uncertain
T150K,T,150,K,0.2514173882805379,Benign
T150L,T,150,L,0.21805763841642287,Benign
T150M,T,150,M,0.2975443612415675,Benign
T150N,T,150,N,0.35090302243408444,Benign
T150P,T,150,P,0.07528588250868824,Benign
T150Q,T,150,Q,0.2102232175602982,Benign
T150R,T,150,R,0.35286476245439724,Benign
T150S,T,150,S,0.2216398087782676,Benign
T150V,T,150,V,0.3055351210593443,Benign
T150W,T,150,W,0.4526382242563835,Uncertain
T150Y,T,150,Y,0.5265341693355007,Uncertain
P151A,P,151,A,0.7203095286202106,Pathogenic
P151C,P,151,C,0.8210330674813053,Pathogenic
P151D,P,151,D,0.9018231958579521,Pathogenic
P151E,P,151,E,0.9178414901374968,Pathogenic
P151F,P,151,F,0.8304866370321753,Pathogenic
P151G,P,151,G,0.8989053636954604,Pathogenic
P151H,P,151,H,0.9242836578854638,Pathogenic
P151I,P,151,I,0.7638110057178836,Pathogenic
P151K,P,151,K,0.8785346405852368,Pathogenic
P151L,P,151,L,0.32252696313979057,Benign
P151M,P,151,M,0.7005356653281407,Pathogenic
P151N,P,151,N,0.7615843707284113,Pathogenic
P151Q,P,151,Q,0.8547792491458489,Pathogenic
P151R,P,151,R,0.9431036609337848,Pathogenic
P151S,P,151,S,0.7682979920078179,Pathogenic
P151T,P,151,T,0.6804006454200965,Pathogenic
P151V,P,151,V,0.6287282499296749,Uncertain
P151W,P,151,W,0.9295367073724748,Pathogenic
P151Y,P,151,Y,0.8542382309714341,Pathogenic
P152A,P,152,A,0.7803375684232476,Pathogenic
P152C,P,152,C,0.9007308965174547,Pathogenic
P152D,P,152,D,0.7714072890406058,Pathogenic
P152E,P,152,E,0.6819213161370098,Pathogenic
P152F,P,152,F,0.7982871287835867,Pathogenic
P152G,P,152,G,0.7505413320005427,Pathogenic
P152H,P,152,H,0.7047459135212933,Pathogenic
P152I,P,152,I,0.7815485019533566,Pathogenic
P152K,P,152,K,0.8891441586017166,Pathogenic
P152L,P,152,L,0.7402987903553208,Pathogenic
P152M,P,152,M,0.7768535428708024,Pathogenic
P152N,P,152,N,0.7053833970640975,Pathogenic
P152Q,P,152,Q,0.7242499663232524,Pathogenic
P152R,P,152,R,0.9517806349226844,Pathogenic
P152S,P,152,S,0.7115775886274437,Pathogenic
P152T,P,152,T,0.7819259266195459,Pathogenic
P152V,P,152,V,0.7964809141308122,Pathogenic
P152W,P,152,W,0.9242774894501924,Pathogenic
P152Y,P,152,Y,0.8340257230520608,Pathogenic
P153A,P,153,A,0.20444079633852769,Benign
P153C,P,153,C,0.6941131688045121,Pathogenic
P153D,P,153,D,0.5044497705641949,Uncertain
P153E,P,153,E,0.4741258876379347,Uncertain
P153F,P,153,F,0.6702750862069512,Pathogenic
P153G,P,153,G,0.6479776415554164,Pathogenic
P153H,P,153,H,0.4218030354399945,Uncertain
P153I,P,153,I,0.5906689009885281,Uncertain
P153K,P,153,K,0.40771734243605295,Uncertain
P153L,P,153,L,0.21828566297313848,Benign
P153M,P,153,M,0.2652805519788317,Benign
P153N,P,153,N,0.6248261225090977,Uncertain
P153Q,P,153,Q,0.252681820608438,Benign
P153R,P,153,R,0.5106864515076113,Uncertain
P153S,P,153,S,0.3345758824113763,Benign
P153T,P,153,T,0.5142142289474206,Uncertain
P153V,P,153,V,0.5178469878413674,Uncertain
P153W,P,153,W,0.8120966582529605,Pathogenic
P153Y,P,153,Y,0.7945564022912623,Pathogenic
G154A,G,154,A,0.8244611540496116,Pathogenic
G154C,G,154,C,0.8697112708265504,Pathogenic
G154D,G,154,D,0.5592607549631632,Uncertain
G154E,G,154,E,0.7219294440879656,Pathogenic
G154F,G,154,F,0.8401142207535567,Pathogenic
G154H,G,154,H,0.7679822159383061,Pathogenic
G154I,G,154,I,0.8812392463357006,Pathogenic
G154K,G,154,K,0.6382059017673283,Uncertain
G154L,G,154,L,0.8041822996181758,Pathogenic
G154M,G,154,M,0.8684961618180798,Pathogenic
G154N,G,154,N,0.4841599291259782,Uncertain
G154P,G,154,P,0.6736903867761321,Pathogenic
G154Q,G,154,Q,0.6793956153091242,Pathogenic
G154R,G,154,R,0.6699654594686726,Pathogenic
G154S,G,154,S,0.3659472713247707,Uncertain
G154T,G,154,T,0.7784251815797395,Pathogenic
G154V,G,154,V,0.854877110569189,Pathogenic
G154W,G,154,W,0.8412188994169993,Pathogenic
G154Y,G,154,Y,0.8472727423942988,Pathogenic
T155A,T,155,A,0.1573908743359979,Benign
T155C,T,155,C,0.35937053061119906,Uncertain
T155D,T,155,D,0.8692476099813122,Pathogenic
T155E,T,155,E,0.8795430658498977,Pathogenic
T155F,T,155,F,0.4299649968084207,Uncertain
T155G,T,155,G,0.8489479406577359,Pathogenic
T155H,T,155,H,0.8155957945691692,Pathogenic
T155I,T,155,I,0.7501862099116035,Pathogenic
T155K,T,155,K,0.8810681101733918,Pathogenic
T155L,T,155,L,0.4418100246277245,Uncertain
T155M,T,155,M,0.5587035181013809,Uncertain
T155N,T,155,N,0.8533924544837173,Pathogenic
T155P,T,155,P,0.7844193915684237,Pathogenic
T155Q,T,155,Q,0.8769092625692048,Pathogenic
T155R,T,155,R,0.8983384174683002,Pathogenic
T155S,T,155,S,0.12236316304029908,Benign
T155V,T,155,V,0.5806310031353159,Uncertain
T155W,T,155,W,0.6127242378433451,Uncertain
T155Y,T,155,Y,0.5992289298783232,Uncertain
R156A,R,156,A,0.4992336806925839,Uncertain
R156C,R,156,C,0.2295580899738294,Benign
R156D,R,156,D,0.7509017288014475,Pathogenic
R156E,R,156,E,0.7179497423762761,Pathogenic
R156F,R,156,F,0.3101994866201113,Benign
R156G,R,156,G,0.6805172934423469,Pathogenic
R156H,R,156,H,0.29117648434820137,Benign
R156I,R,156,I,0.1857805092431909,Benign
R156K,R,156,K,0.4841883988953241,Uncertain
R156L,R,156,L,0.2092366487871777,Benign
R156M,R,156,M,0.24794973910823626,Benign
R156N,R,156,N,0.4693021720793204,Uncertain
R156P,R,156,P,0.7608907764854596,Pathogenic
R156Q,R,156,Q,0.4260509473720482,Uncertain
R156S,R,156,S,0.37711661018276416,Uncertain
R156T,R,156,T,0.4412689039418187,Uncertain
R156V,R,156,V,0.1686705472458329,Benign
R156W,R,156,W,0.4480737934337405,Uncertain
R156Y,R,156,Y,0.3359518381082514,Benign
V157A,V,157,A,0.9172623584799124,Pathogenic
V157C,V,157,C,0.8977096344391591,Pathogenic
V157D,V,157,D,0.9160774492682032,Pathogenic
V157E,V,157,E,0.9391369096226144,Pathogenic
V157F,V,157,F,0.8556760292644365,Pathogenic
V157G,V,157,G,0.949882850250262,Pathogenic
V157H,V,157,H,0.9512556449217546,Pathogenic
V157I,V,157,I,0.22055407526114454,Benign
V157K,V,157,K,0.953290303444313,Pathogenic
V157L,V,157,L,0.20530624355518454,Benign
V157M,V,157,M,0.9352835008958368,Pathogenic
V157N,V,157,N,0.9471852590453228,Pathogenic
V157P,V,157,P,0.9298697997713088,Pathogenic
V157Q,V,157,Q,0.9419303794905742,Pathogenic
V157R,V,157,R,0.9168787316370934,Pathogenic
V157S,V,157,S,0.9355155509734704,Pathogenic
V157T,V,157,T,0.9320241849145152,Pathogenic
V157W,V,157,W,0.9465565313586712,Pathogenic
V157Y,V,157,Y,0.9446994576252064,Pathogenic
R158A,R,158,A,0.9224496915889332,Pathogenic
R158C,R,158,C,0.7600393372664997,Pathogenic
R158D,R,158,D,0.9085261271222441,Pathogenic
R158E,R,158,E,0.9233465978649712,Pathogenic
R158F,R,158,F,0.8531913374242417,Pathogenic
R158G,R,158,G,0.9408426626083572,Pathogenic
R158H,R,158,H,0.37382281645351456,Uncertain
R158I,R,158,I,0.9182211759281228,Pathogenic
R158K,R,158,K,0.6640489616242634,Pathogenic
R158L,R,158,L,0.8806761718213874,Pathogenic
R158M,R,158,M,0.9300137788214844,Pathogenic
R158N,R,158,N,0.8558562767338667,Pathogenic
R158P,R,158,P,0.9314559147210442,Pathogenic
R158Q,R,158,Q,0.8346931226463358,Pathogenic
R158S,R,158,S,0.8822919021278225,Pathogenic
R158T,R,158,T,0.7485056583261531,Pathogenic
R158V,R,158,V,0.7517428947860019,Pathogenic
R158W,R,158,W,0.9300866110127854,Pathogenic
R158Y,R,158,Y,0.8932069573166971,Pathogenic
A159C,A,159,C,0.7816542436561436,Pathogenic
A159D,A,159,D,0.8908901745072224,Pathogenic
A159E,A,159,E,0.9199019305678676,Pathogenic
A159F,A,159,F,0.6737100583720494,Pathogenic
A159G,A,159,G,0.7231032122818771,Pathogenic
A159H,A,159,H,0.6985143799192782,Pathogenic
A159I,A,159,I,0.4649742358183252,Uncertain
A159K,A,159,K,0.9209576374995241,Pathogenic
A159L,A,159,L,0.5871112378122596,Uncertain
A159M,A,159,M,0.686696603258557,Pathogenic
A159N,A,159,N,0.9317246451682752,Pathogenic
A159P,A,159,P,0.9108587305780174,Pathogenic
A159Q,A,159,Q,0.908150908212418,Pathogenic
A159R,A,159,R,0.9007909948744974,Pathogenic
A159S,A,159,S,0.6159040041686179,Uncertain
A159T,A,159,T,0.16872034046864706,Benign
A159V,A,159,V,0.40122711449381776,Uncertain
A159W,A,159,W,0.8698798363591731,Pathogenic
A159Y,A,159,Y,0.881924705830193,Pathogenic
M160A,M,160,A,0.7820566490184633,Pathogenic
M160C,M,160,C,0.6973908589317116,Pathogenic
M160D,M,160,D,0.9270677824957456,Pathogenic
M160E,M,160,E,0.8309148501674652,Pathogenic
M160F,M,160,F,0.6709859123617297,Pathogenic
M160G,M,160,G,0.7774719357938568,Pathogenic
M160H,M,160,H,0.8282820319896436,Pathogenic
M160I,M,160,I,0.5136512735179535,Uncertain
M160K,M,160,K,0.8311944268720018,Pathogenic
M160L,M,160,L,0.4612564085824918,Uncertain
M160N,M,160,N,0.9403260359334868,Pathogenic
M160P,M,160,P,0.9186716884185842,Pathogenic
M160Q,M,160,Q,0.8330673337251887,Pathogenic
M160R,M,160,R,0.7826993497247593,Pathogenic
M160S,M,160,S,0.7953671480112098,Pathogenic
M160T,M,160,T,0.23229844693717885,Benign
M160V,M,160,V,0.4755185231566128,Uncertain
M160W,M,160,W,0.8928247913279488,Pathogenic
M160Y,M,160,Y,0.7890815095549546,Pathogenic
A161C,A,161,C,0.9545065623763598,Pathogenic
A161D,A,161,D,0.969451239151641,Pathogenic
A161E,A,161,E,0.9685575350722582,Pathogenic
A161F,A,161,F,0.9509585202920056,Pathogenic
A161G,A,161,G,0.9500218214900672,Pathogenic
A161H,A,161,H,0.9604492861184962,Pathogenic
A161I,A,161,I,0.8433822033423559,Pathogenic
A161K,A,161,K,0.9426016382896908,Pathogenic
A161L,A,161,L,0.6764159634969157,Pathogenic
A161M,A,161,M,0.7685871912297295,Pathogenic
A161N,A,161,N,0.9695423691228352,Pathogenic
A161P,A,161,P,0.4804288530465396,Uncertain
A161Q,A,161,Q,0.9742604059479184,Pathogenic
A161R,A,161,R,0.9604550067227242,Pathogenic
A161S,A,161,S,0.9645678999254717,Pathogenic
A161T,A,161,T,0.8893051912690635,Pathogenic
A161V,A,161,V,0.7097425229131181,Pathogenic
A161W,A,161,W,0.9695675910647459,Pathogenic
A161Y,A,161,Y,0.9726009998279632,Pathogenic
I162A,I,162,A,0.568549352706724,Uncertain
I162C,I,162,C,0.6932272211156066,Pathogenic
I162D,I,162,D,0.8956420088073446,Pathogenic
I162E,I,162,E,0.7555910527095463,Pathogenic
I162F,I,162,F,0.7098037735443161,Pathogenic
I162G,I,162,G,0.7066928113051995,Pathogenic
I162H,I,162,H,0.861070900539892,Pathogenic
I162K,I,162,K,0.7610414398076728,Pathogenic
I162L,I,162,L,0.5429826846855522,Uncertain
I162M,I,162,M,0.5489622979799376,Uncertain
I162N,I,162,N,0.9117039450190928,Pathogenic
I162P,I,162,P,0.8727978782129242,Pathogenic
I162Q,I,162,Q,0.8045753854557309,Pathogenic
I162R,I,162,R,0.6653505513683282,Pathogenic
I162S,I,162,S,0.5980545857749773,Uncertain
I162T,I,162,T,0.7848776327704423,Pathogenic
I162V,I,162,V,0.14586291649364522,Benign
I162W,I,162,W,0.910109447092478,Pathogenic
I162Y,I,162,Y,0.8827185648475296,Pathogenic
Y163A,Y,163,A,0.9597173237540316,Pathogenic
Y163C,Y,163,C,0.5826568677390134,Uncertain
Y163D,Y,163,D,0.971212622857766,Pathogenic
Y163E,Y,163,E,0.9450137275483864,Pathogenic
Y163F,Y,163,F,0.4653249203700186,Uncertain
Y163G,Y,163,G,0.9505153544443564,Pathogenic
Y163H,Y,163,H,0.8580007607482361,Pathogenic
Y163I,Y,163,I,0.9651341741547126,Pathogenic
Y163K,Y,163,K,0.9673500021245168,Pathogenic
Y163L,Y,163,L,0.9431386655603984,Pathogenic
Y163M,Y,163,M,0.966899552233668,Pathogenic
Y163N,Y,163,N,0.9752992390683566,Pathogenic
Y163P,Y,163,P,0.9350237767452731,Pathogenic
Y163Q,Y,163,Q,0.9518340739326075,Pathogenic
Y163R,Y,163,R,0.9644247573501838,Pathogenic
Y163S,Y,163,S,0.861381478079639,Pathogenic
Y163T,Y,163,T,0.9613992309334856,Pathogenic
Y163V,Y,163,V,0.959131393722264,Pathogenic
Y163W,Y,163,W,0.9721313851601494,Pathogenic
K164A,K,164,A,0.6981004266227826,Pathogenic
K164C,K,164,C,0.8156619390730427,Pathogenic
K164D,K,164,D,0.9310198401463594,Pathogenic
K164E,K,164,E,0.8479145208054386,Pathogenic
K164F,K,164,F,0.9489304853625998,Pathogenic
K164G,K,164,G,0.8134945907101543,Pathogenic
K164H,K,164,H,0.9264426251526042,Pathogenic
K164I,K,164,I,0.8499270085373349,Pathogenic
K164L,K,164,L,0.7737111867571651,Pathogenic
K164M,K,164,M,0.7098160227196039,Pathogenic
K164N,K,164,N,0.9160797204458259,Pathogenic
K164P,K,164,P,0.8905918430802541,Pathogenic
K164Q,K,164,Q,0.8106408508114642,Pathogenic
K164R,K,164,R,0.5066445687079238,Uncertain
K164S,K,164,S,0.5493173796830928,Uncertain
K164T,K,164,T,0.6831542364680091,Pathogenic
K164V,K,164,V,0.6671460898618699,Pathogenic
K164W,K,164,W,0.9191767023015416,Pathogenic
K164Y,K,164,Y,0.9139832170687476,Pathogenic
Q165A,Q,165,A,0.2481436504691761,Benign
Q165C,Q,165,C,0.27729122057883177,Benign
Q165D,Q,165,D,0.21312020823888336,Benign
Q165E,Q,165,E,0.19050036957867145,Benign
Q165F,Q,165,F,0.5016461963737148,Uncertain
Q165G,Q,165,G,0.23736420096983296,Benign
Q165H,Q,165,H,0.4928284918861816,Uncertain
Q165I,Q,165,I,0.4004634703041408,Uncertain
Q165K,Q,165,K,0.045007147787515744,Benign
Q165L,Q,165,L,0.2265954020671757,Benign
Q165M,Q,165,M,0.4075930358737911,Uncertain
Q165N,Q,165,N,0.20369874801971152,Benign
Q165P,Q,165,P,0.6673512029082029,Pathogenic
Q165R,Q,165,R,0.1367214369194913,Benign
Q165S,Q,165,S,0.16534202374944784,Benign
Q165T,Q,165,T,0.22328489487531344,Benign
Q165V,Q,165,V,0.3979013397048077,Uncertain
Q165W,Q,165,W,0.5986952162001941,Uncertain
Q165Y,Q,165,Y,0.35689810008179945,Benign
S166A,S,166,A,0.27047182520569035,Benign
S166C,S,166,C,0.7838154924131211,Pathogenic
S166D,S,166,D,0.651421116736345,Pathogenic
S166E,S,166,E,0.6170415882645958,Uncertain
S166F,S,166,F,0.8231168404289144,Pathogenic
S166G,S,166,G,0.8164810575400911,Pathogenic
S166H,S,166,H,0.6918828114428168,Pathogenic
S166I,S,166,I,0.7609607389587706,Pathogenic
S166K,S,166,K,0.8080032153918085,Pathogenic
S166L,S,166,L,0.386418602391668,Uncertain
S166M,S,166,M,0.7064645160311619,Pathogenic
S166N,S,166,N,0.7595209312326342,Pathogenic
S166P,S,166,P,0.3467046939365432,Benign
S166Q,S,166,Q,0.7907629049334202,Pathogenic
S166R,S,166,R,0.8485052177643274,Pathogenic
S166T,S,166,T,0.2686629808864999,Benign
S166V,S,166,V,0.7761671676505161,Pathogenic
S166W,S,166,W,0.9135352602037284,Pathogenic
S166Y,S,166,Y,0.7583895986585282,Pathogenic
Q167A,Q,167,A,0.4378860390742478,Uncertain
Q167C,Q,167,C,0.7500196190337177,Pathogenic
Q167D,Q,167,D,0.1922716993842546,Benign
Q167E,Q,167,E,0.0893616054143082,Benign
Q167F,Q,167,F,0.8265755304305038,Pathogenic
Q167G,Q,167,G,0.4957346945225455,Uncertain
Q167H,Q,167,H,0.4475771922443451,Uncertain
Q167I,Q,167,I,0.6595876863106362,Pathogenic
Q167K,Q,167,K,0.8183547475784358,Pathogenic
Q167L,Q,167,L,0.8273342627084889,Pathogenic
Q167M,Q,167,M,0.7084782945202067,Pathogenic
Q167N,Q,167,N,0.44875018334409694,Uncertain
Q167P,Q,167,P,0.7708129515485058,Pathogenic
Q167R,Q,167,R,0.4868305692487505,Uncertain
Q167S,Q,167,S,0.299833959918689,Benign
Q167T,Q,167,T,0.4984588014063789,Uncertain
Q167V,Q,167,V,0.5608813987992348,Uncertain
Q167W,Q,167,W,0.7768024064000051,Pathogenic
Q167Y,Q,167,Y,0.7965381117467426,Pathogenic
H168A,H,168,A,0.8666655264446519,Pathogenic
H168C,H,168,C,0.9036966613723968,Pathogenic
H168D,H,168,D,0.504241188514054,Uncertain
H168E,H,168,E,0.8502658138855743,Pathogenic
H168F,H,168,F,0.6753323890944205,Pathogenic
H168G,H,168,G,0.9263463227433354,Pathogenic
H168I,H,168,I,0.9459818763982278,Pathogenic
H168K,H,168,K,0.8485465392761162,Pathogenic
H168L,H,168,L,0.849108963530408,Pathogenic
H168M,H,168,M,0.9545104616705185,Pathogenic
H168N,H,168,N,0.6616584458979475,Pathogenic
H168P,H,168,P,0.9413683426697796,Pathogenic
H168Q,H,168,Q,0.7862083165053253,Pathogenic
H168R,H,168,R,0.8227965305325994,Pathogenic
H168S,H,168,S,0.7731990037562099,Pathogenic
H168T,H,168,T,0.9414566390534496,Pathogenic
H168V,H,168,V,0.9134820469396028,Pathogenic
H168W,H,168,W,0.8894057217716234,Pathogenic
H168Y,H,168,Y,0.6199856071613675,Uncertain
M169A,M,169,A,0.4594754574694603,Uncertain
M169C,M,169,C,0.8493746069537206,Pathogenic
M169D,M,169,D,0.8218199853191958,Pathogenic
M169E,M,169,E,0.8244441989941356,Pathogenic
M169F,M,169,F,0.663669967167998,Pathogenic
M169G,M,169,G,0.9073816189799888,Pathogenic
M169H,M,169,H,0.8532608589307216,Pathogenic
M169I,M,169,I,0.30455635772032225,Benign
M169K,M,169,K,0.6914318840075487,Pathogenic
M169L,M,169,L,0.3795839151137625,Uncertain
M169N,M,169,N,0.7081340308412061,Pathogenic
M169P,M,169,P,0.7794463366500686,Pathogenic
M169Q,M,169,Q,0.6179256216797017,Uncertain
M169R,M,169,R,0.3794032641897552,Uncertain
M169S,M,169,S,0.6799210765836217,Pathogenic
M169T,M,169,T,0.7895566371990728,Pathogenic
M169V,M,169,V,0.1878491518204564,Benign
M169W,M,169,W,0.8410000341932303,Pathogenic
M169Y,M,169,Y,0.7096873905704176,Pathogenic
T170A,T,170,A,0.1844572977094622,Benign
T170C,T,170,C,0.7524276225171541,Pathogenic
T170D,T,170,D,0.8134233736787819,Pathogenic
T170E,T,170,E,0.6264416666605158,Uncertain
T170F,T,170,F,0.767776775440247,Pathogenic
T170G,T,170,G,0.5245219133087539,Uncertain
T170H,T,170,H,0.6427368350979606,Pathogenic
T170I,T,170,I,0.7779361631729168,Pathogenic
T170K,T,170,K,0.6011414547663032,Uncertain
T170L,T,170,L,0.678993130687927,Pathogenic
T170M,T,170,M,0.5953110947532132,Uncertain
T170N,T,170,N,0.4405433890360004,Uncertain
T170P,T,170,P,0.8387659870432773,Pathogenic
T170Q,T,170,Q,0.5771786071280491,Uncertain
T170R,T,170,R,0.5307634705466964,Uncertain
T170S,T,170,S,0.2854938961710257,Benign
T170V,T,170,V,0.7927921593765959,Pathogenic
T170W,T,170,W,0.8782947026770827,Pathogenic
T170Y,T,170,Y,0.6863375852392508,Pathogenic
E171A,E,171,A,0.9127125688244432,Pathogenic
E171C,E,171,C,0.9218783334149968,Pathogenic
E171D,E,171,D,0.30548844777743,Benign
E171F,E,171,F,0.9270299583270614,Pathogenic
E171G,E,171,G,0.8622401623498186,Pathogenic
E171H,E,171,H,0.8387224275050487,Pathogenic
E171I,E,171,I,0.8675164799563528,Pathogenic
E171K,E,171,K,0.7025923418898158,Pathogenic
E171L,E,171,L,0.7243983065303741,Pathogenic
E171M,E,171,M,0.8259362039351319,Pathogenic
E171N,E,171,N,0.8088493381836455,Pathogenic
E171P,E,171,P,0.960934258847104,Pathogenic
E171Q,E,171,Q,0.7841899527565309,Pathogenic
E171R,E,171,R,0.7953049072159268,Pathogenic
E171S,E,171,S,0.896520571388298,Pathogenic
E171T,E,171,T,0.8339609265929842,Pathogenic
E171V,E,171,V,0.7847830255601922,Pathogenic
E171W,E,171,W,0.9563221596116164,Pathogenic
E171Y,E,171,Y,0.8896180526457286,Pathogenic
V172A,V,172,A,0.5296407129630527,Uncertain
V172C,V,172,C,0.907169935811705,Pathogenic
V172D,V,172,D,0.9411487175930596,Pathogenic
V172E,V,172,E,0.9631360913227941,Pathogenic
V172F,V,172,F,0.9338424902076496,Pathogenic
V172G,V,172,G,0.9100543380097516,Pathogenic
V172H,V,172,H,0.8962139484679486,Pathogenic
V172I,V,172,I,0.6169082219530588,Uncertain
V172K,V,172,K,0.9160413801075142,Pathogenic
V172L,V,172,L,0.7682874769561776,Pathogenic
V172M,V,172,M,0.927731634009062,Pathogenic
V172N,V,172,N,0.7789844747632169,Pathogenic
V172P,V,172,P,0.5969007540546649,Uncertain
V172Q,V,172,Q,0.9458601808194508,Pathogenic
V172R,V,172,R,0.8121952040948319,Pathogenic
V172S,V,172,S,0.8500983518875608,Pathogenic
V172T,V,172,T,0.6945113400126799,Pathogenic
V172W,V,172,W,0.9526239760120984,Pathogenic
V172Y,V,172,Y,0.9537821495486992,Pathogenic
V173A,V,173,A,0.9022004162605656,Pathogenic
V173C,V,173,C,0.9722374771904516,Pathogenic
V173D,V,173,D,0.9646991561087768,Pathogenic
V173E,V,173,E,0.9650708743722559,Pathogenic
V173F,V,173,F,0.9769548934076544,Pathogenic
V173G,V,173,G,0.9686038855127199,Pathogenic
V173H,V,173,H,0.959054648905414,Pathogenic
V173I,V,173,I,0.6061915421267101,Uncertain
V173K,V,173,K,0.9727900416421712,Pathogenic
V173L,V,173,L,0.6697348434245474,Pathogenic
V173M,V,173,M,0.9561589487912824,Pathogenic
V173N,V,173,N,0.9697427124020384,Pathogenic
V173P,V,173,P,0.971913872992859,Pathogenic
V173Q,V,173,Q,0.97499594064114,Pathogenic
V173R,V,173,R,0.9593514286600446,Pathogenic
V173S,V,173,S,0.971691443687284,Pathogenic
V173T,V,173,T,0.9691927137347224,Pathogenic
V173W,V,173,W,0.9711140811755792,Pathogenic
V173Y,V,173,Y,0.974211751794176,Pathogenic
R174A,R,174,A,0.7578740275585287,Pathogenic
R174C,R,174,C,0.7574556783140568,Pathogenic
R174D,R,174,D,0.8554450687188602,Pathogenic
R174E,R,174,E,0.6113991749180278,Uncertain
R174F,R,174,F,0.8378698999580566,Pathogenic
R174G,R,174,G,0.8898786445580462,Pathogenic
R174H,R,174,H,0.6103903774308452,Uncertain
R174I,R,174,I,0.5721282220838146,Uncertain
R174K,R,174,K,0.14627865410592947,Benign
R174L,R,174,L,0.3625358692796112,Uncertain
R174M,R,174,M,0.6984830470165451,Pathogenic
R174N,R,174,N,0.6273527634406255,Uncertain
R174P,R,174,P,0.8689322030250746,Pathogenic
R174Q,R,174,Q,0.4134814451074881,Uncertain
R174S,R,174,S,0.6783043266498605,Pathogenic
R174T,R,174,T,0.603463041193217,Uncertain
R174V,R,174,V,0.6758287140899483,Pathogenic
R174W,R,174,W,0.8837839011613466,Pathogenic
R174Y,R,174,Y,0.7376321649722288,Pathogenic
R175A,R,175,A,0.8361416039524548,Pathogenic
R175C,R,175,C,0.5167560736491144,Uncertain
R175D,R,175,D,0.9087690822889846,Pathogenic
R175E,R,175,E,0.9046291406603586,Pathogenic
R175F,R,175,F,0.9017843899868259,Pathogenic
R175G,R,175,G,0.9326067684683904,Pathogenic
R175H,R,175,H,0.5024725441638362,Uncertain
R175I,R,175,I,0.9079187301287266,Pathogenic
R175K,R,175,K,0.800099649147912,Pathogenic
R175L,R,175,L,0.9132710715664892,Pathogenic
R175M,R,175,M,0.8575126633957317,Pathogenic
R175N,R,175,N,0.92097045370537,Pathogenic
R175P,R,175,P,0.5488535879623397,Uncertain
R175Q,R,175,Q,0.7945083794072644,Pathogenic
R175S,R,175,S,0.8603358814716361,Pathogenic
R175T,R,175,T,0.692257275971103,Pathogenic
R175V,R,175,V,0.8042239637005366,Pathogenic
R175W,R,175,W,0.8984850860041826,Pathogenic
R175Y,R,175,Y,0.9304650660764596,Pathogenic
C176A,C,176,A,0.9492545378820352,Pathogenic
C176D,C,176,D,0.972658159955798,Pathogenic
C176E,C,176,E,0.9673423056345224,Pathogenic
C176F,C,176,F,0.9606537258127305,Pathogenic
C176G,C,176,G,0.9670335375183108,Pathogenic
C176H,C,176,H,0.8603569161004367,Pathogenic
C176I,C,176,I,0.9741800335259828,Pathogenic
C176K,C,176,K,0.9634749753395868,Pathogenic
C176L,C,176,L,0.9696655952406559,Pathogenic
C176M,C,176,M,0.9673605604469726,Pathogenic
C176N,C,176,N,0.9701928132544608,Pathogenic
C176P,C,176,P,0.9741885527128712,Pathogenic
C176Q,C,176,Q,0.9777406075725128,Pathogenic
C176R,C,176,R,0.9227748396078466,Pathogenic
C176S,C,176,S,0.9706315209963688,Pathogenic
C176T,C,176,T,0.9708183212102957,Pathogenic
C176V,C,176,V,0.9704725174992848,Pathogenic
C176W,C,176,W,0.9784589368830592,Pathogenic
C176Y,C,176,Y,0.9636894306217421,Pathogenic
P177A,P,177,A,0.7908116006455514,Pathogenic
P177C,P,177,C,0.915702552226547,Pathogenic
P177D,P,177,D,0.8666115312779552,Pathogenic
P177E,P,177,E,0.8238835885531184,Pathogenic
P177F,P,177,F,0.8701998840807765,Pathogenic
P177G,P,177,G,0.963583417187071,Pathogenic
P177H,P,177,H,0.8039090927791541,Pathogenic
P177I,P,177,I,0.8415310761523037,Pathogenic
P177K,P,177,K,0.8808294270284559,Pathogenic
P177L,P,177,L,0.7132717479670553,Pathogenic
P177M,P,177,M,0.8716433172012232,Pathogenic
P177N,P,177,N,0.9139509781697308,Pathogenic
P177Q,P,177,Q,0.801221390584011,Pathogenic
P177R,P,177,R,0.8268692618111418,Pathogenic
P177S,P,177,S,0.8534362776782054,Pathogenic
P177T,P,177,T,0.8881765841104705,Pathogenic
P177V,P,177,V,0.8499046592727426,Pathogenic
P177W,P,177,W,0.973535040493472,Pathogenic
P177Y,P,177,Y,0.8334536560653226,Pathogenic
H178A,H,178,A,0.8521160630448121,Pathogenic
H178C,H,178,C,0.9203678908639992,Pathogenic
H178D,H,178,D,0.903081641264167,Pathogenic
H178E,H,178,E,0.8961650165740771,Pathogenic
H178F,H,178,F,0.9154850380802204,Pathogenic
H178G,H,178,G,0.8532278995954814,Pathogenic
H178I,H,178,I,0.7617347192015386,Pathogenic
H178K,H,178,K,0.8231509567743065,Pathogenic
H178L,H,178,L,0.7517705158979756,Pathogenic
H178M,H,178,M,0.8988442669639187,Pathogenic
H178N,H,178,N,0.5530848583539508,Uncertain
H178P,H,178,P,0.9633715892792668,Pathogenic
H178Q,H,178,Q,0.8233130414639203,Pathogenic
H178R,H,178,R,0.924145722034342,Pathogenic
H178S,H,178,S,0.8357643610082971,Pathogenic
H178T,H,178,T,0.6997480946674994,Pathogenic
H178V,H,178,V,0.8122175784645667,Pathogenic
H178W,H,178,W,0.9546584949158154,Pathogenic
H178Y,H,178,Y,0.7919929482409056,Pathogenic
H179A,H,179,A,0.9040472799367558,Pathogenic
H179C,H,179,C,0.6736576530807719,Pathogenic
H179D,H,179,D,0.494739220285123,Uncertain
H179E,H,179,E,0.9463499852943472,Pathogenic
H179F,H,179,F,0.9369430332565368,Pathogenic
H179G,H,179,G,0.9537029281704008,Pathogenic
H179I,H,179,I,0.9340009758275526,Pathogenic
H179K,H,179,K,0.948327864666666,Pathogenic
H179L,H,179,L,0.508891715275665,Uncertain
H179M,H,179,M,0.9188272021771308,Pathogenic
H179N,H,179,N,0.8708380164347835,Pathogenic
H179P,H,179,P,0.9331609698160106,Pathogenic
H179Q,H,179,Q,0.9394475290633856,Pathogenic
H179R,H,179,R,0.9575249869898801,Pathogenic
H179S,H,179,S,0.94374059587541,Pathogenic
H179T,H,179,T,0.9418540890714492,Pathogenic
H179V,H,179,V,0.940836041532515,Pathogenic
H179W,H,179,W,0.9442633127627555,Pathogenic
H179Y,H,179,Y,0.9403709052692149,Pathogenic
E180A,E,180,A,0.7408060682357287,Pathogenic
E180C,E,180,C,0.8989399012635251,Pathogenic
E180D,E,180,D,0.9397785292376524,Pathogenic
E180F,E,180,F,0.8527003653689496,Pathogenic
E180G,E,180,G,0.9306973329998236,Pathogenic
E180H,E,180,H,0.9341064438274282,Pathogenic
E180I,E,180,I,0.7542051215400011,Pathogenic
E180K,E,180,K,0.7506023926193848,Pathogenic
E180L,E,180,L,0.7619815153717686,Pathogenic
E180M,E,180,M,0.7839653191954922,Pathogenic
E180N,E,180,N,0.9619476526236296,Pathogenic
E180P,E,180,P,0.9681214581967126,Pathogenic
E180Q,E,180,Q,0.4129601433772581,Uncertain
E180R,E,180,R,0.7386873503212603,Pathogenic
E180S,E,180,S,0.7831753694776994,Pathogenic
E180T,E,180,T,0.8179183870928931,Pathogenic
E180V,E,180,V,0.7690440975232729,Pathogenic
E180W,E,180,W,0.9377592358814896,Pathogenic
E180Y,E,180,Y,0.9385318192097593,Pathogenic
R181A,R,181,A,0.5237693177031785,Uncertain
R181C,R,181,C,0.2497261148456829,Benign
R181D,R,181,D,0.6787852947516064,Pathogenic
R181E,R,181,E,0.6137874119956176,Uncertain
R181F,R,181,F,0.6923207875702371,Pathogenic
R181G,R,181,G,0.6001606033128495,Uncertain
R181H,R,181,H,0.6777839570501537,Pathogenic
R181I,R,181,I,0.6051645353979567,Uncertain
R181K,R,181,K,0.487572008876625,Uncertain
R181L,R,181,L,0.4894556481924566,Uncertain
R181M,R,181,M,0.7008664676643579,Pathogenic
R181N,R,181,N,0.4160608508840375,Uncertain
R181P,R,181,P,0.9241745825679372,Pathogenic
R181Q,R,181,Q,0.541931575497136,Uncertain
R181S,R,181,S,0.3109630835300402,Benign
R181T,R,181,T,0.4088569154512912,Uncertain
R181V,R,181,V,0.6416559415341696,Pathogenic
R181W,R,181,W,0.8887406870782073,Pathogenic
R181Y,R,181,Y,0.7798872303072729,Pathogenic
C182A,C,182,A,0.2607534489358719,Benign
C182D,C,182,D,0.470745947598102,Uncertain
C182E,C,182,E,0.2739536107692456,Benign
C182F,C,182,F,0.7229960617568937,Pathogenic
C182G,C,182,G,0.33973796754751023,Benign
C182H,C,182,H,0.425641178927045,Uncertain
C182I,C,182,I,0.3001704305388608,Benign
C182K,C,182,K,0.3646219872661888,Uncertain
C182L,C,182,L,0.4562563873722675,Uncertain
C182M,C,182,M,0.4938301416497311,Uncertain
C182N,C,182,N,0.2520809269616307,Benign
C182P,C,182,P,0.36854195154462144,Uncertain
C182Q,C,182,Q,0.3605729243907616,Uncertain
C182R,C,182,R,0.26159818429640624,Benign
C182S,C,182,S,0.13785454216692747,Benign
C182T,C,182,T,0.20414635587170896,Benign
C182V,C,182,V,0.3491369716713489,Benign
C182W,C,182,W,0.7512450735200379,Pathogenic
C182Y,C,182,Y,0.5423520060494371,Uncertain
S183A,S,183,A,0.2553955087974511,Benign
S183C,S,183,C,0.6199856071613675,Uncertain
S183D,S,183,D,0.2215126675736848,Benign
S183E,S,183,E,0.4261047068303184,Uncertain
S183F,S,183,F,0.7855934201664294,Pathogenic
S183G,S,183,G,0.30125360113459976,Benign
S183H,S,183,H,0.6333339754305111,Uncertain
S183I,S,183,I,0.5663466911992279,Uncertain
S183K,S,183,K,0.4606275241695445,Uncertain
S183L,S,183,L,0.44599944695872457,Uncertain
S183M,S,183,M,0.5889159791442441,Uncertain
S183N,S,183,N,0.342180836830789,Benign
S183P,S,183,P,0.2274245070558573,Benign
S183Q,S,183,Q,0.4101429873906436,Uncertain
S183R,S,183,R,0.3761131899132525,Uncertain
S183T,S,183,T,0.2798626168080139,Benign
S183V,S,183,V,0.44311280597416103,Uncertain
S183W,S,183,W,0.8095566450882754,Pathogenic
S183Y,S,183,Y,0.6890756759028179,Pathogenic
D184A,D,184,A,0.6366651396042005,Uncertain
D184C,D,184,C,0.6002743633499098,Uncertain
D184E,D,184,E,0.19419723907434264,Benign
D184F,D,184,F,0.7736285088977164,Pathogenic
D184G,D,184,G,0.2900687570696034,Benign
D184H,D,184,H,0.5084594255086297,Uncertain
D184I,D,184,I,0.7186837079623469,Pathogenic
D184K,D,184,K,0.5821685420782319,Uncertain
D184L,D,184,L,0.673061280673064,Pathogenic
D184M,D,184,M,0.700772895224445,Pathogenic
D184N,D,184,N,0.4656195840085061,Uncertain
D184P,D,184,P,0.5432508904288552,Uncertain
D184Q,D,184,Q,0.6068639681248689,Uncertain
D184R,D,184,R,0.5245653459099825,Uncertain
D184S,D,184,S,0.5657687284301122,Uncertain
D184T,D,184,T,0.6170205326598559,Uncertain
D184V,D,184,V,0.5839131099364568,Uncertain
D184W,D,184,W,0.8338757832869371,Pathogenic
D184Y,D,184,Y,0.7450476617770176,Pathogenic
S185A,S,185,A,0.3944212828435585,Uncertain
S185C,S,185,C,0.8262140683545358,Pathogenic
S185D,S,185,D,0.6272415240008764,Uncertain
S185E,S,185,E,0.4680991639296905,Uncertain
S185F,S,185,F,0.5624942839690238,Uncertain
S185G,S,185,G,0.2000493539823396,Benign
S185H,S,185,H,0.6306494117108994,Uncertain
S185I,S,185,I,0.4649882537999527,Uncertain
S185K,S,185,K,0.3076737319492246,Benign
S185L,S,185,L,0.7677398675022034,Pathogenic
S185M,S,185,M,0.4846723717113046,Uncertain
S185N,S,185,N,0.15542799045297634,Benign
S185P,S,185,P,0.5154054754862791,Uncertain
S185Q,S,185,Q,0.5534470225132623,Uncertain
S185R,S,185,R,0.5774305077783649,Uncertain
S185T,S,185,T,0.3278413505391115,Benign
S185V,S,185,V,0.6151731155786576,Uncertain
S185W,S,185,W,0.847880620453907,Pathogenic
S185Y,S,185,Y,0.4794070876454058,Uncertain
D186A,D,186,A,0.7874538787804855,Pathogenic
D186C,D,186,C,0.8430652592435104,Pathogenic
D186E,D,186,E,0.2838750785256485,Benign
D186F,D,186,F,0.9055961759435458,Pathogenic
D186G,D,186,G,0.860679312287717,Pathogenic
D186H,D,186,H,0.7002794879789709,Pathogenic
D186I,D,186,I,0.828265377600971,Pathogenic
D186K,D,186,K,0.7189600475042319,Pathogenic
D186L,D,186,L,0.8066873112992767,Pathogenic
D186M,D,186,M,0.9420939965588552,Pathogenic
D186N,D,186,N,0.4669676349284284,Uncertain
D186P,D,186,P,0.6673048918782047,Pathogenic
D186Q,D,186,Q,0.6954581902761099,Pathogenic
D186R,D,186,R,0.6768396990134636,Pathogenic
D186S,D,186,S,0.588737001592865,Uncertain
D186T,D,186,T,0.7945131820860588,Pathogenic
D186V,D,186,V,0.8096607712482484,Pathogenic
D186W,D,186,W,0.9523344031013729,Pathogenic
D186Y,D,186,Y,0.960241558936736,Pathogenic
G187A,G,187,A,0.3082850642067121,Benign
G187C,G,187,C,0.5617276944505859,Uncertain
G187D,G,187,D,0.2915433081804709,Benign
G187E,G,187,E,0.4359172664057487,Uncertain
G187F,G,187,F,0.8181977604416908,Pathogenic
G187H,G,187,H,0.6242545084351486,Uncertain
G187I,G,187,I,0.8201698117597434,Pathogenic
G187K,G,187,K,0.6495114445971785,Pathogenic
G187L,G,187,L,0.7389449075854926,Pathogenic
G187M,G,187,M,0.7527364358534929,Pathogenic
G187N,G,187,N,0.4623963697210072,Uncertain
G187P,G,187,P,0.7255121197596861,Pathogenic
G187Q,G,187,Q,0.7056678521296575,Pathogenic
G187R,G,187,R,0.6860168186259321,Pathogenic
G187S,G,187,S,0.4468051974560968,Uncertain
G187T,G,187,T,0.5450992819754299,Uncertain
G187V,G,187,V,0.6362313273439539,Uncertain
G187W,G,187,W,0.8947899701932276,Pathogenic
G187Y,G,187,Y,0.7312412242391341,Pathogenic
L188A,L,188,A,0.3198122032251225,Benign
L188C,L,188,C,0.8689919831983356,Pathogenic
L188D,L,188,D,0.6402172623587395,Uncertain
L188E,L,188,E,0.4588197281506618,Uncertain
L188F,L,188,F,0.4836405822639879,Uncertain
L188G,L,188,G,0.5745573274950234,Uncertain
L188H,L,188,H,0.5501579342993079,Uncertain
L188I,L,188,I,0.4789744934091321,Uncertain
L188K,L,188,K,0.547585344649401,Uncertain
L188M,L,188,M,0.5306692930559848,Uncertain
L188N,L,188,N,0.5365169382790108,Uncertain
L188P,L,188,P,0.2283147752521126,Benign
L188Q,L,188,Q,0.6695305029986043,Pathogenic
L188R,L,188,R,0.7195184020111896,Pathogenic
L188S,L,188,S,0.3790359627811136,Uncertain
L188T,L,188,T,0.3890248113435984,Uncertain
L188V,L,188,V,0.2912111463662727,Benign
L188W,L,188,W,0.8926430051212763,Pathogenic
L188Y,L,188,Y,0.6912094567348909,Pathogenic
A189C,A,189,C,0.8365940675668873,Pathogenic
A189D,A,189,D,0.3100785359237232,Benign
A189E,A,189,E,0.5364444426287718,Uncertain
A189F,A,189,F,0.8203513401200198,Pathogenic
A189G,A,189,G,0.7481931554947339,Pathogenic
A189H,A,189,H,0.7018267554051514,Pathogenic
A189I,A,189,I,0.690420546767754,Pathogenic
A189K,A,189,K,0.6804849229908511,Pathogenic
A189L,A,189,L,0.763442756625671,Pathogenic
A189M,A,189,M,0.7723797004078858,Pathogenic
A189N,A,189,N,0.6847063386267866,Pathogenic
A189P,A,189,P,0.6269633832464993,Uncertain
A189Q,A,189,Q,0.8190946947418697,Pathogenic
A189R,A,189,R,0.8673654417542811,Pathogenic
A189S,A,189,S,0.6343835937124082,Uncertain
A189T,A,189,T,0.4618297368589197,Uncertain
A189V,A,189,V,0.3900593105485772,Uncertain
A189W,A,189,W,0.8934740994172494,Pathogenic
A189Y,A,189,Y,0.8074831828275815,Pathogenic
P190A,P,190,A,0.4715777705550479,Uncertain
P190C,P,190,C,0.9257864101795018,Pathogenic
P190D,P,190,D,0.8553728075664182,Pathogenic
P190E,P,190,E,0.7951083562347361,Pathogenic
P190F,P,190,F,0.6891266982727661,Pathogenic
P190G,P,190,G,0.8536152277867672,Pathogenic
P190H,P,190,H,0.4370203064932294,Uncertain
P190I,P,190,I,0.7630526300984746,Pathogenic
P190K,P,190,K,0.6686134258525274,Pathogenic
P190L,P,190,L,0.6397302734395705,Uncertain
P190M,P,190,M,0.8012635095462399,Pathogenic
P190N,P,190,N,0.4607532720719448,Uncertain
P190Q,P,190,Q,0.7098712404752714,Pathogenic
P190R,P,190,R,0.6453579819892444,Pathogenic
P190S,P,190,S,0.5176519229568082,Uncertain
P190T,P,190,T,0.8359610924463525,Pathogenic
P190V,P,190,V,0.6855224922619216,Pathogenic
P190W,P,190,W,0.9481670580896698,Pathogenic
P190Y,P,190,Y,0.6747048860865882,Pathogenic
P191A,P,191,A,0.22462408168116105,Benign
P191C,P,191,C,0.6993476476936603,Pathogenic
P191D,P,191,D,0.7671543796539845,Pathogenic
P191E,P,191,E,0.7537052887855005,Pathogenic
P191F,P,191,F,0.8836999442688781,Pathogenic
P191G,P,191,G,0.6939044890286765,Pathogenic
P191H,P,191,H,0.7587743196951531,Pathogenic
P191I,P,191,I,0.6909614099824137,Pathogenic
P191K,P,191,K,0.5073645834381237,Uncertain
P191L,P,191,L,0.6741356748528151,Pathogenic
P191M,P,191,M,0.819667591764152,Pathogenic
P191N,P,191,N,0.7200699643607527,Pathogenic
P191Q,P,191,Q,0.7126082201448891,Pathogenic
P191R,P,191,R,0.35680303774201416,Benign
P191S,P,191,S,0.5075518337790808,Uncertain
P191T,P,191,T,0.6865940049109629,Pathogenic
P191V,P,191,V,0.6189910998213981,Uncertain
P191W,P,191,W,0.8992870946600193,Pathogenic
P191Y,P,191,Y,0.8883098942192351,Pathogenic
Q192A,Q,192,A,0.4665532081730487,Uncertain
Q192C,Q,192,C,0.6319303663140761,Uncertain
Q192D,Q,192,D,0.37030607218428696,Uncertain
Q192E,Q,192,E,0.3649967953889388,Uncertain
Q192F,Q,192,F,0.8610255194397753,Pathogenic
Q192G,Q,192,G,0.2980303397020048,Benign
Q192H,Q,192,H,0.4982938428308522,Uncertain
Q192I,Q,192,I,0.90323253643272,Pathogenic
Q192K,Q,192,K,0.5445411731101203,Uncertain
Q192L,Q,192,L,0.7491298533076064,Pathogenic
Q192M,Q,192,M,0.6596679556371801,Pathogenic
Q192N,Q,192,N,0.4782018097329174,Uncertain
Q192P,Q,192,P,0.7099875782472204,Pathogenic
Q192R,Q,192,R,0.4524718728201403,Uncertain
Q192S,Q,192,S,0.22166600043871776,Benign
Q192T,Q,192,T,0.5704547425062513,Uncertain
Q192V,Q,192,V,0.7536887624407042,Pathogenic
Q192W,Q,192,W,0.8917696646369393,Pathogenic
Q192Y,Q,192,Y,0.6232359936762221,Uncertain
H193A,H,193,A,0.952932064418498,Pathogenic
H193C,H,193,C,0.9571471452183692,Pathogenic
H193D,H,193,D,0.9783434587821764,Pathogenic
H193E,H,193,E,0.9833574051551388,Pathogenic
H193F,H,193,F,0.8622609538251859,Pathogenic
H193G,H,193,G,0.9821093178771948,Pathogenic
H193I,H,193,I,0.9785399434929434,Pathogenic
H193K,H,193,K,0.9601067627389674,Pathogenic
H193L,H,193,L,0.98070027058189,Pathogenic
H193M,H,193,M,0.967690308389779,Pathogenic
H193N,H,193,N,0.8658302572880179,Pathogenic
H193P,H,193,P,0.9640498950730944,Pathogenic
H193Q,H,193,Q,0.9367296072339496,Pathogenic
H193R,H,193,R,0.9593256119842009,Pathogenic
H193S,H,193,S,0.744687125883563,Pathogenic
H193T,H,193,T,0.978472668391056,Pathogenic
H193V,H,193,V,0.9617127044255772,Pathogenic
H193W,H,193,W,0.9727062565578539,Pathogenic
H193Y,H,193,Y,0.8944512819680306,Pathogenic
L194A,L,194,A,0.9717116574130624,Pathogenic
L194C,L,194,C,0.9645916915454052,Pathogenic
L194D,L,194,D,0.966241934867626,Pathogenic
L194E,L,194,E,0.968560316958725,Pathogenic
L194F,L,194,F,0.481032302554464,Uncertain
L194G,L,194,G,0.9737173482455718,Pathogenic
L194H,L,194,H,0.9671708844235504,Pathogenic
L194I,L,194,I,0.6196285493972429,Uncertain
L194K,L,194,K,0.9716535191731286,Pathogenic
L194M,L,194,M,0.8250456371207672,Pathogenic
L194N,L,194,N,0.9695171279593012,Pathogenic
L194P,L,194,P,0.9693571268800276,Pathogenic
L194Q,L,194,Q,0.9691398563719312,Pathogenic
L194R,L,194,R,0.970807929587672,Pathogenic
L194S,L,194,S,0.9297120886866908,Pathogenic
L194T,L,194,T,0.9714818064843006,Pathogenic
L194V,L,194,V,0.6009496045534587,Uncertain
L194W,L,194,W,0.8108796184358622,Pathogenic
L194Y,L,194,Y,0.9582294679715188,Pathogenic
I195A,I,195,A,0.9455747511380002,Pathogenic
I195C,I,195,C,0.8992129668851985,Pathogenic
I195D,I,195,D,0.9637824949431038,Pathogenic
I195E,I,195,E,0.9652004223370212,Pathogenic
I195F,I,195,F,0.8900073353227853,Pathogenic
I195G,I,195,G,0.9571298879896646,Pathogenic
I195H,I,195,H,0.9548667997994502,Pathogenic
I195K,I,195,K,0.9491064176383321,Pathogenic
I195L,I,195,L,0.3704222725470456,Uncertain
I195M,I,195,M,0.5956106152803965,Uncertain
I195N,I,195,N,0.962462771748819,Pathogenic
I195P,I,195,P,0.9627748339425029,Pathogenic
I195Q,I,195,Q,0.9628505869606055,Pathogenic
I195R,I,195,R,0.9665889074642312,Pathogenic
I195S,I,195,S,0.9299619793364658,Pathogenic
I195T,I,195,T,0.964237245602528,Pathogenic
I195V,I,195,V,0.4633203443002203,Uncertain
I195W,I,195,W,0.9625685020914836,Pathogenic
I195Y,I,195,Y,0.9711355314984382,Pathogenic
R196A,R,196,A,0.8478919212721123,Pathogenic
R196C,R,196,C,0.8474125967425061,Pathogenic
R196D,R,196,D,0.9542339912027248,Pathogenic
R196E,R,196,E,0.796638255667597,Pathogenic
R196F,R,196,F,0.9010023697006422,Pathogenic
R196G,R,196,G,0.9422798010301944,Pathogenic
R196H,R,196,H,0.6496334742239415,Pathogenic
R196I,R,196,I,0.8113788896483716,Pathogenic
R196K,R,196,K,0.7251688237769032,Pathogenic
R196L,R,196,L,0.6766702185268995,Pathogenic
R196M,R,196,M,0.824846731005124,Pathogenic
R196N,R,196,N,0.8366980084428897,Pathogenic
R196P,R,196,P,0.9413830581230986,Pathogenic
R196Q,R,196,Q,0.4326170477822524,Uncertain
R196S,R,196,S,0.8548590032653275,Pathogenic
R196T,R,196,T,0.6604768624870728,Pathogenic
R196V,R,196,V,0.6546944557607526,Pathogenic
R196W,R,196,W,0.7828346497792356,Pathogenic
R196Y,R,196,Y,0.9092314826928592,Pathogenic
V197A,V,197,A,0.5440192529161314,Uncertain
V197C,V,197,C,0.5045072811290061,Uncertain
V197D,V,197,D,0.9317696413005307,Pathogenic
V197E,V,197,E,0.9124976378879176,Pathogenic
V197F,V,197,F,0.9223719107784256,Pathogenic
V197G,V,197,G,0.7881483794890964,Pathogenic
V197H,V,197,H,0.9208613869857096,Pathogenic
V197I,V,197,I,0.4825170879100646,Uncertain
V197K,V,197,K,0.927195017062692,Pathogenic
V197L,V,197,L,0.6811906228633331,Pathogenic
V197M,V,197,M,0.5304881928775322,Uncertain
V197N,V,197,N,0.8802154368691586,Pathogenic
V197P,V,197,P,0.9036075690133968,Pathogenic
V197Q,V,197,Q,0.9221866184125884,Pathogenic
V197R,V,197,R,0.9285308876693964,Pathogenic
V197S,V,197,S,0.5774017248055356,Uncertain
V197T,V,197,T,0.8008652104128402,Pathogenic
V197W,V,197,W,0.8762114746433296,Pathogenic
V197Y,V,197,Y,0.8140905458033191,Pathogenic
E198A,E,198,A,0.7812160140420188,Pathogenic
E198C,E,198,C,0.8934629877169498,Pathogenic
E198D,E,198,D,0.5934271451428426,Uncertain
E198F,E,198,F,0.8818791415289968,Pathogenic
E198G,E,198,G,0.34331288374597835,Benign
E198H,E,198,H,0.7955730738719289,Pathogenic
E198I,E,198,I,0.8846473841236479,Pathogenic
E198K,E,198,K,0.7653437020660192,Pathogenic
E198L,E,198,L,0.7309902762962828,Pathogenic
E198M,E,198,M,0.8904182029613235,Pathogenic
E198N,E,198,N,0.6739720086646458,Pathogenic
E198P,E,198,P,0.7663879503540302,Pathogenic
E198Q,E,198,Q,0.7609391830936425,Pathogenic
E198R,E,198,R,0.8456812820587141,Pathogenic
E198S,E,198,S,0.7041139007578658,Pathogenic
E198T,E,198,T,0.7605730931617436,Pathogenic
E198V,E,198,V,0.8459481468233461,Pathogenic
E198W,E,198,W,0.9539862530531782,Pathogenic
E198Y,E,198,Y,0.9286285388158588,Pathogenic
G199A,G,199,A,0.4958565283835274,Uncertain
G199C,G,199,C,0.9214053517975672,Pathogenic
G199D,G,199,D,0.7659695813711647,Pathogenic
G199E,G,199,E,0.5399816509555304,Uncertain
G199F,G,199,F,0.9283528769925922,Pathogenic
G199H,G,199,H,0.9430016403946212,Pathogenic
G199I,G,199,I,0.8848081167044404,Pathogenic
G199K,G,199,K,0.8682159236736522,Pathogenic
G199L,G,199,L,0.9005766095996386,Pathogenic
G199M,G,199,M,0.9185334660285028,Pathogenic
G199N,G,199,N,0.6800766919950194,Pathogenic
G199P,G,199,P,0.88058721402137,Pathogenic
G199Q,G,199,Q,0.9369569982924212,Pathogenic
G199R,G,199,R,0.9264606570370484,Pathogenic
G199S,G,199,S,0.8766697203136475,Pathogenic
G199T,G,199,T,0.8657624146827037,Pathogenic
G199V,G,199,V,0.9256751870111934,Pathogenic
G199W,G,199,W,0.9060154610434542,Pathogenic
G199Y,G,199,Y,0.8404713736973868,Pathogenic
N200A,N,200,A,0.7517760398612524,Pathogenic
N200C,N,200,C,0.6599956357128369,Pathogenic
N200D,N,200,D,0.5193792156311954,Uncertain
N200E,N,200,E,0.7236383697209718,Pathogenic
N200F,N,200,F,0.7644771855649581,Pathogenic
N200G,N,200,G,0.6079462285920827,Uncertain
N200H,N,200,H,0.4684296905092348,Uncertain
N200I,N,200,I,0.6542633136536493,Pathogenic
N200K,N,200,K,0.7986658115296603,Pathogenic
N200L,N,200,L,0.8160630972204581,Pathogenic
N200M,N,200,M,0.8422045890004735,Pathogenic
N200P,N,200,P,0.9065595780486444,Pathogenic
N200Q,N,200,Q,0.6228869560136654,Uncertain
N200R,N,200,R,0.8153573722818905,Pathogenic
N200S,N,200,S,0.3248946274226959,Benign
N200T,N,200,T,0.5997623870373278,Uncertain
N200V,N,200,V,0.7575208817326647,Pathogenic
N200W,N,200,W,0.8962329547936636,Pathogenic
N200Y,N,200,Y,0.9206857521092642,Pathogenic
L201A,L,201,A,0.3772219991916588,Uncertain
L201C,L,201,C,0.6075997215931542,Uncertain
L201D,L,201,D,0.5533890740767804,Uncertain
L201E,L,201,E,0.3336875188092925,Benign
L201F,L,201,F,0.4334849275817427,Uncertain
L201G,L,201,G,0.5676395742729337,Uncertain
L201H,L,201,H,0.3015301049914708,Benign
L201I,L,201,I,0.5895171754954536,Uncertain
L201K,L,201,K,0.5241311548624399,Uncertain
L201M,L,201,M,0.3212701822559385,Benign
L201N,L,201,N,0.3901228446431854,Uncertain
L201P,L,201,P,0.15608255454428524,Benign
L201Q,L,201,Q,0.17265300832199612,Benign
L201R,L,201,R,0.35879142588313057,Benign
L201S,L,201,S,0.2073621535644881,Benign
L201T,L,201,T,0.3824575174485355,Uncertain
L201V,L,201,V,0.4332950055719989,Uncertain
L201W,L,201,W,0.7620566517704767,Pathogenic
L201Y,L,201,Y,0.5334731467200453,Uncertain
R202A,R,202,A,0.4689221568151822,Uncertain
R202C,R,202,C,0.3905677336494215,Uncertain
R202D,R,202,D,0.4873295987939789,Uncertain
R202E,R,202,E,0.5224381006812586,Uncertain
R202F,R,202,F,0.6323039443028331,Uncertain
R202G,R,202,G,0.37119361014672536,Uncertain
R202H,R,202,H,0.1566588211482351,Benign
R202I,R,202,I,0.7588339463631706,Pathogenic
R202K,R,202,K,0.2604517904878004,Benign
R202L,R,202,L,0.2416468991959709,Benign
R202M,R,202,M,0.3589226991928551,Benign
R202N,R,202,N,0.32866069331112224,Benign
R202P,R,202,P,0.7230555389557997,Pathogenic
R202Q,R,202,Q,0.1432565112288779,Benign
R202S,R,202,S,0.3775755886301645,Uncertain
R202T,R,202,T,0.5398221868121926,Uncertain
R202V,R,202,V,0.5826927733246083,Uncertain
R202W,R,202,W,0.6186126983488857,Uncertain
R202Y,R,202,Y,0.6163184639404018,Uncertain
V203A,V,203,A,0.04809303221587445,Benign
V203C,V,203,C,0.3528294249491406,Benign
V203D,V,203,D,0.7894293481347978,Pathogenic
V203E,V,203,E,0.7868021501505187,Pathogenic
V203F,V,203,F,0.6611113005772018,Pathogenic
V203G,V,203,G,0.4774649706577264,Uncertain
V203H,V,203,H,0.4534079863347729,Uncertain
V203I,V,203,I,0.38267052147034775,Uncertain
V203K,V,203,K,0.7409028159180316,Pathogenic
V203L,V,203,L,0.5565464361915071,Uncertain
V203M,V,203,M,0.7292172040140792,Pathogenic
V203N,V,203,N,0.7514276802170352,Pathogenic
V203P,V,203,P,0.2878851563478549,Benign
V203Q,V,203,Q,0.7019389078314743,Pathogenic
V203R,V,203,R,0.7487230987424003,Pathogenic
V203S,V,203,S,0.1900793436808612,Benign
V203T,V,203,T,0.22695582078636664,Benign
V203W,V,203,W,0.7532597494730535,Pathogenic
V203Y,V,203,Y,0.7440891524191695,Pathogenic
E204A,E,204,A,0.4536091914480617,Uncertain
E204C,E,204,C,0.4499729960061353,Uncertain
E204D,E,204,D,0.2050998208406009,Benign
E204F,E,204,F,0.5536281159216179,Uncertain
E204G,E,204,G,0.6637430806681309,Pathogenic
E204H,E,204,H,0.3473899032309167,Benign
E204I,E,204,I,0.29328441244514153,Benign
E204K,E,204,K,0.39392856051073016,Uncertain
E204L,E,204,L,0.2797625281589188,Benign
E204M,E,204,M,0.3756369785894921,Uncertain
E204N,E,204,N,0.3205865145129603,Benign
E204P,E,204,P,0.7676871961173544,Pathogenic
E204Q,E,204,Q,0.1746766458127846,Benign
E204R,E,204,R,0.201436353534383,Benign
E204S,E,204,S,0.3615983619941949,Uncertain
E204T,E,204,T,0.27024159602419884,Benign
E204V,E,204,V,0.2548052861347972,Benign
E204W,E,204,W,0.7642108773392635,Pathogenic
E204Y,E,204,Y,0.3067822634864652,Benign
Y205A,Y,205,A,0.9304669717045484,Pathogenic
Y205C,Y,205,C,0.8899015158068375,Pathogenic
Y205D,Y,205,D,0.9528971746943441,Pathogenic
Y205E,Y,205,E,0.9510308762465364,Pathogenic
Y205F,Y,205,F,0.6607440648587529,Pathogenic
Y205G,Y,205,G,0.9377264437075604,Pathogenic
Y205H,Y,205,H,0.6905987737104825,Pathogenic
Y205I,Y,205,I,0.4782655906409588,Uncertain
Y205K,Y,205,K,0.9434166023528638,Pathogenic
Y205L,Y,205,L,0.9391538188234352,Pathogenic
Y205M,Y,205,M,0.9382752637241734,Pathogenic
Y205N,Y,205,N,0.9388333244531526,Pathogenic
Y205P,Y,205,P,0.9469779234923564,Pathogenic
Y205Q,Y,205,Q,0.9088345794888636,Pathogenic
Y205R,Y,205,R,0.9496109647753276,Pathogenic
Y205S,Y,205,S,0.9350865481335716,Pathogenic
Y205T,Y,205,T,0.9096702226845176,Pathogenic
Y205V,Y,205,V,0.9504647918650913,Pathogenic
Y205W,Y,205,W,0.9201201197182898,Pathogenic
L206A,L,206,A,0.4437717899560069,Uncertain
L206C,L,206,C,0.2807600340738055,Benign
L206D,L,206,D,0.5394887354616391,Uncertain
L206E,L,206,E,0.3990551963287065,Uncertain
L206F,L,206,F,0.3243409621463446,Benign
L206G,L,206,G,0.6005729219259123,Uncertain
L206H,L,206,H,0.2681099297250256,Benign
L206I,L,206,I,0.29466945795391153,Benign
L206K,L,206,K,0.29412369339515365,Benign
L206M,L,206,M,0.32974854162483336,Benign
L206N,L,206,N,0.6182060714951093,Uncertain
L206P,L,206,P,0.7750884132754359,Pathogenic
L206Q,L,206,Q,0.2528193658049828,Benign
L206R,L,206,R,0.3917580139371518,Uncertain
L206S,L,206,S,0.3862545410228104,Uncertain
L206T,L,206,T,0.3910639293571644,Uncertain
L206V,L,206,V,0.2606646695496735,Benign
L206W,L,206,W,0.3634692342575127,Uncertain
L206Y,L,206,Y,0.40375133930189705,Uncertain
D207A,D,207,A,0.6695568591630736,Pathogenic
D207C,D,207,C,0.7426014317553559,Pathogenic
D207E,D,207,E,0.13089096546525925,Benign
D207F,D,207,F,0.5465054283348479,Uncertain
D207G,D,207,G,0.4468534000763097,Uncertain
D207H,D,207,H,0.4724806645160571,Uncertain
D207I,D,207,I,0.4688517658906705,Uncertain
D207K,D,207,K,0.45498403572395707,Uncertain
D207L,D,207,L,0.5446353855427645,Uncertain
D207M,D,207,M,0.2805831731080037,Benign
D207N,D,207,N,0.3641810751322805,Uncertain
D207P,D,207,P,0.811598898573271,Pathogenic
D207Q,D,207,Q,0.3095006235049413,Benign
D207R,D,207,R,0.5364879399823249,Uncertain
D207S,D,207,S,0.3019504364814692,Benign
D207T,D,207,T,0.23779529784659365,Benign
D207V,D,207,V,0.3675619320458679,Uncertain
D207W,D,207,W,0.7783691439745271,Pathogenic
D207Y,D,207,Y,0.509554713868575,Uncertain
D208A,D,208,A,0.7134724237324875,Pathogenic
D208C,D,208,C,0.5593765508130782,Uncertain
D208E,D,208,E,0.6833218866084992,Pathogenic
D208F,D,208,F,0.8726163414405426,Pathogenic
D208G,D,208,G,0.544193203440113,Uncertain
D208H,D,208,H,0.4222574916387638,Uncertain
D208I,D,208,I,0.7670752238311062,Pathogenic
D208K,D,208,K,0.7416309439862973,Pathogenic
D208L,D,208,L,0.7804235445911751,Pathogenic
D208M,D,208,M,0.8520055961213389,Pathogenic
D208N,D,208,N,0.2938086939153969,Benign
D208P,D,208,P,0.8046539583692245,Pathogenic
D208Q,D,208,Q,0.9036890312909414,Pathogenic
D208R,D,208,R,0.6567658159274531,Pathogenic
D208S,D,208,S,0.4751861658735568,Uncertain
D208T,D,208,T,0.26300931252732523,Benign
D208V,D,208,V,0.7858960799121709,Pathogenic
D208W,D,208,W,0.9144245374364206,Pathogenic
D208Y,D,208,Y,0.828373675818241,Pathogenic
R209A,R,209,A,0.12399178888640733,Benign
R209C,R,209,C,0.27659785154756106,Benign
R209D,R,209,D,0.12784368965815107,Benign
R209E,R,209,E,0.07647029813586106,Benign
R209F,R,209,F,0.3837055535968674,Uncertain
R209G,R,209,G,0.17743688368165264,Benign
R209H,R,209,H,0.24931468326015546,Benign
R209I,R,209,I,0.1546361020956113,Benign
R209K,R,209,K,0.13293400041806674,Benign
R209L,R,209,L,0.1580240124350493,Benign
R209M,R,209,M,0.1901236091568728,Benign
R209N,R,209,N,0.1988156874918568,Benign
R209P,R,209,P,0.11009618218446472,Benign
R209Q,R,209,Q,0.15357992261285747,Benign
R209S,R,209,S,0.12329791746968582,Benign
R209T,R,209,T,0.16460290194034186,Benign
R209V,R,209,V,0.22079236167909927,Benign
R209W,R,209,W,0.4797972566442831,Uncertain
R209Y,R,209,Y,0.2552434811446455,Benign
N210A,N,210,A,0.2966049504587207,Benign
N210C,N,210,C,0.6820246439091577,Pathogenic
N210D,N,210,D,0.34872867572400085,Benign
N210E,N,210,E,0.3885114452226208,Uncertain
N210F,N,210,F,0.37048345024628776,Uncertain
N210G,N,210,G,0.3045356698313942,Benign
N210H,N,210,H,0.23909354587446904,Benign
N210I,N,210,I,0.2548139577661617,Benign
N210K,N,210,K,0.21756935898618626,Benign
N210L,N,210,L,0.4885207060070457,Uncertain
N210M,N,210,M,0.561069486011361,Uncertain
N210P,N,210,P,0.5211072413739775,Uncertain
N210Q,N,210,Q,0.2134144438366172,Benign
N210R,N,210,R,0.3640120647234665,Uncertain
N210S,N,210,S,0.27894425656443705,Benign
N210T,N,210,T,0.12345645036198385,Benign
N210V,N,210,V,0.2175070327081552,Benign
N210W,N,210,W,0.576372347887709,Uncertain
N210Y,N,210,Y,0.26802318843048034,Benign
T211A,T,211,A,0.807866476482071,Pathogenic
T211C,T,211,C,0.9509668687363356,Pathogenic
T211D,T,211,D,0.724748149786234,Pathogenic
T211E,T,211,E,0.7796592273350205,Pathogenic
T211F,T,211,F,0.9372706492649988,Pathogenic
T211G,T,211,G,0.7226150178942611,Pathogenic
T211H,T,211,H,0.8765213425261786,Pathogenic
T211I,T,211,I,0.8310464350932236,Pathogenic
T211K,T,211,K,0.7805599942709884,Pathogenic
T211L,T,211,L,0.9542666742938716,Pathogenic
T211M,T,211,M,0.8859543333543929,Pathogenic
T211N,T,211,N,0.5129079537321595,Uncertain
T211P,T,211,P,0.9178038998410644,Pathogenic
T211Q,T,211,Q,0.9011873401523388,Pathogenic
T211R,T,211,R,0.8380128963092306,Pathogenic
T211S,T,211,S,0.4676140816317863,Uncertain
T211V,T,211,V,0.9337621923619264,Pathogenic
T211W,T,211,W,0.9588319531250064,Pathogenic
T211Y,T,211,Y,0.9476346603791124,Pathogenic
F212A,F,212,A,0.539582997532599,Uncertain
F212C,F,212,C,0.6092960348025684,Uncertain
F212D,F,212,D,0.3725371772552539,Uncertain
F212E,F,212,E,0.30634522751833376,Benign
F212G,F,212,G,0.1967705069678817,Benign
F212H,F,212,H,0.2990350388875956,Benign
F212I,F,212,I,0.7639017142871632,Pathogenic
F212K,F,212,K,0.16772759124907485,Benign
F212L,F,212,L,0.15148477970600252,Benign
F212M,F,212,M,0.3887839094249723,Uncertain
F212N,F,212,N,0.3361100466684528,Benign
F212P,F,212,P,0.7686659708747571,Pathogenic
F212Q,F,212,Q,0.2385021395080915,Benign
F212R,F,212,R,0.1854448745042893,Benign
F212S,F,212,S,0.2659137199160606,Benign
F212T,F,212,T,0.3758472035078595,Uncertain
F212V,F,212,V,0.6437617115201923,Pathogenic
F212W,F,212,W,0.733876023833056,Pathogenic
F212Y,F,212,Y,0.6280546688835271,Uncertain
R213A,R,213,A,0.8986953936241826,Pathogenic
R213C,R,213,C,0.9641944184258516,Pathogenic
R213D,R,213,D,0.8940038269420434,Pathogenic
R213E,R,213,E,0.9582607455055978,Pathogenic
R213F,R,213,F,0.8700118835368331,Pathogenic
R213G,R,213,G,0.9345412512540028,Pathogenic
R213H,R,213,H,0.6198876186947821,Uncertain
R213I,R,213,I,0.935220900310972,Pathogenic
R213K,R,213,K,0.9160819731048416,Pathogenic
R213L,R,213,L,0.9556291469861666,Pathogenic
R213M,R,213,M,0.8595905313731981,Pathogenic
R213N,R,213,N,0.8541436440484833,Pathogenic
R213P,R,213,P,0.9644174696916344,Pathogenic
R213Q,R,213,Q,0.8149992763982244,Pathogenic
R213S,R,213,S,0.9423652233227118,Pathogenic
R213T,R,213,T,0.9418687212740854,Pathogenic
R213V,R,213,V,0.8875983608063376,Pathogenic
R213W,R,213,W,0.8324884787950915,Pathogenic
R213Y,R,213,Y,0.8904409768302561,Pathogenic
H214A,H,214,A,0.8674460100418973,Pathogenic
H214C,H,214,C,0.7314629699204618,Pathogenic
H214D,H,214,D,0.8928806293735161,Pathogenic
H214E,H,214,E,0.6844683603608209,Pathogenic
H214F,H,214,F,0.7594831220021041,Pathogenic
H214G,H,214,G,0.8680689057018587,Pathogenic
H214I,H,214,I,0.7912254020883678,Pathogenic
H214K,H,214,K,0.6850728092693672,Pathogenic
H214L,H,214,L,0.5279967453742475,Uncertain
H214M,H,214,M,0.8252570292521182,Pathogenic
H214N,H,214,N,0.828910112915885,Pathogenic
H214P,H,214,P,0.8256074256730164,Pathogenic
H214Q,H,214,Q,0.21021615097875435,Benign
H214R,H,214,R,0.7748979667181255,Pathogenic
H214S,H,214,S,0.8452459051189192,Pathogenic
H214T,H,214,T,0.914534563608855,Pathogenic
H214V,H,214,V,0.9023705543673042,Pathogenic
H214W,H,214,W,0.9283293541462156,Pathogenic
H214Y,H,214,Y,0.6738803159413259,Pathogenic
S215A,S,215,A,0.5854124436266331,Uncertain
S215C,S,215,C,0.4919131873706926,Uncertain
S215D,S,215,D,0.928219575396974,Pathogenic
S215E,S,215,E,0.8510971058803077,Pathogenic
S215F,S,215,F,0.784997070055018,Pathogenic
S215G,S,215,G,0.8362377398250942,Pathogenic
S215H,S,215,H,0.8712608207321408,Pathogenic
S215I,S,215,I,0.8596715133310473,Pathogenic
S215K,S,215,K,0.9168988326369588,Pathogenic
S215L,S,215,L,0.9291207780204672,Pathogenic
S215M,S,215,M,0.7942199022675093,Pathogenic
S215N,S,215,N,0.7040208325581796,Pathogenic
S215P,S,215,P,0.9420632530662776,Pathogenic
S215Q,S,215,Q,0.9252166076273316,Pathogenic
S215R,S,215,R,0.9173179920974948,Pathogenic
S215T,S,215,T,0.7781604106712458,Pathogenic
S215V,S,215,V,0.7537382490745227,Pathogenic
S215W,S,215,W,0.937859298869884,Pathogenic
S215Y,S,215,Y,0.6765268017076798,Pathogenic
V216A,V,216,A,0.7009164681371407,Pathogenic
V216C,V,216,C,0.7564537018988715,Pathogenic
V216D,V,216,D,0.9522488574011088,Pathogenic
V216E,V,216,E,0.9561199513911368,Pathogenic
V216F,V,216,F,0.9137641298808772,Pathogenic
V216G,V,216,G,0.9323020695583396,Pathogenic
V216H,V,216,H,0.9395518721331696,Pathogenic
V216I,V,216,I,0.5171967325825082,Uncertain
V216K,V,216,K,0.9532249823051012,Pathogenic
V216L,V,216,L,0.5881856999359568,Uncertain
V216M,V,216,M,0.8873476754719536,Pathogenic
V216N,V,216,N,0.916192324729711,Pathogenic
V216P,V,216,P,0.9492114167421688,Pathogenic
V216Q,V,216,Q,0.9309649200710208,Pathogenic
V216R,V,216,R,0.93121837374912,Pathogenic
V216S,V,216,S,0.840988309085875,Pathogenic
V216T,V,216,T,0.7981449896383497,Pathogenic
V216W,V,216,W,0.9294633635808324,Pathogenic
V216Y,V,216,Y,0.940836041532515,Pathogenic
V217A,V,217,A,0.4062663670402804,Uncertain
V217C,V,217,C,0.4150279169527095,Uncertain
V217D,V,217,D,0.5201744616860222,Uncertain
V217E,V,217,E,0.8211450511001139,Pathogenic
V217F,V,217,F,0.5546348466623005,Uncertain
V217G,V,217,G,0.5163876566195793,Uncertain
V217H,V,217,H,0.8136726841873889,Pathogenic
V217I,V,217,I,0.2994469655813252,Benign
V217K,V,217,K,0.6239476550794759,Uncertain
V217L,V,217,L,0.2293251520538417,Benign
V217M,V,217,M,0.3377637463891226,Benign
V217N,V,217,N,0.6378965962913948,Uncertain
V217P,V,217,P,0.8323659789659805,Pathogenic
V217Q,V,217,Q,0.8391729796562595,Pathogenic
V217R,V,217,R,0.39279118692100895,Uncertain
V217S,V,217,S,0.2977922945913481,Benign
V217T,V,217,T,0.2291622393829191,Benign
V217W,V,217,W,0.7114494372874131,Pathogenic
V217Y,V,217,Y,0.551012903932501,Uncertain
V218A,V,218,A,0.7636882730363943,Pathogenic
V218C,V,218,C,0.8500052700647391,Pathogenic
V218D,V,218,D,0.9272823962672436,Pathogenic
V218E,V,218,E,0.9298063752662036,Pathogenic
V218F,V,218,F,0.6806662809174436,Pathogenic
V218G,V,218,G,0.8654092851492912,Pathogenic
V218H,V,218,H,0.915166970790487,Pathogenic
V218I,V,218,I,0.3154420837799801,Benign
V218K,V,218,K,0.9348728856229416,Pathogenic
V218L,V,218,L,0.31488167328281186,Benign
V218M,V,218,M,0.6492808852719537,Pathogenic
V218N,V,218,N,0.9280605192881908,Pathogenic
V218P,V,218,P,0.9270896538372456,Pathogenic
V218Q,V,218,Q,0.9240653336140614,Pathogenic
V218R,V,218,R,0.9236331511336984,Pathogenic
V218S,V,218,S,0.7450082654547647,Pathogenic
V218T,V,218,T,0.5247679887126601,Uncertain
V218W,V,218,W,0.932389526153572,Pathogenic
V218Y,V,218,Y,0.5108594689405301,Uncertain
P219A,P,219,A,0.7537876836663242,Pathogenic
P219C,P,219,C,0.9208742170517148,Pathogenic
P219D,P,219,D,0.6646137418469878,Pathogenic
P219E,P,219,E,0.7320457162176249,Pathogenic
P219F,P,219,F,0.934365834101038,Pathogenic
P219G,P,219,G,0.8935380176219871,Pathogenic
P219H,P,219,H,0.9120452038929464,Pathogenic
P219I,P,219,I,0.912310346658486,Pathogenic
P219K,P,219,K,0.8068842722816367,Pathogenic
P219L,P,219,L,0.5919985393044761,Uncertain
P219M,P,219,M,0.7457676794856868,Pathogenic
P219N,P,219,N,0.8431735423513516,Pathogenic
P219Q,P,219,Q,0.7281955690554767,Pathogenic
P219R,P,219,R,0.7796693571839179,Pathogenic
P219S,P,219,S,0.6390370741500416,Uncertain
P219T,P,219,T,0.8617922739054901,Pathogenic
P219V,P,219,V,0.9418297390558072,Pathogenic
P219W,P,219,W,0.9344617434197448,Pathogenic
P219Y,P,219,Y,0.9405616685019378,Pathogenic
Y220A,Y,220,A,0.885561539056865,Pathogenic
Y220C,Y,220,C,0.8819581597874926,Pathogenic
Y220D,Y,220,D,0.9484212091759172,Pathogenic
Y220E,Y,220,E,0.9331241423750916,Pathogenic
Y220F,Y,220,F,0.4439915669142326,Uncertain
Y220G,Y,220,G,0.9038263749046784,Pathogenic
Y220H,Y,220,H,0.7358998732030343,Pathogenic
Y220I,Y,220,I,0.5940125440894644,Uncertain
Y220K,Y,220,K,0.9419157878512532,Pathogenic
Y220L,Y,220,L,0.5404093572380986,Uncertain
Y220M,Y,220,M,0.5778263133059374,Uncertain
Y220N,Y,220,N,0.9523167713879188,Pathogenic
Y220P,Y,220,P,0.9384258945686356,Pathogenic
Y220Q,Y,220,Q,0.8497517425007464,Pathogenic
Y220R,Y,220,R,0.8987618832597094,Pathogenic
Y220S,Y,220,S,0.87575499287614,Pathogenic
Y220T,Y,220,T,0.8458376504128259,Pathogenic
Y220V,Y,220,V,0.7425787718587967,Pathogenic
Y220W,Y,220,W,0.8077570896950291,Pathogenic
E221A,E,221,A,0.7455990457274227,Pathogenic
E221C,E,221,C,0.8357884448879239,Pathogenic
E221D,E,221,D,0.6096209079990631,Uncertain
E221F,E,221,F,0.9167378306721364,Pathogenic
E221G,E,221,G,0.6869080420077353,Pathogenic
E221H,E,221,H,0.7472764021931282,Pathogenic
E221I,E,221,I,0.9020714046188664,Pathogenic
E221K,E,221,K,0.7489237036893446,Pathogenic
E221L,E,221,L,0.7735198754863866,Pathogenic
E221M,E,221,M,0.9429777238689441,Pathogenic
E221N,E,221,N,0.6792592857506536,Pathogenic
E221P,E,221,P,0.8100722350937457,Pathogenic
E221Q,E,221,Q,0.5416416443271675,Uncertain
E221R,E,221,R,0.675841762304414,Pathogenic
E221S,E,221,S,0.4713239139436117,Uncertain
E221T,E,221,T,0.5894814163979668,Uncertain
E221V,E,221,V,0.901275791699432,Pathogenic
E221W,E,221,W,0.9341645653196664,Pathogenic
E221Y,E,221,Y,0.9455548701998572,Pathogenic
P222A,P,222,A,0.2734035697144756,Benign
P222C,P,222,C,0.6606505653482155,Pathogenic
P222D,P,222,D,0.6160164118158674,Uncertain
P222E,P,222,E,0.4962792500048042,Uncertain
P222F,P,222,F,0.5708226963340689,Uncertain
P222G,P,222,G,0.41180022911830383,Uncertain
P222H,P,222,H,0.30503760820985265,Benign
P222I,P,222,I,0.5921343467344332,Uncertain
P222K,P,222,K,0.3105678806430942,Benign
P222L,P,222,L,0.30917535287771153,Benign
P222M,P,222,M,0.4182444102631673,Uncertain
P222N,P,222,N,0.4560407527179876,Uncertain
P222Q,P,222,Q,0.3498787682518337,Benign
P222R,P,222,R,0.33141411669636,Benign
P222S,P,222,S,0.2635158081052164,Benign
P222T,P,222,T,0.3117547958363105,Benign
P222V,P,222,V,0.5280039825228773,Uncertain
P222W,P,222,W,0.760734663459778,Pathogenic
P222Y,P,222,Y,0.5436713139000909,Uncertain
P223A,P,223,A,0.7842797729545445,Pathogenic
P223C,P,223,C,0.8118322230498372,Pathogenic
P223D,P,223,D,0.8390861620412469,Pathogenic
P223E,P,223,E,0.8956802234881618,Pathogenic
P223F,P,223,F,0.7779566246428922,Pathogenic
P223G,P,223,G,0.7729347785502947,Pathogenic
P223H,P,223,H,0.8186989226277033,Pathogenic
P223I,P,223,I,0.8865487072606861,Pathogenic
P223K,P,223,K,0.8862224346304532,Pathogenic
P223L,P,223,L,0.4991762584224316,Uncertain
P223M,P,223,M,0.9399024533696436,Pathogenic
P223N,P,223,N,0.7331101115867846,Pathogenic
P223Q,P,223,Q,0.7970526410898886,Pathogenic
P223R,P,223,R,0.872658478993396,Pathogenic
P223S,P,223,S,0.6764746224125688,Pathogenic
P223T,P,223,T,0.7776097583978672,Pathogenic
P223V,P,223,V,0.7325055524454068,Pathogenic
P223W,P,223,W,0.9383916804059992,Pathogenic
P223Y,P,223,Y,0.845303279590231,Pathogenic
E224A,E,224,A,0.5334659047259882,Uncertain
E224C,E,224,C,0.9086938365880846,Pathogenic
E224D,E,224,D,0.6402241151412726,Uncertain
E224F,E,224,F,0.8978463837767658,Pathogenic
E224G,E,224,G,0.8539470339882199,Pathogenic
E224H,E,224,H,0.6182341471364237,Uncertain
E224I,E,224,I,0.7879909253382765,Pathogenic
E224K,E,224,K,0.6999419515212357,Pathogenic
E224L,E,224,L,0.9276111301435006,Pathogenic
E224M,E,224,M,0.8487267299461287,Pathogenic
E224N,E,224,N,0.7106915174391255,Pathogenic
E224P,E,224,P,0.5782292335143554,Uncertain
E224Q,E,224,Q,0.18513139886805344,Benign
E224R,E,224,R,0.47406227837424,Uncertain
E224S,E,224,S,0.6332717922832596,Uncertain
E224T,E,224,T,0.8852357739083727,Pathogenic
E224V,E,224,V,0.6905160811110049,Pathogenic
E224W,E,224,W,0.9201071811424364,Pathogenic
E224Y,E,224,Y,0.8979963472816934,Pathogenic
V225A,V,225,A,0.6126467246963699,Uncertain
V225C,V,225,C,0.8945367201235912,Pathogenic
V225D,V,225,D,0.7998597139714951,Pathogenic
V225E,V,225,E,0.7631435494175839,Pathogenic
V225F,V,225,F,0.8137304879587554,Pathogenic
V225G,V,225,G,0.6619585840067524,Pathogenic
V225H,V,225,H,0.8203686140862148,Pathogenic
V225I,V,225,I,0.8241555510884593,Pathogenic
V225K,V,225,K,0.8064673532135254,Pathogenic
V225L,V,225,L,0.3051515497494671,Benign
V225M,V,225,M,0.7538096523457896,Pathogenic
V225N,V,225,N,0.7590288129081073,Pathogenic
V225P,V,225,P,0.4281031704218214,Uncertain
V225Q,V,225,Q,0.8169772496078356,Pathogenic
V225R,V,225,R,0.8439066957992787,Pathogenic
V225S,V,225,S,0.6875226954675298,Pathogenic
V225T,V,225,T,0.7022314678279916,Pathogenic
V225W,V,225,W,0.9111602380935696,Pathogenic
V225Y,V,225,Y,0.8659353251521137,Pathogenic
G226A,G,226,A,0.7593209455893346,Pathogenic
G226C,G,226,C,0.8891470342836182,Pathogenic
G226D,G,226,D,0.8017780390876954,Pathogenic
G226E,G,226,E,0.8010480463296907,Pathogenic
G226F,G,226,F,0.9377333486125744,Pathogenic
G226H,G,226,H,0.9275933500531056,Pathogenic
G226I,G,226,I,0.9159759663097816,Pathogenic
G226K,G,226,K,0.815939755147819,Pathogenic
G226L,G,226,L,0.9368153879322954,Pathogenic
G226M,G,226,M,0.8754721445600167,Pathogenic
G226N,G,226,N,0.9326549629713003,Pathogenic
G226P,G,226,P,0.8444988012008627,Pathogenic
G226Q,G,226,Q,0.7891501005512238,Pathogenic
G226R,G,226,R,0.8971395285869288,Pathogenic
G226S,G,226,S,0.5520779346517685,Uncertain
G226T,G,226,T,0.8562269229976667,Pathogenic
G226V,G,226,V,0.9368871166927673,Pathogenic
G226W,G,226,W,0.9523547622560892,Pathogenic
G226Y,G,226,Y,0.934617095340761,Pathogenic
S227A,S,227,A,0.3165281550814285,Benign
S227C,S,227,C,0.26346197568925034,Benign
S227D,S,227,D,0.6592062730381656,Pathogenic
S227E,S,227,E,0.5989869980381999,Uncertain
S227F,S,227,F,0.8722688502844077,Pathogenic
S227G,S,227,G,0.699585431705962,Pathogenic
S227H,S,227,H,0.7967478857843492,Pathogenic
S227I,S,227,I,0.8027620289195045,Pathogenic
S227K,S,227,K,0.7321389273667959,Pathogenic
S227L,S,227,L,0.4684719029473886,Uncertain
S227M,S,227,M,0.35258225888383715,Benign
S227N,S,227,N,0.5633764057464952,Uncertain
S227P,S,227,P,0.7435637697149873,Pathogenic
S227Q,S,227,Q,0.5633257909547685,Uncertain
S227R,S,227,R,0.7650675276384102,Pathogenic
S227T,S,227,T,0.34058300403719544,Benign
S227V,S,227,V,0.4159150928586696,Uncertain
S227W,S,227,W,0.8825522927752669,Pathogenic
S227Y,S,227,Y,0.8668003501445359,Pathogenic
D228A,D,228,A,0.3033640828138533,Benign
D228C,D,228,C,0.8484376000144576,Pathogenic
D228E,D,228,E,0.1947517686358703,Benign
D228F,D,228,F,0.7550274597980537,Pathogenic
D228G,D,228,G,0.33626265974423564,Benign
D228H,D,228,H,0.7453516194965606,Pathogenic
D228I,D,228,I,0.6975416603046869,Pathogenic
D228K,D,228,K,0.4315335021438986,Uncertain
D228L,D,228,L,0.3789115144026212,Uncertain
D228M,D,228,M,0.8209382570607181,Pathogenic
D228N,D,228,N,0.6074582634168487,Uncertain
D228P,D,228,P,0.7359979504085656,Pathogenic
D228Q,D,228,Q,0.4768559648987419,Uncertain
D228R,D,228,R,0.6792138711408541,Pathogenic
D228S,D,228,S,0.5492666475921367,Uncertain
D228T,D,228,T,0.6020790752285456,Uncertain
D228V,D,228,V,0.4293776314413944,Uncertain
D228W,D,228,W,0.7621799526074828,Pathogenic
D228Y,D,228,Y,0.8528947216989108,Pathogenic
C229A,C,229,A,0.43811117106065456,Uncertain
C229D,C,229,D,0.7058470709393241,Pathogenic
C229E,C,229,E,0.6435909724903416,Pathogenic
C229F,C,229,F,0.2940986795087783,Benign
C229G,C,229,G,0.36804864888541694,Uncertain
C229H,C,229,H,0.3436525276304061,Benign
C229I,C,229,I,0.4370543881019161,Uncertain
C229K,C,229,K,0.567206272110605,Uncertain
C229L,C,229,L,0.3806190696879089,Uncertain
C229M,C,229,M,0.3814499495901349,Uncertain
C229N,C,229,N,0.5818812232757578,Uncertain
C229P,C,229,P,0.6522255889912516,Pathogenic
C229Q,C,229,Q,0.7169250828392152,Pathogenic
C229R,C,229,R,0.5205070372312219,Uncertain
C229S,C,229,S,0.2895508953408288,Benign
C229T,C,229,T,0.3171288309835463,Benign
C229V,C,229,V,0.4249766021045699,Uncertain
C229W,C,229,W,0.4015704264629579,Uncertain
C229Y,C,229,Y,0.1837554830461544,Benign
T230A,T,230,A,0.5759475138729739,Uncertain
T230C,T,230,C,0.8433744839591817,Pathogenic
T230D,T,230,D,0.8552571620151088,Pathogenic
T230E,T,230,E,0.8095249681320131,Pathogenic
T230F,T,230,F,0.7141407780998514,Pathogenic
T230G,T,230,G,0.8782947026770827,Pathogenic
T230H,T,230,H,0.8655553729265705,Pathogenic
T230I,T,230,I,0.5537946918621556,Uncertain
T230K,T,230,K,0.8214333229795691,Pathogenic
T230L,T,230,L,0.8397012645407751,Pathogenic
T230M,T,230,M,0.8307008205820086,Pathogenic
T230N,T,230,N,0.9105157983943739,Pathogenic
T230P,T,230,P,0.8918372870437995,Pathogenic
T230Q,T,230,Q,0.7212188951138285,Pathogenic
T230R,T,230,R,0.8459862122146558,Pathogenic
T230S,T,230,S,0.4144327071540038,Uncertain
T230V,T,230,V,0.6491113114743534,Pathogenic
T230W,T,230,W,0.9408492559964488,Pathogenic
T230Y,T,230,Y,0.7666471830413033,Pathogenic
T231A,T,231,A,0.6489959818760087,Pathogenic
T231C,T,231,C,0.8693768926091676,Pathogenic
T231D,T,231,D,0.7965428776518093,Pathogenic
T231E,T,231,E,0.8485878206116353,Pathogenic
T231F,T,231,F,0.8465869789879589,Pathogenic
T231G,T,231,G,0.869390140626673,Pathogenic
T231H,T,231,H,0.8056773661259548,Pathogenic
T231I,T,231,I,0.4631312784204181,Uncertain
T231K,T,231,K,0.6262468206404898,Uncertain
T231L,T,231,L,0.6018021040574024,Uncertain
T231M,T,231,M,0.9130852811628272,Pathogenic
T231N,T,231,N,0.6409300434943284,Pathogenic
T231P,T,231,P,0.5773873272979682,Uncertain
T231Q,T,231,Q,0.7006667232555043,Pathogenic
T231R,T,231,R,0.776033805764123,Pathogenic
T231S,T,231,S,0.7452784195491517,Pathogenic
T231V,T,231,V,0.6384945010685372,Uncertain
T231W,T,231,W,0.9334823534349279,Pathogenic
T231Y,T,231,Y,0.9386529386384681,Pathogenic
I232A,I,232,A,0.8422240064536545,Pathogenic
I232C,I,232,C,0.6741160380210854,Pathogenic
I232D,I,232,D,0.8161995695436972,Pathogenic
I232E,I,232,E,0.5448093327606831,Uncertain
I232F,I,232,F,0.6695370921394477,Pathogenic
I232G,I,232,G,0.6316120313195476,Uncertain
I232H,I,232,H,0.6438982664874939,Pathogenic
I232K,I,232,K,0.8899615800478958,Pathogenic
I232L,I,232,L,0.4224380130895163,Uncertain
I232M,I,232,M,0.6637297878822808,Pathogenic
I232N,I,232,N,0.6744497805350479,Pathogenic
I232P,I,232,P,0.8794441049338148,Pathogenic
I232Q,I,232,Q,0.8455858844063247,Pathogenic
I232R,I,232,R,0.7673285829902872,Pathogenic
I232S,I,232,S,0.7687133153019299,Pathogenic
I232T,I,232,T,0.5114724251273106,Uncertain
I232V,I,232,V,0.12318013648298215,Benign
I232W,I,232,W,0.8362618321764833,Pathogenic
I232Y,I,232,Y,0.4743873604441209,Uncertain
H233A,H,233,A,0.5821685420782319,Uncertain
H233C,H,233,C,0.6188229434540671,Uncertain
H233D,H,233,D,0.6003098897509409,Uncertain
H233E,H,233,E,0.8068430549007829,Pathogenic
H233F,H,233,F,0.3851012823058073,Uncertain
H233G,H,233,G,0.6882006664356597,Pathogenic
H233I,H,233,I,0.5477520344432257,Uncertain
H233K,H,233,K,0.7525765517712142,Pathogenic
H233L,H,233,L,0.1445843204388294,Benign
H233M,H,233,M,0.4686829411413751,Uncertain
H233N,H,233,N,0.5564088847898869,Uncertain
H233P,H,233,P,0.5962593581674202,Uncertain
H233Q,H,233,Q,0.8540818098504499,Pathogenic
H233R,H,233,R,0.6423881048783844,Pathogenic
H233S,H,233,S,0.5546348466623005,Uncertain
H233T,H,233,T,0.5731448222859695,Uncertain
H233V,H,233,V,0.6692601289180059,Pathogenic
H233W,H,233,W,0.8717999389465519,Pathogenic
H233Y,H,233,Y,0.73148628440927,Pathogenic
Y234A,Y,234,A,0.9224034723783896,Pathogenic
Y234C,Y,234,C,0.6795254292580368,Pathogenic
Y234D,Y,234,D,0.9217979274832068,Pathogenic
Y234E,Y,234,E,0.9116921633174933,Pathogenic
Y234F,Y,234,F,0.25139601217683305,Benign
Y234G,Y,234,G,0.6852270592287596,Pathogenic
Y234H,Y,234,H,0.9255739733400856,Pathogenic
Y234I,Y,234,I,0.6366238341738621,Uncertain
Y234K,Y,234,K,0.9292370842657944,Pathogenic
Y234L,Y,234,L,0.2654703438454886,Benign
Y234M,Y,234,M,0.7252754304875169,Pathogenic
Y234N,Y,234,N,0.9024117301927532,Pathogenic
Y234P,Y,234,P,0.9244809462905904,Pathogenic
Y234Q,Y,234,Q,0.9102841545952276,Pathogenic
Y234R,Y,234,R,0.7946332995575163,Pathogenic
Y234S,Y,234,S,0.9198630151556464,Pathogenic
Y234T,Y,234,T,0.8834147191589985,Pathogenic
Y234V,Y,234,V,0.707955657744783,Pathogenic
Y234W,Y,234,W,0.9075609481558308,Pathogenic
N235A,N,235,A,0.7571510520612885,Pathogenic
N235C,N,235,C,0.8814985989505656,Pathogenic
N235D,N,235,D,0.9376901533553978,Pathogenic
N235E,N,235,E,0.6356319058387235,Uncertain
N235F,N,235,F,0.8626142288047218,Pathogenic
N235G,N,235,G,0.9239394310709126,Pathogenic
N235H,N,235,H,0.8335755035579899,Pathogenic
N235I,N,235,I,0.8177916758351822,Pathogenic
N235K,N,235,K,0.5258898714255004,Uncertain
N235L,N,235,L,0.8041452927334083,Pathogenic
N235M,N,235,M,0.904303154106048,Pathogenic
N235P,N,235,P,0.9482577440242641,Pathogenic
N235Q,N,235,Q,0.6367477448045071,Uncertain
N235R,N,235,R,0.5800775236419353,Uncertain
N235S,N,235,S,0.3622291493133986,Uncertain
N235T,N,235,T,0.7022439090623982,Pathogenic
N235V,N,235,V,0.7916288655836559,Pathogenic
N235W,N,235,W,0.9406013879742132,Pathogenic
N235Y,N,235,Y,0.8379652641224891,Pathogenic
Y236A,Y,236,A,0.840628134455652,Pathogenic
Y236C,Y,236,C,0.6292626934283333,Uncertain
Y236D,Y,236,D,0.7442923125928946,Pathogenic
Y236E,Y,236,E,0.8285859137561915,Pathogenic
Y236F,Y,236,F,0.08188788245499963,Benign
Y236G,Y,236,G,0.8310505436670779,Pathogenic
Y236H,Y,236,H,0.8528580898449893,Pathogenic
Y236I,Y,236,I,0.5023216311634927,Uncertain
Y236K,Y,236,K,0.8506151099870985,Pathogenic
Y236L,Y,236,L,0.2961765907268967,Benign
Y236M,Y,236,M,0.6770938319138523,Pathogenic
Y236N,Y,236,N,0.8300120541314062,Pathogenic
Y236P,Y,236,P,0.8407730935333138,Pathogenic
Y236Q,Y,236,Q,0.862403071230096,Pathogenic
Y236R,Y,236,R,0.8284360908807156,Pathogenic
Y236S,Y,236,S,0.7664038171574721,Pathogenic
Y236T,Y,236,T,0.881535202837173,Pathogenic
Y236V,Y,236,V,0.7795680429616305,Pathogenic
Y236W,Y,236,W,0.7095341110469491,Pathogenic
M237A,M,237,A,0.7486004163286296,Pathogenic
M237C,M,237,C,0.8876275099160498,Pathogenic
M237D,M,237,D,0.9578876573338604,Pathogenic
M237E,M,237,E,0.9433293882836862,Pathogenic
M237F,M,237,F,0.8065131784459785,Pathogenic
M237G,M,237,G,0.7514940716761321,Pathogenic
M237H,M,237,H,0.8274722970370665,Pathogenic
M237I,M,237,I,0.8051154311752311,Pathogenic
M237K,M,237,K,0.7304761345118976,Pathogenic
M237L,M,237,L,0.7402189911849367,Pathogenic
M237N,M,237,N,0.9186760881301894,Pathogenic
M237P,M,237,P,0.8051062146693684,Pathogenic
M237Q,M,237,Q,0.9256407994086352,Pathogenic
M237R,M,237,R,0.8082491663266798,Pathogenic
M237S,M,237,S,0.7160492697594938,Pathogenic
M237T,M,237,T,0.503428600653731,Uncertain
M237V,M,237,V,0.6678207097786943,Pathogenic
M237W,M,237,W,0.9604252325619796,Pathogenic
M237Y,M,237,Y,0.852509464421477,Pathogenic
C238A,C,238,A,0.9710694186050899,Pathogenic
C238D,C,238,D,0.9520568812422254,Pathogenic
C238E,C,238,E,0.9643311228419637,Pathogenic
C238F,C,238,F,0.9710874657676338,Pathogenic
C238G,C,238,G,0.9727900416421712,Pathogenic
C238H,C,238,H,0.9687840997649322,Pathogenic
C238I,C,238,I,0.9651729150533276,Pathogenic
C238K,C,238,K,0.9738789398998456,Pathogenic
C238L,C,238,L,0.9713432557076004,Pathogenic
C238M,C,238,M,0.9670974351360101,Pathogenic
C238N,C,238,N,0.9736913652976412,Pathogenic
C238P,C,238,P,0.9750041985716816,Pathogenic
C238Q,C,238,Q,0.9479852546765579,Pathogenic
C238R,C,238,R,0.97016718475675,Pathogenic
C238S,C,238,S,0.9735405852164964,Pathogenic
C238T,C,238,T,0.9716307364717331,Pathogenic
C238V,C,238,V,0.8713557120962554,Pathogenic
C238W,C,238,W,0.972399221160698,Pathogenic
C238Y,C,238,Y,0.9763185137318624,Pathogenic
N239A,N,239,A,0.8900387503039604,Pathogenic
N239C,N,239,C,0.9064430265740656,Pathogenic
N239D,N,239,D,0.9341354954385516,Pathogenic
N239E,N,239,E,0.9434672851239132,Pathogenic
N239F,N,239,F,0.5479259417176151,Uncertain
N239G,N,239,G,0.8511859517568421,Pathogenic
N239H,N,239,H,0.7696889181875275,Pathogenic
N239I,N,239,I,0.9365541637513084,Pathogenic
N239K,N,239,K,0.6578931993077752,Pathogenic
N239L,N,239,L,0.5850681634934018,Uncertain
N239M,N,239,M,0.8493521276281715,Pathogenic
N239P,N,239,P,0.9342625504529308,Pathogenic
N239Q,N,239,Q,0.6324629926181762,Uncertain
N239R,N,239,R,0.6699457048325543,Pathogenic
N239S,N,239,S,0.6747702853848536,Pathogenic
N239T,N,239,T,0.8771170267562786,Pathogenic
N239V,N,239,V,0.8851052238903041,Pathogenic
N239W,N,239,W,0.9219671139951736,Pathogenic
N239Y,N,239,Y,0.6017950060154085,Uncertain
S240A,S,240,A,0.9670500145697772,Pathogenic
S240C,S,240,C,0.94989420225311,Pathogenic
S240D,S,240,D,0.9671573743531334,Pathogenic
S240E,S,240,E,0.9651698593143424,Pathogenic
S240F,S,240,F,0.9667806922480948,Pathogenic
S240G,S,240,G,0.6931574857855684,Pathogenic
S240H,S,240,H,0.9246552284060578,Pathogenic
S240I,S,240,I,0.8241768425238118,Pathogenic
S240K,S,240,K,0.957557965096804,Pathogenic
S240L,S,240,L,0.9415888591065532,Pathogenic
S240M,S,240,M,0.9717982530682308,Pathogenic
S240N,S,240,N,0.6330921252085667,Uncertain
S240P,S,240,P,0.978783862469351,Pathogenic
S240Q,S,240,Q,0.9450183824979695,Pathogenic
S240R,S,240,R,0.9753586027832992,Pathogenic
S240T,S,240,T,0.7335280464256514,Pathogenic
S240V,S,240,V,0.9792715922006596,Pathogenic
S240W,S,240,W,0.971030727293325,Pathogenic
S240Y,S,240,Y,0.9672171975434664,Pathogenic
S241A,S,241,A,0.9200532150082684,Pathogenic
S241C,S,241,C,0.9752702569937988,Pathogenic
S241D,S,241,D,0.8665575727931822,Pathogenic
S241E,S,241,E,0.9688237180574721,Pathogenic
S241F,S,241,F,0.9441522404461452,Pathogenic
S241G,S,241,G,0.9623293995526548,Pathogenic
S241H,S,241,H,0.9590841727537612,Pathogenic
S241I,S,241,I,0.9698562733380548,Pathogenic
S241K,S,241,K,0.9332878414647374,Pathogenic
S241L,S,241,L,0.9551526240195868,Pathogenic
S241M,S,241,M,0.9640614277601752,Pathogenic
S241N,S,241,N,0.9468522712953932,Pathogenic
S241P,S,241,P,0.9743282280328284,Pathogenic
S241Q,S,241,Q,0.9285680168273064,Pathogenic
S241R,S,241,R,0.969786574831364,Pathogenic
S241T,S,241,T,0.6216854194987009,Uncertain
S241V,S,241,V,0.9407122263256265,Pathogenic
S241W,S,241,W,0.9729245689864132,Pathogenic
S241Y,S,241,Y,0.9642226328088048,Pathogenic
C242A,C,242,A,0.9791449298839584,Pathogenic
C242D,C,242,D,0.8683494104232762,Pathogenic
C242E,C,242,E,0.9608469981965958,Pathogenic
C242F,C,242,F,0.9827919981450016,Pathogenic
C242G,C,242,G,0.9790558384811302,Pathogenic
C242H,C,242,H,0.9820795507703588,Pathogenic
C242I,C,242,I,0.9742742969744158,Pathogenic
C242K,C,242,K,0.9780236199379262,Pathogenic
C242L,C,242,L,0.9786602756614352,Pathogenic
C242M,C,242,M,0.9807474999950524,Pathogenic
C242N,C,242,N,0.9818816016952256,Pathogenic
C242P,C,242,P,0.9806215181524324,Pathogenic
C242Q,C,242,Q,0.9800057107350699,Pathogenic
C242R,C,242,R,0.9533582009848072,Pathogenic
C242S,C,242,S,0.9552142127028164,Pathogenic
C242T,C,242,T,0.9851393218642404,Pathogenic
C242V,C,242,V,0.9818229971251292,Pathogenic
C242W,C,242,W,0.9800099880545348,Pathogenic
C242Y,C,242,Y,0.984502817515039,Pathogenic
M243A,M,243,A,0.6848478352087396,Pathogenic
M243C,M,243,C,0.945207996286622,Pathogenic
M243D,M,243,D,0.9298332912746472,Pathogenic
M243E,M,243,E,0.871528988954343,Pathogenic
M243F,M,243,F,0.7588880626279226,Pathogenic
M243G,M,243,G,0.8652289949841674,Pathogenic
M243H,M,243,H,0.8981194032721534,Pathogenic
M243I,M,243,I,0.7879022828311889,Pathogenic
M243K,M,243,K,0.8292794312561378,Pathogenic
M243L,M,243,L,0.5960882970263018,Uncertain
M243N,M,243,N,0.824308441206542,Pathogenic
M243P,M,243,P,0.6997043334842754,Pathogenic
M243Q,M,243,Q,0.7962947793391724,Pathogenic
M243R,M,243,R,0.6931195011258476,Pathogenic
M243S,M,243,S,0.7088591330014465,Pathogenic
M243T,M,243,T,0.5712122453232821,Uncertain
M243V,M,243,V,0.5290758073334044,Uncertain
M243W,M,243,W,0.9487699291287124,Pathogenic
M243Y,M,243,Y,0.8943602683058622,Pathogenic
G244A,G,244,A,0.8957320811085561,Pathogenic
G244C,G,244,C,0.9424087094648056,Pathogenic
G244D,G,244,D,0.6985834083108928,Pathogenic
G244E,G,244,E,0.8984717244209038,Pathogenic
G244F,G,244,F,0.8949657961137056,Pathogenic
G244H,G,244,H,0.8966451368188704,Pathogenic
G244I,G,244,I,0.9392062382002632,Pathogenic
G244K,G,244,K,0.7653862363861076,Pathogenic
G244L,G,244,L,0.8424026176291021,Pathogenic
G244M,G,244,M,0.8863959537806196,Pathogenic
G244N,G,244,N,0.8809946938684181,Pathogenic
G244P,G,244,P,0.6565307289668183,Pathogenic
G244Q,G,244,Q,0.9253812591283028,Pathogenic
G244R,G,244,R,0.8083993675945955,Pathogenic
G244S,G,244,S,0.6567187759402561,Pathogenic
G244T,G,244,T,0.5993925274656433,Uncertain
G244V,G,244,V,0.9514919017810264,Pathogenic
G244W,G,244,W,0.9414713345479832,Pathogenic
G244Y,G,244,Y,0.9539191864326592,Pathogenic
G245A,G,245,A,0.8846116611342385,Pathogenic
G245C,G,245,C,0.9546169886043242,Pathogenic
G245D,G,245,D,0.9393109551476164,Pathogenic
G245E,G,245,E,0.9221107115988274,Pathogenic
G245F,G,245,F,0.8321738859394134,Pathogenic
G245H,G,245,H,0.8882461523552848,Pathogenic
G245I,G,245,I,0.810162597224884,Pathogenic
G245K,G,245,K,0.8797006607643466,Pathogenic
G245L,G,245,L,0.9232571332987451,Pathogenic
G245M,G,245,M,0.9283450314613526,Pathogenic
G245N,G,245,N,0.7988643537359587,Pathogenic
G245P,G,245,P,0.9444942499284936,Pathogenic
G245Q,G,245,Q,0.9425181118179788,Pathogenic
G245R,G,245,R,0.9605087622215164,Pathogenic
G245S,G,245,S,0.6265042854006666,Uncertain
G245T,G,245,T,0.7301719970386263,Pathogenic
G245V,G,245,V,0.9621856934706768,Pathogenic
G245W,G,245,W,0.9515415241703852,Pathogenic
G245Y,G,245,Y,0.9479220605958326,Pathogenic
M246A,M,246,A,0.9545403461686244,Pathogenic
M246C,M,246,C,0.955283402782866,Pathogenic
M246D,M,246,D,0.960618390012812,Pathogenic
M246E,M,246,E,0.9303563055090404,Pathogenic
M246F,M,246,F,0.9208185716798742,Pathogenic
M246G,M,246,G,0.8963252725015425,Pathogenic
M246H,M,246,H,0.6309680766245839,Uncertain
M246I,M,246,I,0.6948776631436635,Pathogenic
M246K,M,246,K,0.9450368975789964,Pathogenic
M246L,M,246,L,0.5663322394049715,Uncertain
M246N,M,246,N,0.9590061745538234,Pathogenic
M246P,M,246,P,0.6221675800805724,Uncertain
M246Q,M,246,Q,0.7721615939129662,Pathogenic
M246R,M,246,R,0.9476878437286068,Pathogenic
M246S,M,246,S,0.9494909715424364,Pathogenic
M246T,M,246,T,0.8969884653365942,Pathogenic
M246V,M,246,V,0.8870906620945991,Pathogenic
M246W,M,246,W,0.9532729930089342,Pathogenic
M246Y,M,246,Y,0.9356900160664866,Pathogenic
N247A,N,247,A,0.7773085233476571,Pathogenic
N247C,N,247,C,0.921113512586866,Pathogenic
N247D,N,247,D,0.8137972396921227,Pathogenic
N247E,N,247,E,0.8241768425238118,Pathogenic
N247F,N,247,F,0.9542078358801144,Pathogenic
N247G,N,247,G,0.8122354764318414,Pathogenic
N247H,N,247,H,0.8365780440977779,Pathogenic
N247I,N,247,I,0.9501576425464644,Pathogenic
N247K,N,247,K,0.9085164034519266,Pathogenic
N247L,N,247,L,0.9330559893704252,Pathogenic
N247M,N,247,M,0.9285191692048194,Pathogenic
N247P,N,247,P,0.8839007345473382,Pathogenic
N247Q,N,247,Q,0.7493024207134515,Pathogenic
N247R,N,247,R,0.8932737974747695,Pathogenic
N247S,N,247,S,0.5613588194510631,Uncertain
N247T,N,247,T,0.8919527370855059,Pathogenic
N247V,N,247,V,0.9487844038092964,Pathogenic
N247W,N,247,W,0.9523438946501508,Pathogenic
N247Y,N,247,Y,0.947979383562118,Pathogenic
R248A,R,248,A,0.8555678015299992,Pathogenic
R248C,R,248,C,0.9414304787432994,Pathogenic
R248D,R,248,D,0.9436632976165104,Pathogenic
R248E,R,248,E,0.9393210889055438,Pathogenic
R248F,R,248,F,0.9513165459917274,Pathogenic
R248G,R,248,G,0.8089900587165749,Pathogenic
R248H,R,248,H,0.8888099507471703,Pathogenic
R248I,R,248,I,0.9080996244200086,Pathogenic
R248K,R,248,K,0.5735989024526187,Uncertain
R248L,R,248,L,0.8585299827447033,Pathogenic
R248M,R,248,M,0.9373019485524788,Pathogenic
R248N,R,248,N,0.9281057200836136,Pathogenic
R248P,R,248,P,0.9282313537617479,Pathogenic
R248Q,R,248,Q,0.4257419080506141,Uncertain
R248S,R,248,S,0.9482431347044328,Pathogenic
R248T,R,248,T,0.9450183824979695,Pathogenic
R248V,R,248,V,0.9526118152746318,Pathogenic
R248W,R,248,W,0.940569945362786,Pathogenic
R248Y,R,248,Y,0.8115854390119264,Pathogenic
R249A,R,249,A,0.9256448457445752,Pathogenic
R249C,R,249,C,0.9341645653196664,Pathogenic
R249D,R,249,D,0.9379781685741024,Pathogenic
R249E,R,249,E,0.7638110057178836,Pathogenic
R249F,R,249,F,0.9476642100303668,Pathogenic
R249G,R,249,G,0.660510249140421,Pathogenic
R249H,R,249,H,0.939947609186288,Pathogenic
R249I,R,249,I,0.9156708468480268,Pathogenic
R249K,R,249,K,0.4262391168176393,Uncertain
R249L,R,249,L,0.8843044494419265,Pathogenic
R249M,R,249,M,0.7230020098466989,Pathogenic
R249N,R,249,N,0.8814223636529033,Pathogenic
R249P,R,249,P,0.937501517575506,Pathogenic
R249Q,R,249,Q,0.7650568623199975,Pathogenic
R249S,R,249,S,0.8132361796626103,Pathogenic
R249T,R,249,T,0.8865663101105282,Pathogenic
R249V,R,249,V,0.9074307586154792,Pathogenic
R249W,R,249,W,0.9222877482011684,Pathogenic
R249Y,R,249,Y,0.9226868420881846,Pathogenic
P250A,P,250,A,0.3829087256569075,Uncertain
P250C,P,250,C,0.9578997915982052,Pathogenic
P250D,P,250,D,0.8090626925148279,Pathogenic
P250E,P,250,E,0.7142136867352584,Pathogenic
P250F,P,250,F,0.9554967608959508,Pathogenic
P250G,P,250,G,0.8131648839257157,Pathogenic
P250H,P,250,H,0.9210580167036264,Pathogenic
P250I,P,250,I,0.9453202424963124,Pathogenic
P250K,P,250,K,0.8114327702473749,Pathogenic
P250L,P,250,L,0.6374564803743161,Uncertain
P250M,P,250,M,0.8814010241842407,Pathogenic
P250N,P,250,N,0.7574175481183972,Pathogenic
P250Q,P,250,Q,0.7494804649499328,Pathogenic
P250R,P,250,R,0.8109696015699508,Pathogenic
P250S,P,250,S,0.6583289232594154,Pathogenic
P250T,P,250,T,0.8582886819769426,Pathogenic
P250V,P,250,V,0.907110778948499,Pathogenic
P250W,P,250,W,0.9419903592036538,Pathogenic
P250Y,P,250,Y,0.9419320005799708,Pathogenic
I251A,I,251,A,0.9440236935094084,Pathogenic
I251C,I,251,C,0.9578027277102912,Pathogenic
I251D,I,251,D,0.9801705874514176,Pathogenic
I251E,I,251,E,0.958574716448984,Pathogenic
I251F,I,251,F,0.8306761261805702,Pathogenic
I251G,I,251,G,0.9605190633549159,Pathogenic
I251H,I,251,H,0.9672923166581876,Pathogenic
I251K,I,251,K,0.9705407586221604,Pathogenic
I251L,I,251,L,0.7148202777790635,Pathogenic
I251M,I,251,M,0.7393739122041154,Pathogenic
I251N,I,251,N,0.9686945811880306,Pathogenic
I251P,I,251,P,0.9269443328957138,Pathogenic
I251Q,I,251,Q,0.970801866234739,Pathogenic
I251R,I,251,R,0.9663062507538778,Pathogenic
I251S,I,251,S,0.9300751206554679,Pathogenic
I251T,I,251,T,0.6197195970513766,Uncertain
I251V,I,251,V,0.656362758995666,Pathogenic
I251W,I,251,W,0.9586522909245484,Pathogenic
I251Y,I,251,Y,0.9775012661838832,Pathogenic
L252A,L,252,A,0.6712029715139963,Pathogenic
L252C,L,252,C,0.7878383039259755,Pathogenic
L252D,L,252,D,0.6298938730541095,Uncertain
L252E,L,252,E,0.7233886541533237,Pathogenic
L252F,L,252,F,0.7076294767749317,Pathogenic
L252G,L,252,G,0.8177479189548583,Pathogenic
L252H,L,252,H,0.7950987723118217,Pathogenic
L252I,L,252,I,0.5709092763011614,Uncertain
L252K,L,252,K,0.6706306131085074,Pathogenic
L252M,L,252,M,0.6172521231766724,Uncertain
L252N,L,252,N,0.8010995976006303,Pathogenic
L252P,L,252,P,0.9260043829684246,Pathogenic
L252Q,L,252,Q,0.6291655485435115,Uncertain
L252R,L,252,R,0.828881053834227,Pathogenic
L252S,L,252,S,0.5765451351514717,Uncertain
L252T,L,252,T,0.8549966304345006,Pathogenic
L252V,L,252,V,0.47682058613135503,Uncertain
L252W,L,252,W,0.9383865510128152,Pathogenic
L252Y,L,252,Y,0.7710528563394181,Pathogenic
T253A,T,253,A,0.3994618430376031,Uncertain
T253C,T,253,C,0.9269961137011432,Pathogenic
T253D,T,253,D,0.9442476880601534,Pathogenic
T253E,T,253,E,0.9432388767950864,Pathogenic
T253F,T,253,F,0.9155009415749829,Pathogenic
T253G,T,253,G,0.944208583377634,Pathogenic
T253H,T,253,H,0.9543489305171318,Pathogenic
T253I,T,253,I,0.5360965747296402,Uncertain
T253K,T,253,K,0.9428371526646786,Pathogenic
T253L,T,253,L,0.6563224202466427,Pathogenic
T253M,T,253,M,0.6853812149764617,Pathogenic
T253N,T,253,N,0.9141604532573422,Pathogenic
T253P,T,253,P,0.952314058291367,Pathogenic
T253Q,T,253,Q,0.9437122048645372,Pathogenic
T253R,T,253,R,0.9588450061587572,Pathogenic
T253S,T,253,S,0.9452910608447076,Pathogenic
T253V,T,253,V,0.4806914647575208,Uncertain
T253W,T,253,W,0.9453463656417428,Pathogenic
T253Y,T,253,Y,0.9557408956627615,Pathogenic
I254A,I,254,A,0.901335601010356,Pathogenic
I254C,I,254,C,0.8856117831672736,Pathogenic
I254D,I,254,D,0.9386835896398262,Pathogenic
I254E,I,254,E,0.9556380509158212,Pathogenic
I254F,I,254,F,0.8785782543589988,Pathogenic
I254G,I,254,G,0.9757675411938384,Pathogenic
I254H,I,254,H,0.9635494150043374,Pathogenic
I254K,I,254,K,0.9681684142881952,Pathogenic
I254L,I,254,L,0.7614339539079429,Pathogenic
I254M,I,254,M,0.937167995214684,Pathogenic
I254N,I,254,N,0.9804559419609724,Pathogenic
I254P,I,254,P,0.9661566612145428,Pathogenic
I254Q,I,254,Q,0.9728630511056972,Pathogenic
I254R,I,254,R,0.9599646081672082,Pathogenic
I254S,I,254,S,0.943668029748191,Pathogenic
I254T,I,254,T,0.94420389222932,Pathogenic
I254V,I,254,V,0.5989371940818105,Uncertain
I254W,I,254,W,0.9718343231309692,Pathogenic
I254Y,I,254,Y,0.976219010281411,Pathogenic
I255A,I,255,A,0.7921335828990028,Pathogenic
I255C,I,255,C,0.7906995076467671,Pathogenic
I255D,I,255,D,0.9184587958772841,Pathogenic
I255E,I,255,E,0.9441193393366124,Pathogenic
I255F,I,255,F,0.5532442069906215,Uncertain
I255G,I,255,G,0.8554558963948407,Pathogenic
I255H,I,255,H,0.9271831033416724,Pathogenic
I255K,I,255,K,0.9217682637951408,Pathogenic
I255L,I,255,L,0.2706837985020161,Benign
I255M,I,255,M,0.588443481323269,Uncertain
I255N,I,255,N,0.9438571243947402,Pathogenic
I255P,I,255,P,0.9204775613772184,Pathogenic
I255Q,I,255,Q,0.9421441435637459,Pathogenic
I255R,I,255,R,0.9320802165680948,Pathogenic
I255S,I,255,S,0.9348297119972252,Pathogenic
I255T,I,255,T,0.9364170182957554,Pathogenic
I255V,I,255,V,0.3789488243505333,Uncertain
I255W,I,255,W,0.7659325074804554,Pathogenic
I255Y,I,255,Y,0.924232223724618,Pathogenic
T256A,T,256,A,0.8770918264826475,Pathogenic
T256C,T,256,C,0.8305979078100971,Pathogenic
T256D,T,256,D,0.9533914517722089,Pathogenic
T256E,T,256,E,0.8467008189921762,Pathogenic
T256F,T,256,F,0.9243248030470544,Pathogenic
T256G,T,256,G,0.9461245398496784,Pathogenic
T256H,T,256,H,0.9287884039492532,Pathogenic
T256I,T,256,I,0.7205370965304251,Pathogenic
T256K,T,256,K,0.9484445333817946,Pathogenic
T256L,T,256,L,0.7698198335220753,Pathogenic
T256M,T,256,M,0.8568011700228295,Pathogenic
T256N,T,256,N,0.7598126361386551,Pathogenic
T256P,T,256,P,0.8467121929022045,Pathogenic
T256Q,T,256,Q,0.8359490612928985,Pathogenic
T256R,T,256,R,0.8046955056694979,Pathogenic
T256S,T,256,S,0.6152504434997612,Uncertain
T256V,T,256,V,0.9040954370498716,Pathogenic
T256W,T,256,W,0.9440095769221876,Pathogenic
T256Y,T,256,Y,0.9012445538503682,Pathogenic
L257A,L,257,A,0.9628808486685586,Pathogenic
L257C,L,257,C,0.8770855386056031,Pathogenic
L257D,L,257,D,0.9556049992648984,Pathogenic
L257E,L,257,E,0.947232883362894,Pathogenic
L257F,L,257,F,0.9658256019374224,Pathogenic
L257G,L,257,G,0.9584527501980404,Pathogenic
L257H,L,257,H,0.9611431632242142,Pathogenic
L257I,L,257,I,0.9197266080294878,Pathogenic
L257K,L,257,K,0.9607118025318722,Pathogenic
L257M,L,257,M,0.6246449151070046,Uncertain
L257N,L,257,N,0.9455211855045236,Pathogenic
L257P,L,257,P,0.9628278803039836,Pathogenic
L257Q,L,257,Q,0.9624147101799176,Pathogenic
L257R,L,257,R,0.9732510041422896,Pathogenic
L257S,L,257,S,0.9641714106940475,Pathogenic
L257T,L,257,T,0.8767390727330973,Pathogenic
L257V,L,257,V,0.8451311657141225,Pathogenic
L257W,L,257,W,0.9668021593692416,Pathogenic
L257Y,L,257,Y,0.9570682553331012,Pathogenic
E258A,E,258,A,0.9776195335915416,Pathogenic
E258C,E,258,C,0.9031635352908148,Pathogenic
E258D,E,258,D,0.9760636158373408,Pathogenic
E258F,E,258,F,0.9219354293138228,Pathogenic
E258G,E,258,G,0.9744357896410152,Pathogenic
E258H,E,258,H,0.9069800318049116,Pathogenic
E258I,E,258,I,0.8812484029871546,Pathogenic
E258K,E,258,K,0.9546156810092032,Pathogenic
E258L,E,258,L,0.9375205801905356,Pathogenic
E258M,E,258,M,0.9365998198647494,Pathogenic
E258N,E,258,N,0.9757259087588877,Pathogenic
E258P,E,258,P,0.9634089229257696,Pathogenic
E258Q,E,258,Q,0.8927912305483985,Pathogenic
E258R,E,258,R,0.8529423916910555,Pathogenic
E258S,E,258,S,0.9787237741550356,Pathogenic
E258T,E,258,T,0.9309270427962556,Pathogenic
E258V,E,258,V,0.9241869339138076,Pathogenic
E258W,E,258,W,0.97002186424906,Pathogenic
E258Y,E,258,Y,0.9732933509092694,Pathogenic
D259A,D,259,A,0.5554169196352482,Uncertain
D259C,D,259,C,0.7344669462538691,Pathogenic
D259E,D,259,E,0.6706371911053629,Pathogenic
D259F,D,259,F,0.8289308669378175,Pathogenic
D259G,D,259,G,0.3616584249018282,Uncertain
D259H,D,259,H,0.5291771797506655,Uncertain
D259I,D,259,I,0.7532322451232789,Pathogenic
D259K,D,259,K,0.5047806518927245,Uncertain
D259L,D,259,L,0.6462979577511307,Pathogenic
D259M,D,259,M,0.8015817459374833,Pathogenic
D259N,D,259,N,0.4759005160228909,Uncertain
D259P,D,259,P,0.8846860732346085,Pathogenic
D259Q,D,259,Q,0.7015400866173328,Pathogenic
D259R,D,259,R,0.5878132963688165,Uncertain
D259S,D,259,S,0.26243676840508645,Benign
D259T,D,259,T,0.2069589037779513,Benign
D259V,D,259,V,0.8232192433698066,Pathogenic
D259W,D,259,W,0.8813064309881654,Pathogenic
D259Y,D,259,Y,0.6161990195814728,Uncertain
S260A,S,260,A,0.3008290779318082,Benign
S260C,S,260,C,0.6728054865233918,Pathogenic
S260D,S,260,D,0.6215945230652753,Uncertain
S260E,S,260,E,0.3944916956923442,Uncertain
S260F,S,260,F,0.6237523402595112,Uncertain
S260G,S,260,G,0.3844406808141803,Uncertain
S260H,S,260,H,0.3347898540965092,Benign
S260I,S,260,I,0.6939360967226548,Pathogenic
S260K,S,260,K,0.248929341469184,Benign
S260L,S,260,L,0.3664504924126547,Uncertain
S260M,S,260,M,0.5467880992013046,Uncertain
S260N,S,260,N,0.4491714192937786,Uncertain
S260P,S,260,P,0.2071326117012348,Benign
S260Q,S,260,Q,0.29117648434820137,Benign
S260R,S,260,R,0.3549714167039954,Benign
S260T,S,260,T,0.4568061290227673,Uncertain
S260V,S,260,V,0.6296858354473424,Uncertain
S260W,S,260,W,0.8270997961128848,Pathogenic
S260Y,S,260,Y,0.7106976305526587,Pathogenic
S261A,S,261,A,0.4618437158170002,Uncertain
S261C,S,261,C,0.4700203237414317,Uncertain
S261D,S,261,D,0.14800527923641013,Benign
S261E,S,261,E,0.2037021644207629,Benign
S261F,S,261,F,0.5910192801490222,Uncertain
S261G,S,261,G,0.24621162054894585,Benign
S261H,S,261,H,0.3375935297814035,Benign
S261I,S,261,I,0.6844039480732454,Pathogenic
S261K,S,261,K,0.469893564694781,Uncertain
S261L,S,261,L,0.4216894934096083,Uncertain
S261M,S,261,M,0.5727266967450451,Uncertain
S261N,S,261,N,0.17477449484491167,Benign
S261P,S,261,P,0.6163886519335054,Uncertain
S261Q,S,261,Q,0.2704027387594517,Benign
S261R,S,261,R,0.4138974536349227,Uncertain
S261T,S,261,T,0.4075995743370857,Uncertain
S261V,S,261,V,0.7569659865547136,Pathogenic
S261W,S,261,W,0.7018392066830451,Pathogenic
S261Y,S,261,Y,0.7407035093574448,Pathogenic
G262A,G,262,A,0.7300256929010112,Pathogenic
G262C,G,262,C,0.7993460140986086,Pathogenic
G262D,G,262,D,0.6227892054523834,Uncertain
G262E,G,262,E,0.5977056793823398,Uncertain
G262F,G,262,F,0.9165944777981494,Pathogenic
G262H,G,262,H,0.9580691392638041,Pathogenic
G262I,G,262,I,0.9610631156638162,Pathogenic
G262K,G,262,K,0.8166832039895665,Pathogenic
G262L,G,262,L,0.9200704763728088,Pathogenic
G262M,G,262,M,0.9388962034681604,Pathogenic
G262N,G,262,N,0.7135089823515702,Pathogenic
G262P,G,262,P,0.9581174271032092,Pathogenic
G262Q,G,262,Q,0.9127965385876824,Pathogenic
G262R,G,262,R,0.8438026844536863,Pathogenic
G262S,G,262,S,0.8193596023355104,Pathogenic
G262T,G,262,T,0.9284370278076453,Pathogenic
G262V,G,262,V,0.94318958580226,Pathogenic
G262W,G,262,W,0.9587213861834221,Pathogenic
G262Y,G,262,Y,0.8442145419200616,Pathogenic
N263A,N,263,A,0.39184720604069545,Uncertain
N263C,N,263,C,0.598083048300165,Uncertain
N263D,N,263,D,0.4193021376968603,Uncertain
N263E,N,263,E,0.2662535452340312,Benign
N263F,N,263,F,0.6082785150199698,Uncertain
N263G,N,263,G,0.5300173684009535,Uncertain
N263H,N,263,H,0.4073248557779079,Uncertain
N263I,N,263,I,0.5299449290995939,Uncertain
N263K,N,263,K,0.2830063976228893,Benign
N263L,N,263,L,0.20995493306369828,Benign
N263M,N,263,M,0.4159946062248708,Uncertain
N263P,N,263,P,0.771792427507309,Pathogenic
N263Q,N,263,Q,0.13533623685451526,Benign
N263R,N,263,R,0.2823133368976315,Benign
N263S,N,263,S,0.2776361702264567,Benign
N263T,N,263,T,0.4418305794064614,Uncertain
N263V,N,263,V,0.3243738278729644,Benign
N263W,N,263,W,0.7732870564972211,Pathogenic
N263Y,N,263,Y,0.6972274499565365,Pathogenic
L264A,L,264,A,0.8856177172036274,Pathogenic
L264C,L,264,C,0.6504397751541772,Pathogenic
L264D,L,264,D,0.7441851055700713,Pathogenic
L264E,L,264,E,0.7313696029895937,Pathogenic
L264F,L,264,F,0.9389454306118821,Pathogenic
L264G,L,264,G,0.9382152671723872,Pathogenic
L264H,L,264,H,0.8753734970248213,Pathogenic
L264I,L,264,I,0.37342264591567775,Uncertain
L264K,L,264,K,0.9147701909405104,Pathogenic
L264M,L,264,M,0.7073831063710492,Pathogenic
L264N,L,264,N,0.9208378603992596,Pathogenic
L264P,L,264,P,0.6821861629821868,Pathogenic
L264Q,L,264,Q,0.9101788797992634,Pathogenic
L264R,L,264,R,0.9004902270891579,Pathogenic
L264S,L,264,S,0.8729079775037929,Pathogenic
L264T,L,264,T,0.6276029902487146,Uncertain
L264V,L,264,V,0.234321959032288,Benign
L264W,L,264,W,0.9231467090148484,Pathogenic
L264Y,L,264,Y,0.8828936806783731,Pathogenic
L265A,L,265,A,0.950466196054044,Pathogenic
L265C,L,265,C,0.8847426474301763,Pathogenic
L265D,L,265,D,0.9747665850708892,Pathogenic
L265E,L,265,E,0.9510892329187078,Pathogenic
L265F,L,265,F,0.8654296698190989,Pathogenic
L265G,L,265,G,0.9738601586297472,Pathogenic
L265H,L,265,H,0.8795337959858701,Pathogenic
L265I,L,265,I,0.6201326367028703,Uncertain
L265K,L,265,K,0.9680386689458536,Pathogenic
L265M,L,265,M,0.8829088072010041,Pathogenic
L265N,L,265,N,0.9738844116863894,Pathogenic
L265P,L,265,P,0.9704374733811172,Pathogenic
L265Q,L,265,Q,0.9471420636534365,Pathogenic
L265R,L,265,R,0.9338370222008836,Pathogenic
L265S,L,265,S,0.9535189165852946,Pathogenic
L265T,L,265,T,0.9571298879896646,Pathogenic
L265V,L,265,V,0.5817519381489153,Uncertain
L265W,L,265,W,0.8862047614606791,Pathogenic
L265Y,L,265,Y,0.7738559038103983,Pathogenic
G266A,G,266,A,0.5174568327917684,Uncertain
G266C,G,266,C,0.9577249278498268,Pathogenic
G266D,G,266,D,0.7652800205810495,Pathogenic
G266E,G,266,E,0.907992094733838,Pathogenic
G266F,G,266,F,0.972818453492707,Pathogenic
G266H,G,266,H,0.9628754407560878,Pathogenic
G266I,G,266,I,0.9599275499330546,Pathogenic
G266K,G,266,K,0.964299852684023,Pathogenic
G266L,G,266,L,0.9714970749005244,Pathogenic
G266M,G,266,M,0.9706515460357148,Pathogenic
G266N,G,266,N,0.9699454017039296,Pathogenic
G266P,G,266,P,0.9503269254530072,Pathogenic
G266Q,G,266,Q,0.9521154895325604,Pathogenic
G266R,G,266,R,0.9516721998950516,Pathogenic
G266S,G,266,S,0.8497965374531811,Pathogenic
G266T,G,266,T,0.9747908232070336,Pathogenic
G266V,G,266,V,0.9668011845935752,Pathogenic
G266W,G,266,W,0.9626033315154622,Pathogenic
G266Y,G,266,Y,0.9700316403866578,Pathogenic
R267A,R,267,A,0.8928275838318721,Pathogenic
R267C,R,267,C,0.8626315153206039,Pathogenic
R267D,R,267,D,0.8514780713491051,Pathogenic
R267E,R,267,E,0.8541436440484833,Pathogenic
R267F,R,267,F,0.8545398250299784,Pathogenic
R267G,R,267,G,0.9039381311986528,Pathogenic
R267H,R,267,H,0.3930593662930896,Uncertain
R267I,R,267,I,0.8299252557910944,Pathogenic
R267K,R,267,K,0.631141223471959,Uncertain
R267L,R,267,L,0.8156840552912135,Pathogenic
R267M,R,267,M,0.8204204987260757,Pathogenic
R267N,R,267,N,0.9225484194220231,Pathogenic
R267P,R,267,P,0.9347847134161136,Pathogenic
R267Q,R,267,Q,0.4430030302422926,Uncertain
R267S,R,267,S,0.6394146312863696,Uncertain
R267T,R,267,T,0.7520247097888779,Pathogenic
R267V,R,267,V,0.7474386739020651,Pathogenic
R267W,R,267,W,0.9328418909786472,Pathogenic
R267Y,R,267,Y,0.9199905794214251,Pathogenic
N268A,N,268,A,0.3629210115843287,Uncertain
N268C,N,268,C,0.24610706864089296,Benign
N268D,N,268,D,0.3698720602727695,Uncertain
N268E,N,268,E,0.48508526547764397,Uncertain
N268F,N,268,F,0.316587104784126,Benign
N268G,N,268,G,0.2725202488881228,Benign
N268H,N,268,H,0.4641049271449222,Uncertain
N268I,N,268,I,0.6715908296082655,Pathogenic
N268K,N,268,K,0.3434280159690985,Benign
N268L,N,268,L,0.6351700242968188,Uncertain
N268M,N,268,M,0.4833418291969639,Uncertain
N268P,N,268,P,0.7259260315416091,Pathogenic
N268Q,N,268,Q,0.19040847892889345,Benign
N268R,N,268,R,0.12711676514879802,Benign
N268S,N,268,S,0.3749821394103122,Uncertain
N268T,N,268,T,0.5817806557554399,Uncertain
N268V,N,268,V,0.488898895526506,Uncertain
N268W,N,268,W,0.7598396166274458,Pathogenic
N268Y,N,268,Y,0.5957246955435496,Uncertain
S269A,S,269,A,0.6499249425047408,Pathogenic
S269C,S,269,C,0.2424316560956984,Benign
S269D,S,269,D,0.8807313270972077,Pathogenic
S269E,S,269,E,0.7366835228018094,Pathogenic
S269F,S,269,F,0.8455324752976916,Pathogenic
S269G,S,269,G,0.9004980788586723,Pathogenic
S269H,S,269,H,0.8852624416337299,Pathogenic
S269I,S,269,I,0.6571082421491001,Pathogenic
S269K,S,269,K,0.6323108570443403,Uncertain
S269L,S,269,L,0.7986941729731936,Pathogenic
S269M,S,269,M,0.748427512240611,Pathogenic
S269N,S,269,N,0.7651950053636241,Pathogenic
S269P,S,269,P,0.8676002931649951,Pathogenic
S269Q,S,269,Q,0.942419998358121,Pathogenic
S269R,S,269,R,0.676187642695968,Pathogenic
S269T,S,269,T,0.5811268850018502,Uncertain
S269V,S,269,V,0.5193936767042193,Uncertain
S269W,S,269,W,0.9245035075951292,Pathogenic
S269Y,S,269,Y,0.8471403459585681,Pathogenic
F270A,F,270,A,0.9717755775555456,Pathogenic
F270C,F,270,C,0.8833515712962123,Pathogenic
F270D,F,270,D,0.9744265917942232,Pathogenic
F270E,F,270,E,0.9717814544367144,Pathogenic
F270G,F,270,G,0.973841364895943,Pathogenic
F270H,F,270,H,0.9675138761041472,Pathogenic
F270I,F,270,I,0.6933474725146288,Pathogenic
F270K,F,270,K,0.9659984763037832,Pathogenic
F270L,F,270,L,0.6705318596320493,Pathogenic
F270M,F,270,M,0.7558096259804299,Pathogenic
F270N,F,270,N,0.9697677817188548,Pathogenic
F270P,F,270,P,0.9668138546290842,Pathogenic
F270Q,F,270,Q,0.9048207195322568,Pathogenic
F270R,F,270,R,0.9624922321853482,Pathogenic
F270S,F,270,S,0.9721629176167498,Pathogenic
F270T,F,270,T,0.9493549623520892,Pathogenic
F270V,F,270,V,0.7557440954360388,Pathogenic
F270W,F,270,W,0.9432213786773224,Pathogenic
F270Y,F,270,Y,0.9747446051311752,Pathogenic
E271A,E,271,A,0.8111181467310267,Pathogenic
E271C,E,271,C,0.9544805379978956,Pathogenic
E271D,E,271,D,0.6204055758620026,Uncertain
E271F,E,271,F,0.9660652066930084,Pathogenic
E271G,E,271,G,0.8374442009367113,Pathogenic
E271H,E,271,H,0.8057969149522765,Pathogenic
E271I,E,271,I,0.9669530120585864,Pathogenic
E271K,E,271,K,0.7891354039175305,Pathogenic
E271L,E,271,L,0.8267937361812177,Pathogenic
E271M,E,271,M,0.975680545381898,Pathogenic
E271N,E,271,N,0.7690965434258585,Pathogenic
E271P,E,271,P,0.7710894197897222,Pathogenic
E271Q,E,271,Q,0.8779292920246451,Pathogenic
E271R,E,271,R,0.8444834536717711,Pathogenic
E271S,E,271,S,0.8030505060636087,Pathogenic
E271T,E,271,T,0.9361066062067608,Pathogenic
E271V,E,271,V,0.9491323380198058,Pathogenic
E271W,E,271,W,0.9772368373495572,Pathogenic
E271Y,E,271,Y,0.9132617941888226,Pathogenic
V272A,V,272,A,0.5572921068536273,Uncertain
V272C,V,272,C,0.9556456830491912,Pathogenic
V272D,V,272,D,0.9638626999895342,Pathogenic
V272E,V,272,E,0.9629326696413576,Pathogenic
V272F,V,272,F,0.7048326567261083,Pathogenic
V272G,V,272,G,0.8537392661600277,Pathogenic
V272H,V,272,H,0.9547401103035782,Pathogenic
V272I,V,272,I,0.6098468684308658,Uncertain
V272K,V,272,K,0.9482168045591092,Pathogenic
V272L,V,272,L,0.6985646113174196,Pathogenic
V272M,V,272,M,0.9605830252398546,Pathogenic
V272N,V,272,N,0.9665987112008578,Pathogenic
V272P,V,272,P,0.9539744102808324,Pathogenic
V272Q,V,272,Q,0.9722043668792992,Pathogenic
V272R,V,272,R,0.9660482947585832,Pathogenic
V272S,V,272,S,0.9585376811174116,Pathogenic
V272T,V,272,T,0.6757895464026047,Pathogenic
V272W,V,272,W,0.9555757309663166,Pathogenic
V272Y,V,272,Y,0.958377232121649,Pathogenic
R273A,R,273,A,0.939218062959712,Pathogenic
R273C,R,273,C,0.8510749026342356,Pathogenic
R273D,R,273,D,0.9443086276512476,Pathogenic
R273E,R,273,E,0.9553448071569566,Pathogenic
R273F,R,273,F,0.9380177463864954,Pathogenic
R273G,R,273,G,0.9461715140015934,Pathogenic
R273H,R,273,H,0.3854413362745287,Uncertain
R273I,R,273,I,0.94138959725692,Pathogenic
R273K,R,273,K,0.4332610912832309,Uncertain
R273L,R,273,L,0.9497819408171002,Pathogenic
R273M,R,273,M,0.9512514931553142,Pathogenic
R273N,R,273,N,0.8979267421770427,Pathogenic
R273P,R,273,P,0.9587273343774464,Pathogenic
R273Q,R,273,Q,0.7576784940653778,Pathogenic
R273S,R,273,S,0.9241951671494248,Pathogenic
R273T,R,273,T,0.8670562560245247,Pathogenic
R273V,R,273,V,0.9425967991639278,Pathogenic
R273W,R,273,W,0.945207996286622,Pathogenic
R273Y,R,273,Y,0.9384686312584758,Pathogenic
V274A,V,274,A,0.8533193314649534,Pathogenic
V274C,V,274,C,0.551809872800971,Uncertain
V274D,V,274,D,0.9222140005746609,Pathogenic
V274E,V,274,E,0.9280074307287398,Pathogenic
V274F,V,274,F,0.905255586856556,Pathogenic
V274G,V,274,G,0.8875313550350263,Pathogenic
V274H,V,274,H,0.9311787017683107,Pathogenic
V274I,V,274,I,0.1456684321820917,Benign
V274K,V,274,K,0.9308018225964998,Pathogenic
V274L,V,274,L,0.8154501374370378,Pathogenic
V274M,V,274,M,0.8864870305304604,Pathogenic
V274N,V,274,N,0.9322741560489732,Pathogenic
V274P,V,274,P,0.9339317735328894,Pathogenic
V274Q,V,274,Q,0.9135514877149052,Pathogenic
V274R,V,274,R,0.9170238819323496,Pathogenic
V274S,V,274,S,0.7305520856424947,Pathogenic
V274T,V,274,T,0.9143075021153222,Pathogenic
V274W,V,274,W,0.9408640887009878,Pathogenic
V274Y,V,274,Y,0.9427202920729674,Pathogenic
C275A,C,275,A,0.9755012724902301,Pathogenic
C275D,C,275,D,0.9800057107350699,Pathogenic
C275E,C,275,E,0.9788965092008924,Pathogenic
C275F,C,275,F,0.9809066865490828,Pathogenic
C275G,C,275,G,0.9552334302627792,Pathogenic
C275H,C,275,H,0.9862754108612046,Pathogenic
C275I,C,275,I,0.9793340208611322,Pathogenic
C275K,C,275,K,0.9803540420600274,Pathogenic
C275L,C,275,L,0.9743520798563908,Pathogenic
C275M,C,275,M,0.9762756000691232,Pathogenic
C275N,C,275,N,0.9797507565546896,Pathogenic
C275P,C,275,P,0.9791569970772906,Pathogenic
C275Q,C,275,Q,0.9791093355869722,Pathogenic
C275R,C,275,R,0.9787037096792119,Pathogenic
C275S,C,275,S,0.6512790835391864,Pathogenic
C275T,C,275,T,0.9794877829918084,Pathogenic
C275V,C,275,V,0.9665467052172506,Pathogenic
C275W,C,275,W,0.9827925290461924,Pathogenic
C275Y,C,275,Y,0.9841024890451316,Pathogenic
A276C,A,276,C,0.8688091394740319,Pathogenic
A276D,A,276,D,0.9259600213154994,Pathogenic
A276E,A,276,E,0.9653102525018094,Pathogenic
A276F,A,276,F,0.9375933050944434,Pathogenic
A276G,A,276,G,0.9600802112906088,Pathogenic
A276H,A,276,H,0.9589043294302162,Pathogenic
A276I,A,276,I,0.8434169999162033,Pathogenic
A276K,A,276,K,0.8257212653315791,Pathogenic
A276L,A,276,L,0.9374044060314644,Pathogenic
A276M,A,276,M,0.9285855831571516,Pathogenic
A276N,A,276,N,0.9669753470845508,Pathogenic
A276P,A,276,P,0.9580304843497562,Pathogenic
A276Q,A,276,Q,0.9421990814359076,Pathogenic
A276R,A,276,R,0.8506745263824491,Pathogenic
A276S,A,276,S,0.5260346489268712,Uncertain
A276T,A,276,T,0.4899197322568257,Uncertain
A276V,A,276,V,0.9159308155862796,Pathogenic
A276W,A,276,W,0.9599796464363364,Pathogenic
A276Y,A,276,Y,0.9520636969038164,Pathogenic
C277A,C,277,A,0.9005661476877569,Pathogenic
C277D,C,277,D,0.9757894258457508,Pathogenic
C277E,C,277,E,0.962734741722781,Pathogenic
C277F,C,277,F,0.9345900087641336,Pathogenic
C277G,C,277,G,0.9569236858290319,Pathogenic
C277H,C,277,H,0.9747529521393116,Pathogenic
C277I,C,277,I,0.9554189183508784,Pathogenic
C277K,C,277,K,0.9640257531232836,Pathogenic
C277L,C,277,L,0.9247330154190768,Pathogenic
C277M,C,277,M,0.972781097420816,Pathogenic
C277N,C,277,N,0.7896202997173981,Pathogenic
C277P,C,277,P,0.9739866811231696,Pathogenic
C277Q,C,277,Q,0.9742403345276852,Pathogenic
C277R,C,277,R,0.9770730465190618,Pathogenic
C277S,C,277,S,0.6395930512142571,Uncertain
C277T,C,277,T,0.8572555563232229,Pathogenic
C277V,C,277,V,0.8695722930597938,Pathogenic
C277W,C,277,W,0.9615400903027382,Pathogenic
C277Y,C,277,Y,0.9541594003846804,Pathogenic
P278A,P,278,A,0.9536063635442992,Pathogenic
P278C,P,278,C,0.9406361500221441,Pathogenic
P278D,P,278,D,0.9438051831083424,Pathogenic
P278E,P,278,E,0.9496836959556028,Pathogenic
P278F,P,278,F,0.8653242650317458,Pathogenic
P278G,P,278,G,0.9547349350407932,Pathogenic
P278H,P,278,H,0.9448111210155732,Pathogenic
P278I,P,278,I,0.8353422244856695,Pathogenic
P278K,P,278,K,0.9356455505365578,Pathogenic
P278L,P,278,L,0.7726236638549735,Pathogenic
P278M,P,278,M,0.9406642824762492,Pathogenic
P278N,P,278,N,0.9548771435231722,Pathogenic
P278Q,P,278,Q,0.9601701826010552,Pathogenic
P278R,P,278,R,0.9604973344581644,Pathogenic
P278S,P,278,S,0.8371811913198062,Pathogenic
P278T,P,278,T,0.8712640919948806,Pathogenic
P278V,P,278,V,0.8800275845101615,Pathogenic
P278W,P,278,W,0.9660074426904944,Pathogenic
P278Y,P,278,Y,0.7783793182565806,Pathogenic
G279A,G,279,A,0.8254723636411859,Pathogenic
G279C,G,279,C,0.8561766151185375,Pathogenic
G279D,G,279,D,0.9351797231635024,Pathogenic
G279E,G,279,E,0.9449241010689376,Pathogenic
G279F,G,279,F,0.8934740994172494,Pathogenic
G279H,G,279,H,0.9403093927994486,Pathogenic
G279I,G,279,I,0.9534166914248996,Pathogenic
G279K,G,279,K,0.6029734794989183,Uncertain
G279L,G,279,L,0.8201221918853703,Pathogenic
G279M,G,279,M,0.9437058997389604,Pathogenic
G279N,G,279,N,0.8426276308024782,Pathogenic
G279P,G,279,P,0.9650933524861134,Pathogenic
G279Q,G,279,Q,0.8754626059982047,Pathogenic
G279R,G,279,R,0.6063119082766301,Uncertain
G279S,G,279,S,0.7467442952601238,Pathogenic
G279T,G,279,T,0.8150568235502924,Pathogenic
G279V,G,279,V,0.8510971058803077,Pathogenic
G279W,G,279,W,0.93839680941541,Pathogenic
G279Y,G,279,Y,0.9601886226197186,Pathogenic
R280A,R,280,A,0.9833851913174472,Pathogenic
R280C,R,280,C,0.9806049001921656,Pathogenic
R280D,R,280,D,0.9790181883220962,Pathogenic
R280E,R,280,E,0.9871870703679924,Pathogenic
R280F,R,280,F,0.976142867996162,Pathogenic
R280G,R,280,G,0.9845369964208815,Pathogenic
R280H,R,280,H,0.9846395737309872,Pathogenic
R280I,R,280,I,0.9852855293605228,Pathogenic
R280K,R,280,K,0.9609353902104776,Pathogenic
R280L,R,280,L,0.9827377398686141,Pathogenic
R280M,R,280,M,0.9828370963979972,Pathogenic
R280N,R,280,N,0.9856049804891648,Pathogenic
R280P,R,280,P,0.9823256583032296,Pathogenic
R280Q,R,280,Q,0.9797470505640432,Pathogenic
R280S,R,280,S,0.9820171128865608,Pathogenic
R280T,R,280,T,0.9856234144645568,Pathogenic
R280V,R,280,V,0.9850300609507948,Pathogenic
R280W,R,280,W,0.9854512949710608,Pathogenic
R280Y,R,280,Y,0.9834529321642896,Pathogenic
D281A,D,281,A,0.9683023472201407,Pathogenic
D281C,D,281,C,0.9641044177284848,Pathogenic
D281E,D,281,E,0.9723423862878716,Pathogenic
D281F,D,281,F,0.972339907180461,Pathogenic
D281G,D,281,G,0.9699703164997722,Pathogenic
D281H,D,281,H,0.8172665385740945,Pathogenic
D281I,D,281,I,0.9762053753643828,Pathogenic
D281K,D,281,K,0.9512334984618148,Pathogenic
D281L,D,281,L,0.9525132088352316,Pathogenic
D281M,D,281,M,0.9590251056297708,Pathogenic
D281N,D,281,N,0.9443804488320654,Pathogenic
D281P,D,281,P,0.9650667890622108,Pathogenic
D281Q,D,281,Q,0.9646878109634964,Pathogenic
D281R,D,281,R,0.9673855197459128,Pathogenic
D281S,D,281,S,0.9453294800026016,Pathogenic
D281T,D,281,T,0.9216792821966706,Pathogenic
D281V,D,281,V,0.9651270364474336,Pathogenic
D281W,D,281,W,0.9661834553700228,Pathogenic
D281Y,D,281,Y,0.9692045429649214,Pathogenic
R282A,R,282,A,0.8164590899949816,Pathogenic
R282C,R,282,C,0.8621777719604521,Pathogenic
R282D,R,282,D,0.9643779597461652,Pathogenic
R282E,R,282,E,0.9434356034592476,Pathogenic
R282F,R,282,F,0.93831809436178,Pathogenic
R282G,R,282,G,0.959583240903055,Pathogenic
R282H,R,282,H,0.904946567893796,Pathogenic
R282I,R,282,I,0.7685030518135186,Pathogenic
R282K,R,282,K,0.6624717541940803,Pathogenic
R282L,R,282,L,0.7031953568697276,Pathogenic
R282M,R,282,M,0.7632931872285112,Pathogenic
R282N,R,282,N,0.9655289604042684,Pathogenic
R282P,R,282,P,0.9552052419410142,Pathogenic
R282Q,R,282,Q,0.9388146360405216,Pathogenic
R282S,R,282,S,0.8121414969454609,Pathogenic
R282T,R,282,T,0.9696179773355014,Pathogenic
R282V,R,282,V,0.938933530368679,Pathogenic
R282W,R,282,W,0.9168720303468678,Pathogenic
R282Y,R,282,Y,0.8761355377392873,Pathogenic
R283A,R,283,A,0.5511723269598493,Uncertain
R283C,R,283,C,0.5586166630438032,Uncertain
R283D,R,283,D,0.5908405200025966,Uncertain
R283E,R,283,E,0.3071051924237292,Benign
R283F,R,283,F,0.8470343474686777,Pathogenic
R283G,R,283,G,0.8221717072379624,Pathogenic
R283H,R,283,H,0.6776538216426458,Pathogenic
R283I,R,283,I,0.6788632017184629,Pathogenic
R283K,R,283,K,0.1648075360102577,Benign
R283L,R,283,L,0.5806525639423531,Uncertain
R283M,R,283,M,0.6356525813210209,Uncertain
R283N,R,283,N,0.4734972121117781,Uncertain
R283P,R,283,P,0.7636029273798906,Pathogenic
R283Q,R,283,Q,0.44267378460720586,Uncertain
R283S,R,283,S,0.5442222168851898,Uncertain
R283T,R,283,T,0.4368704331694295,Uncertain
R283V,R,283,V,0.6769570050455235,Pathogenic
R283W,R,283,W,0.8763601722181691,Pathogenic
R283Y,R,283,Y,0.8815869709385346,Pathogenic
T284A,T,284,A,0.4943669413533739,Uncertain
T284C,T,284,C,0.8922534266460654,Pathogenic
T284D,T,284,D,0.8543000689959892,Pathogenic
T284E,T,284,E,0.8735153675123962,Pathogenic
T284F,T,284,F,0.8840832917273218,Pathogenic
T284G,T,284,G,0.7311887330798135,Pathogenic
T284H,T,284,H,0.4991619148574399,Uncertain
T284I,T,284,I,0.4723818989957976,Uncertain
T284K,T,284,K,0.5951756002511207,Uncertain
T284L,T,284,L,0.6956725602286912,Pathogenic
T284M,T,284,M,0.6234593117295223,Uncertain
T284N,T,284,N,0.5003175535701867,Uncertain
T284P,T,284,P,0.8842865432371287,Pathogenic
T284Q,T,284,Q,0.4862675789572757,Uncertain
T284R,T,284,R,0.6429829223271221,Pathogenic
T284S,T,284,S,0.2825682400331093,Benign
T284V,T,284,V,0.7928549894264013,Pathogenic
T284W,T,284,W,0.8803630083605325,Pathogenic
T284Y,T,284,Y,0.7565573278104616,Pathogenic
E285A,E,285,A,0.8156266643684568,Pathogenic
E285C,E,285,C,0.9346008327729568,Pathogenic
E285D,E,285,D,0.2925320252941345,Benign
E285F,E,285,F,0.9275439080586682,Pathogenic
E285G,E,285,G,0.8209942445833538,Pathogenic
E285H,E,285,H,0.8104108616731414,Pathogenic
E285I,E,285,I,0.9642623004891748,Pathogenic
E285K,E,285,K,0.8685128168728234,Pathogenic
E285L,E,285,L,0.7596020251838402,Pathogenic
E285M,E,285,M,0.8731505971481689,Pathogenic
E285N,E,285,N,0.8460014361766315,Pathogenic
E285P,E,285,P,0.9472209870202064,Pathogenic
E285Q,E,285,Q,0.7325578730149809,Pathogenic
E285R,E,285,R,0.8194680935853825,Pathogenic
E285S,E,285,S,0.7708181669793305,Pathogenic
E285T,E,285,T,0.9507925848422272,Pathogenic
E285V,E,285,V,0.9222456192451836,Pathogenic
E285W,E,285,W,0.922357194211452,Pathogenic
E285Y,E,285,Y,0.8202346349840202,Pathogenic
E286A,E,286,A,0.8683694699450835,Pathogenic
E286C,E,286,C,0.9093522053680264,Pathogenic
E286D,E,286,D,0.739116548090528,Pathogenic
E286F,E,286,F,0.933405331022567,Pathogenic
E286G,E,286,G,0.8025152842967422,Pathogenic
E286H,E,286,H,0.9166437547448408,Pathogenic
E286I,E,286,I,0.8363098768677368,Pathogenic
E286K,E,286,K,0.7352649935926523,Pathogenic
E286L,E,286,L,0.8791126624498811,Pathogenic
E286M,E,286,M,0.9295830062976812,Pathogenic
E286N,E,286,N,0.8617435594667389,Pathogenic
E286P,E,286,P,0.962678318571016,Pathogenic
E286Q,E,286,Q,0.8983464175751488,Pathogenic
E286R,E,286,R,0.9336635392923098,Pathogenic
E286S,E,286,S,0.9069923657235259,Pathogenic
E286T,E,286,T,0.8777133185344097,Pathogenic
E286V,E,286,V,0.8820188737462931,Pathogenic
E286W,E,286,W,0.9565609235087948,Pathogenic
E286Y,E,286,Y,0.9538217140404964,Pathogenic
E287A,E,287,A,0.33995477899980386,Benign
E287C,E,287,C,0.5448600904244522,Uncertain
E287D,E,287,D,0.18666749009179606,Benign
E287F,E,287,F,0.6731661644521402,Pathogenic
E287G,E,287,G,0.3685297425579507,Uncertain
E287H,E,287,H,0.8668272899112315,Pathogenic
E287I,E,287,I,0.4948394870009633,Uncertain
E287K,E,287,K,0.4834129783255999,Uncertain
E287L,E,287,L,0.5858139904218783,Uncertain
E287M,E,287,M,0.5979691484187807,Uncertain
E287N,E,287,N,0.4377223801043264,Uncertain
E287P,E,287,P,0.840294809016835,Pathogenic
E287Q,E,287,Q,0.4751507844983755,Uncertain
E287R,E,287,R,0.4734124721552866,Uncertain
E287S,E,287,S,0.2884786428498876,Benign
E287T,E,287,T,0.4275441396057889,Uncertain
E287V,E,287,V,0.7297621945765527,Pathogenic
E287W,E,287,W,0.8272045080521966,Pathogenic
E287Y,E,287,Y,0.7878678344815797,Pathogenic
N288A,N,288,A,0.5040973128869548,Uncertain
N288C,N,288,C,0.8676706657337319,Pathogenic
N288D,N,288,D,0.7684032094672135,Pathogenic
N288E,N,288,E,0.7097486483328197,Pathogenic
N288F,N,288,F,0.9438256656313384,Pathogenic
N288G,N,288,G,0.7309844406799096,Pathogenic
N288H,N,288,H,0.671413355157457,Pathogenic
N288I,N,288,I,0.8072867793297704,Pathogenic
N288K,N,288,K,0.3908475857665992,Uncertain
N288L,N,288,L,0.6685936303677051,Pathogenic
N288M,N,288,M,0.8493708708024734,Pathogenic
N288P,N,288,P,0.79594615500166,Pathogenic
N288Q,N,288,Q,0.6592062730381656,Pathogenic
N288R,N,288,R,0.6065101173385601,Uncertain
N288S,N,288,S,0.4226653718693714,Uncertain
N288T,N,288,T,0.5291554289981737,Uncertain
N288V,N,288,V,0.8400434706032137,Pathogenic
N288W,N,288,W,0.92058495265724,Pathogenic
N288Y,N,288,Y,0.9343368438753156,Pathogenic
L289A,L,289,A,0.2150768529405422,Benign
L289C,L,289,C,0.19699732350409066,Benign
L289D,L,289,D,0.411899014238761,Uncertain
L289E,L,289,E,0.3314699444588765,Benign
L289F,L,289,F,0.05143636371383233,Benign
L289G,L,289,G,0.4654161139461492,Uncertain
L289H,L,289,H,0.17143683716734115,Benign
L289I,L,289,I,0.19865625867094308,Benign
L289K,L,289,K,0.2063279338852621,Benign
L289M,L,289,M,0.3398748923147064,Benign
L289N,L,289,N,0.2500107153483411,Benign
L289P,L,289,P,0.32288685985568,Benign
L289Q,L,289,Q,0.19911832389942752,Benign
L289R,L,289,R,0.2799198050159282,Benign
L289S,L,289,S,0.1416429992223197,Benign
L289T,L,289,T,0.28060708225711456,Benign
L289V,L,289,V,0.2241009940651971,Benign
L289W,L,289,W,0.6213358898796582,Uncertain
L289Y,L,289,Y,0.2194592623800202,Benign
R290A,R,290,A,0.21929277874849967,Benign
R290C,R,290,C,0.4998939844775782,Uncertain
R290D,R,290,D,0.3919938194420177,Uncertain
R290E,R,290,E,0.29003419426955923,Benign
R290F,R,290,F,0.5193792156311954,Uncertain
R290G,R,290,G,0.2920149026349907,Benign
R290H,R,290,H,0.12902046926559838,Benign
R290I,R,290,I,0.5190900762317798,Uncertain
R290K,R,290,K,0.18102276641137646,Benign
R290L,R,290,L,0.2810901264750895,Benign
R290M,R,290,M,0.4479703244056209,Uncertain
R290N,R,290,N,0.34527407428532275,Benign
R290P,R,290,P,0.502565979367495,Uncertain
R290Q,R,290,Q,0.18038026111677025,Benign
R290S,R,290,S,0.27206576382263004,Benign
R290T,R,290,T,0.2200226312934656,Benign
R290V,R,290,V,0.4407896973033692,Uncertain
R290W,R,290,W,0.8041360401532648,Pathogenic
R290Y,R,290,Y,0.6185145897112695,Uncertain
K291A,K,291,A,0.6328363725630239,Uncertain
K291C,K,291,C,0.8758026353062349,Pathogenic
K291D,K,291,D,0.7022999927565207,Pathogenic
K291E,K,291,E,0.4632572996898916,Uncertain
K291F,K,291,F,0.8458071118003363,Pathogenic
K291G,K,291,G,0.6354044221268296,Uncertain
K291H,K,291,H,0.8653752491535045,Pathogenic
K291I,K,291,I,0.8429414401630289,Pathogenic
K291L,K,291,L,0.7774821408680487,Pathogenic
K291M,K,291,M,0.8002971647646673,Pathogenic
K291N,K,291,N,0.24711687839675184,Benign
K291P,K,291,P,0.5438597787613924,Uncertain
K291Q,K,291,Q,0.4819059297346123,Uncertain
K291R,K,291,R,0.3164852880494106,Benign
K291S,K,291,S,0.5835542562031656,Uncertain
K291T,K,291,T,0.6597682576980308,Pathogenic
K291V,K,291,V,0.6505413475737005,Pathogenic
K291W,K,291,W,0.8814803183241053,Pathogenic
K291Y,K,291,Y,0.8797407778160484,Pathogenic
K292A,K,292,A,0.4104583325732502,Uncertain
K292C,K,292,C,0.863569689221561,Pathogenic
K292D,K,292,D,0.4150874763937055,Uncertain
K292E,K,292,E,0.4882495910318058,Uncertain
K292F,K,292,F,0.8894803623438405,Pathogenic
K292G,K,292,G,0.6571485157731242,Pathogenic
K292H,K,292,H,0.8591494314373554,Pathogenic
K292I,K,292,I,0.5649015854435555,Uncertain
K292L,K,292,L,0.4649321369386474,Uncertain
K292M,K,292,M,0.5366763822701115,Uncertain
K292N,K,292,N,0.4593568546223722,Uncertain
K292P,K,292,P,0.5760123447927411,Uncertain
K292Q,K,292,Q,0.29875562858488736,Benign
K292R,K,292,R,0.3882390948066748,Uncertain
K292S,K,292,S,0.4350671615898298,Uncertain
K292T,K,292,T,0.5236607835018363,Uncertain
K292V,K,292,V,0.6489077838702281,Pathogenic
K292W,K,292,W,0.8678247534228551,Pathogenic
K292Y,K,292,Y,0.7722083257722512,Pathogenic
G293A,G,293,A,0.21610797768165327,Benign
G293C,G,293,C,0.37407542168734187,Uncertain
G293D,G,293,D,0.24311173698113825,Benign
G293E,G,293,E,0.17287181527715792,Benign
G293F,G,293,F,0.5910836266143226,Uncertain
G293H,G,293,H,0.3319560374436249,Benign
G293I,G,293,I,0.3528411909377608,Benign
G293K,G,293,K,0.2384414743430414,Benign
G293L,G,293,L,0.21548648505471096,Benign
G293M,G,293,M,0.4152529345867267,Uncertain
G293N,G,293,N,0.28693608980383745,Benign
G293P,G,293,P,0.3206678405164053,Benign
G293Q,G,293,Q,0.15002133832761072,Benign
G293R,G,293,R,0.2930599866163612,Benign
G293S,G,293,S,0.3079296076082879,Benign
G293T,G,293,T,0.21994470043047207,Benign
G293V,G,293,V,0.3329188661875743,Benign
G293W,G,293,W,0.2493909759272793,Benign
G293Y,G,293,Y,0.6203845600058235,Uncertain
E294A,E,294,A,0.3237498688203571,Benign
E294C,E,294,C,0.746419015092316,Pathogenic
E294D,E,294,D,0.5864734656377351,Uncertain
E294F,E,294,F,0.6941510829746745,Pathogenic
E294G,E,294,G,0.21456690319033145,Benign
E294H,E,294,H,0.643338268648299,Pathogenic
E294I,E,294,I,0.6104468488227605,Uncertain
E294K,E,294,K,0.245318170542629,Benign
E294L,E,294,L,0.6167046410744954,Uncertain
E294M,E,294,M,0.5336181063285402,Uncertain
E294N,E,294,N,0.3628307217861498,Uncertain
E294P,E,294,P,0.3518064128137325,Benign
E294Q,E,294,Q,0.4434010529005496,Uncertain
E294R,E,294,R,0.35449844788501506,Benign
E294S,E,294,S,0.35813558554399305,Benign
E294T,E,294,T,0.38913893204376304,Uncertain
E294V,E,294,V,0.4078220290954045,Uncertain
E294W,E,294,W,0.8580861286526166,Pathogenic
E294Y,E,294,Y,0.8015583000724229,Pathogenic
P295A,P,295,A,0.19143156244227927,Benign
P295C,P,295,C,0.3829212575797247,Uncertain
P295D,P,295,D,0.3912039356305772,Uncertain
P295E,P,295,E,0.2425881026600269,Benign
P295F,P,295,F,0.5495202820775109,Uncertain
P295G,P,295,G,0.1986628948715302,Benign
P295H,P,295,H,0.3130201412012995,Benign
P295I,P,295,I,0.6495656860219624,Pathogenic
P295K,P,295,K,0.1890705640619864,Benign
P295L,P,295,L,0.2589312582037721,Benign
P295M,P,295,M,0.5158243240794955,Uncertain
P295N,P,295,N,0.3132429909263589,Benign
P295Q,P,295,Q,0.5331108630507967,Uncertain
P295R,P,295,R,0.2956633397573637,Benign
P295S,P,295,S,0.13378443501185805,Benign
P295T,P,295,T,0.19082714033364506,Benign
P295V,P,295,V,0.4263466665291668,Uncertain
P295W,P,295,W,0.7301603022999724,Pathogenic
P295Y,P,295,Y,0.6354733745276053,Uncertain
H296A,H,296,A,0.05591289628877622,Benign
H296C,H,296,C,0.032865976022246696,Benign
H296D,H,296,D,0.08082538487194155,Benign
H296E,H,296,E,0.09219108848112134,Benign
H296F,H,296,F,0.14623396067714622,Benign
H296G,H,296,G,0.07055738162467122,Benign
H296I,H,296,I,0.10835223622390527,Benign
H296K,H,296,K,0.04321078006498996,Benign
H296L,H,296,L,0.08931271486879007,Benign
H296M,H,296,M,0.13003090414623494,Benign
H296N,H,296,N,0.05004811548869248,Benign
H296P,H,296,P,0.068497899801333,Benign
H296Q,H,296,Q,0.06603026619732619,Benign
H296R,H,296,R,0.05826680244926859,Benign
H296S,H,296,S,0.05755677487961484,Benign
H296T,H,296,T,0.05425633983725956,Benign
H296V,H,296,V,0.08969942695554826,Benign
H296W,H,296,W,0.19901517047214465,Benign
H296Y,H,296,Y,0.2465464862973956,Benign
H297A,H,297,A,0.08056004027222156,Benign
H297C,H,297,C,0.2612599580709879,Benign
H297D,H,297,D,0.0997701571210092,Benign
H297E,H,297,E,0.08348302567151987,Benign
H297F,H,297,F,0.20742132345847708,Benign
H297G,H,297,G,0.07842066404831377,Benign
H297I,H,297,I,0.11441058883842442,Benign
H297K,H,297,K,0.06445731978008085,Benign
H297L,H,297,L,0.0783112348058788,Benign
H297M,H,297,M,0.15541790340997394,Benign
H297N,H,297,N,0.06495997472823269,Benign
H297P,H,297,P,0.03116566559265252,Benign
H297Q,H,297,Q,0.0900921495962936,Benign
H297R,H,297,R,0.07998392107348712,Benign
H297S,H,297,S,0.057876314711292384,Benign
H297T,H,297,T,0.05906578752624295,Benign
H297V,H,297,V,0.07609148232290151,Benign
H297W,H,297,W,0.2474992830377985,Benign
H297Y,H,297,Y,0.2002100147221456,Benign
E298A,E,298,A,0.2694052377553288,Benign
E298C,E,298,C,0.43533230281699176,Uncertain
E298D,E,298,D,0.3411435553808317,Benign
E298F,E,298,F,0.6943344003091727,Pathogenic
E298G,E,298,G,0.3338447958586653,Benign
E298H,E,298,H,0.5962094910520975,Uncertain
E298I,E,298,I,0.4473358579800192,Uncertain
E298K,E,298,K,0.17786495630042914,Benign
E298L,E,298,L,0.30908620814178145,Benign
E298M,E,298,M,0.468352333680142,Uncertain
E298N,E,298,N,0.31302544235063545,Benign
E298P,E,298,P,0.24427871296324824,Benign
E298Q,E,298,Q,0.17793837849312388,Benign
E298R,E,298,R,0.3351617859290695,Benign
E298S,E,298,S,0.17666575977330565,Benign
E298T,E,298,T,0.2664168215178246,Benign
E298V,E,298,V,0.3010540650592919,Benign
E298W,E,298,W,0.7148870201972142,Pathogenic
E298Y,E,298,Y,0.7225017910042522,Pathogenic
L299A,L,299,A,0.1275901275313201,Benign
L299C,L,299,C,0.4912913282025624,Uncertain
L299D,L,299,D,0.2286974610547729,Benign
L299E,L,299,E,0.2603941595404849,Benign
L299F,L,299,F,0.4024003563409217,Uncertain
L299G,L,299,G,0.1594961650282518,Benign
L299H,L,299,H,0.26735305847318225,Benign
L299I,L,299,I,0.2691942649073997,Benign
L299K,L,299,K,0.10601674886369644,Benign
L299M,L,299,M,0.2653212232889789,Benign
L299N,L,299,N,0.16782931958461794,Benign
L299P,L,299,P,0.08820613724518338,Benign
L299Q,L,299,Q,0.15185502037515594,Benign
L299R,L,299,R,0.18569114645838167,Benign
L299S,L,299,S,0.09003477733753651,Benign
L299T,L,299,T,0.17264449010457228,Benign
L299V,L,299,V,0.13901177636833986,Benign
L299W,L,299,W,0.5322631270541421,Uncertain
L299Y,L,299,Y,0.5586673415145819,Uncertain
P300A,P,300,A,0.2779673671294427,Benign
P300C,P,300,C,0.7593479656673229,Pathogenic
P300D,P,300,D,0.6096985849367709,Uncertain
P300E,P,300,E,0.5357269251249213,Uncertain
P300F,P,300,F,0.7617722736536858,Pathogenic
P300G,P,300,G,0.3663655498298284,Uncertain
P300H,P,300,H,0.7567153861956532,Pathogenic
P300I,P,300,I,0.5934342810926432,Uncertain
P300K,P,300,K,0.2301142991173025,Benign
P300L,P,300,L,0.4796482778598596,Uncertain
P300M,P,300,M,0.6714396348088669,Pathogenic
P300N,P,300,N,0.4515435567903163,Uncertain
P300Q,P,300,Q,0.364555529375284,Uncertain
P300R,P,300,R,0.3614903354836346,Uncertain
P300S,P,300,S,0.2642976737497999,Benign
P300T,P,300,T,0.3042100898347595,Benign
P300V,P,300,V,0.5840279212226589,Uncertain
P300W,P,300,W,0.8489629198769965,Pathogenic
P300Y,P,300,Y,0.6858050470655571,Pathogenic
P301A,P,301,A,0.2606114603636994,Benign
P301C,P,301,C,0.6351217478651188,Uncertain
P301D,P,301,D,0.5116167034368972,Uncertain
P301E,P,301,E,0.4513981602049381,Uncertain
P301F,P,301,F,0.658449534887074,Pathogenic
P301G,P,301,G,0.2233565493409871,Benign
P301H,P,301,H,0.5796677191396441,Uncertain
P301I,P,301,I,0.5538960691040703,Uncertain
P301K,P,301,K,0.21285505816290648,Benign
P301L,P,301,L,0.3571298602299274,Benign
P301M,P,301,M,0.5276491819273816,Uncertain
P301N,P,301,N,0.4111618266891667,Uncertain
P301Q,P,301,Q,0.3663655498298284,Uncertain
P301R,P,301,R,0.3346603351503376,Benign
P301S,P,301,S,0.1409736694832945,Benign
P301T,P,301,T,0.25095184861223874,Benign
P301V,P,301,V,0.4104451654812807,Uncertain
P301W,P,301,W,0.7797605930951786,Pathogenic
P301Y,P,301,Y,0.7052287412930088,Pathogenic
G302A,G,302,A,0.3238592397098137,Benign
G302C,G,302,C,0.6526511089314527,Pathogenic
G302D,G,302,D,0.4670378462910982,Uncertain
G302E,G,302,E,0.29013786228193994,Benign
G302F,G,302,F,0.7005168888388038,Pathogenic
G302H,G,302,H,0.4854697625234962,Uncertain
G302I,G,302,I,0.5667006531927171,Uncertain
G302K,G,302,K,0.20570252780592369,Benign
G302L,G,302,L,0.5089853806444262,Uncertain
G302M,G,302,M,0.5452224930975815,Uncertain
G302N,G,302,N,0.35267051901263496,Benign
G302P,G,302,P,0.275464833302492,Benign
G302Q,G,302,Q,0.3422726743831894,Benign
G302R,G,302,R,0.1666895573781156,Benign
G302S,G,302,S,0.1748407211858131,Benign
G302T,G,302,T,0.20635216582961244,Benign
G302V,G,302,V,0.29691271357064164,Benign
G302W,G,302,W,0.8134233736787819,Pathogenic
G302Y,G,302,Y,0.6608709435334099,Pathogenic
S303A,S,303,A,0.2755915406181305,Benign
S303C,S,303,C,0.6629712388956156,Pathogenic
S303D,S,303,D,0.5342775119122478,Uncertain
S303E,S,303,E,0.33803057004053194,Benign
S303F,S,303,F,0.6870169325042695,Pathogenic
S303G,S,303,G,0.22379458246573464,Benign
S303H,S,303,H,0.6688246487812456,Pathogenic
S303I,S,303,I,0.3866963480681379,Uncertain
S303K,S,303,K,0.21110836781961187,Benign
S303L,S,303,L,0.5940839243072541,Uncertain
S303M,S,303,M,0.594504975316817,Uncertain
S303N,S,303,N,0.292596738871109,Benign
S303P,S,303,P,0.32501532083032536,Benign
S303Q,S,303,Q,0.37595853099940496,Uncertain
S303R,S,303,R,0.4193354170635877,Uncertain
S303T,S,303,T,0.2580338535853205,Benign
S303V,S,303,V,0.3862671720894421,Uncertain
S303W,S,303,W,0.7585684734508789,Pathogenic
S303Y,S,303,Y,0.7406066176329501,Pathogenic
T304A,T,304,A,0.17412237852545245,Benign
T304C,T,304,C,0.7581943181359818,Pathogenic
T304D,T,304,D,0.4618297368589197,Uncertain
T304E,T,304,E,0.5033854519374886,Uncertain
T304F,T,304,F,0.7062423342157561,Pathogenic
T304G,T,304,G,0.2692355281171568,Benign
T304H,T,304,H,0.6231801310948131,Uncertain
T304I,T,304,I,0.3644286688923789,Uncertain
T304K,T,304,K,0.4213221968992213,Uncertain
T304L,T,304,L,0.4829649668064326,Uncertain
T304M,T,304,M,0.4734901425238983,Uncertain
T304N,T,304,N,0.246337145482078,Benign
T304P,T,304,P,0.3603573231470405,Uncertain
T304Q,T,304,Q,0.4932719872875284,Uncertain
T304R,T,304,R,0.28007716145741984,Benign
T304S,T,304,S,0.2515670597832311,Benign
T304V,T,304,V,0.5181071572212904,Uncertain
T304W,T,304,W,0.85145954798419,Pathogenic
T304Y,T,304,Y,0.7098343958881341,Pathogenic
K305A,K,305,A,0.3823385087190527,Uncertain
K305C,K,305,C,0.8938709071223261,Pathogenic
K305D,K,305,D,0.6642417011679314,Pathogenic
K305E,K,305,E,0.5387348849924312,Uncertain
K305F,K,305,F,0.8273217159090771,Pathogenic
K305G,K,305,G,0.7736853523305462,Pathogenic
K305H,K,305,H,0.7334352044289043,Pathogenic
K305I,K,305,I,0.6787397379277753,Pathogenic
K305L,K,305,L,0.7980027725839611,Pathogenic
K305M,K,305,M,0.8918739216446385,Pathogenic
K305N,K,305,N,0.744094794686933,Pathogenic
K305P,K,305,P,0.5895314789402379,Uncertain
K305Q,K,305,Q,0.5240587616452821,Uncertain
K305R,K,305,R,0.6088015099599734,Uncertain
K305S,K,305,S,0.4497380008299571,Uncertain
K305T,K,305,T,0.4565346934015265,Uncertain
K305V,K,305,V,0.509706052004539,Uncertain
K305W,K,305,W,0.9075167782500044,Pathogenic
K305Y,K,305,Y,0.9443258232393528,Pathogenic
R306A,R,306,A,0.4089159121074838,Uncertain
R306C,R,306,C,0.9006838743077152,Pathogenic
R306D,R,306,D,0.7244873247494575,Pathogenic
R306E,R,306,E,0.5922772258194776,Uncertain
R306F,R,306,F,0.7437276841602711,Pathogenic
R306G,R,306,G,0.6458826177275401,Pathogenic
R306H,R,306,H,0.7244220692174812,Pathogenic
R306I,R,306,I,0.7306281183952537,Pathogenic
R306K,R,306,K,0.4010393508173043,Uncertain
R306L,R,306,L,0.64532392490073,Pathogenic
R306M,R,306,M,0.8094706550575708,Pathogenic
R306N,R,306,N,0.6211051528353471,Uncertain
R306P,R,306,P,0.3847929031787361,Uncertain
R306Q,R,306,Q,0.431086977046926,Uncertain
R306S,R,306,S,0.4174139849432169,Uncertain
R306T,R,306,T,0.4221973095585387,Uncertain
R306V,R,306,V,0.6712621185715112,Pathogenic
R306W,R,306,W,0.8803630083605325,Pathogenic
R306Y,R,306,Y,0.7333771494082344,Pathogenic
A307C,A,307,C,0.6618051985842034,Pathogenic
A307D,A,307,D,0.4726570694646632,Uncertain
A307E,A,307,E,0.3913694728660474,Uncertain
A307F,A,307,F,0.8467273570208833,Pathogenic
A307G,A,307,G,0.5382129744788335,Uncertain
A307H,A,307,H,0.6821345155852614,Pathogenic
A307I,A,307,I,0.6977175227259906,Pathogenic
A307K,A,307,K,0.3743589666144891,Uncertain
A307L,A,307,L,0.7233292230346512,Pathogenic
A307M,A,307,M,0.7074939987442679,Pathogenic
A307N,A,307,N,0.4534773804616021,Uncertain
A307P,A,307,P,0.3089761266525796,Benign
A307Q,A,307,Q,0.5118835363106178,Uncertain
A307R,A,307,R,0.38502574621041796,Uncertain
A307S,A,307,S,0.22620884296224186,Benign
A307T,A,307,T,0.2177931623286052,Benign
A307V,A,307,V,0.6412862360693129,Pathogenic
A307W,A,307,W,0.8453911859967573,Pathogenic
A307Y,A,307,Y,0.7998408535051509,Pathogenic
L308A,L,308,A,0.5420693438000537,Uncertain
L308C,L,308,C,0.4556652097209843,Uncertain
L308D,L,308,D,0.8044182408071388,Pathogenic
L308E,L,308,E,0.8619173833736482,Pathogenic
L308F,L,308,F,0.3630775859826983,Uncertain
L308G,L,308,G,0.5404890484697368,Uncertain
L308H,L,308,H,0.6716499409625476,Pathogenic
L308I,L,308,I,0.28784106120072483,Benign
L308K,L,308,K,0.693626053266688,Pathogenic
L308M,L,308,M,0.3758905114998131,Uncertain
L308N,L,308,N,0.8743352194914173,Pathogenic
L308P,L,308,P,0.4615989950445088,Uncertain
L308Q,L,308,Q,0.8843104176444332,Pathogenic
L308R,L,308,R,0.5736709816163289,Uncertain
L308S,L,308,S,0.4525897059752783,Uncertain
L308T,L,308,T,0.5144741284658215,Uncertain
L308V,L,308,V,0.33045506118311,Benign
L308W,L,308,W,0.8414453134608944,Pathogenic
L308Y,L,308,Y,0.7047831490304581,Pathogenic
P309A,P,309,A,0.3520707519303149,Benign
P309C,P,309,C,0.7209139908471787,Pathogenic
P309D,P,309,D,0.4475427007936775,Uncertain
P309E,P,309,E,0.4581713229188906,Uncertain
P309F,P,309,F,0.8114148114081194,Pathogenic
P309G,P,309,G,0.5522880197756165,Uncertain
P309H,P,309,H,0.573137617820818,Uncertain
P309I,P,309,I,0.607712893499105,Uncertain
P309K,P,309,K,0.2575293646741408,Benign
P309L,P,309,L,0.3902880525590193,Uncertain
P309M,P,309,M,0.5896459728390697,Uncertain
P309N,P,309,N,0.5459690734660076,Uncertain
P309Q,P,309,Q,0.3336594367731187,Benign
P309R,P,309,R,0.3483732057495908,Benign
P309S,P,309,S,0.2713253770829665,Benign
P309T,P,309,T,0.3892467989581804,Uncertain
P309V,P,309,V,0.4579134718417799,Uncertain
P309W,P,309,W,0.8522852791692166,Pathogenic
P309Y,P,309,Y,0.8793450740148836,Pathogenic
N310A,N,310,A,0.10164293741742124,Benign
N310C,N,310,C,0.15799575400186286,Benign
N310D,N,310,D,0.08257194495796093,Benign
N310E,N,310,E,0.0763062635212725,Benign
N310F,N,310,F,0.23406006863943504,Benign
N310G,N,310,G,0.20622413416083868,Benign
N310H,N,310,H,0.10902079133144328,Benign
N310I,N,310,I,0.15711494267955914,Benign
N310K,N,310,K,0.08801898274474261,Benign
N310L,N,310,L,0.142740742403374,Benign
N310M,N,310,M,0.18709876737452824,Benign
N310P,N,310,P,0.0734529335766666,Benign
N310Q,N,310,Q,0.06897629864630522,Benign
N310R,N,310,R,0.08934045967077009,Benign
N310S,N,310,S,0.08600278784122624,Benign
N310T,N,310,T,0.045580407071273366,Benign
N310V,N,310,V,0.1085068585038904,Benign
N310W,N,310,W,0.3327731854963498,Benign
N310Y,N,310,Y,0.3498436856041883,Benign
N311A,N,311,A,0.11211145995946233,Benign
N311C,N,311,C,0.34478289775852217,Benign
N311D,N,311,D,0.21130719360893124,Benign
N311E,N,311,E,0.19264676390506533,Benign
N311F,N,311,F,0.4752073673440329,Uncertain
N311G,N,311,G,0.14198357958504798,Benign
N311H,N,311,H,0.2808365369168986,Benign
N311I,N,311,I,0.20867867584608973,Benign
N311K,N,311,K,0.2367331575237909,Benign
N311L,N,311,L,0.24581040486989225,Benign
N311M,N,311,M,0.31011532402898234,Benign
N311P,N,311,P,0.1277832631096128,Benign
N311Q,N,311,Q,0.2639289125028084,Benign
N311R,N,311,R,0.3176498907294863,Benign
N311S,N,311,S,0.09629597455572833,Benign
N311T,N,311,T,0.1381119682738468,Benign
N311V,N,311,V,0.12851460801314096,Benign
N311W,N,311,W,0.5585008856871235,Uncertain
N311Y,N,311,Y,0.5116167034368972,Uncertain
T312A,T,312,A,0.3861851890976683,Uncertain
T312C,T,312,C,0.8028551247106674,Pathogenic
T312D,T,312,D,0.6017878963026647,Uncertain
T312E,T,312,E,0.4596150675616951,Uncertain
T312F,T,312,F,0.7980027725839611,Pathogenic
T312G,T,312,G,0.7783691439745271,Pathogenic
T312H,T,312,H,0.7237096346868167,Pathogenic
T312I,T,312,I,0.5915840274696939,Uncertain
T312K,T,312,K,0.5321761982399608,Uncertain
T312L,T,312,L,0.7012408908920896,Pathogenic
T312M,T,312,M,0.4904482377609129,Uncertain
T312N,T,312,N,0.4027313310677579,Uncertain
T312P,T,312,P,0.20648374070982586,Benign
T312Q,T,312,Q,0.6097197908271201,Uncertain
T312R,T,312,R,0.5673868410120603,Uncertain
T312S,T,312,S,0.2739536107692456,Benign
T312V,T,312,V,0.43257637859108106,Uncertain
T312W,T,312,W,0.8754117230784131,Pathogenic
T312Y,T,312,Y,0.8048663138138745,Pathogenic
S313A,S,313,A,0.2891225144417172,Benign
S313C,S,313,C,0.500166787687194,Uncertain
S313D,S,313,D,0.21313454852195893,Benign
S313E,S,313,E,0.2396011254550325,Benign
S313F,S,313,F,0.7013655347986341,Pathogenic
S313G,S,313,G,0.2896297650736537,Benign
S313H,S,313,H,0.4522293121831357,Uncertain
S313I,S,313,I,0.4583246727532682,Uncertain
S313K,S,313,K,0.23857901163769515,Benign
S313L,S,313,L,0.33856477734473434,Benign
S313M,S,313,M,0.5414676761158214,Uncertain
S313N,S,313,N,0.3211290031874581,Benign
S313P,S,313,P,0.3517242165084339,Benign
S313Q,S,313,Q,0.2311214434765244,Benign
S313R,S,313,R,0.3802446715125276,Uncertain
S313T,S,313,T,0.4062924667769314,Uncertain
S313V,S,313,V,0.26482922596466874,Benign
S313W,S,313,W,0.8245375048281183,Pathogenic
S313Y,S,313,Y,0.5919127995836168,Uncertain
S314A,S,314,A,0.2991265149665128,Benign
S314C,S,314,C,0.7277543913232474,Pathogenic
S314D,S,314,D,0.5911122555354311,Uncertain
S314E,S,314,E,0.5707938436774606,Uncertain
S314F,S,314,F,0.7650515512955353,Pathogenic
S314G,S,314,G,0.4554705421449082,Uncertain
S314H,S,314,H,0.478797234262824,Uncertain
S314I,S,314,I,0.7711936190950547,Pathogenic
S314K,S,314,K,0.40696528034848745,Uncertain
S314L,S,314,L,0.5273450557189789,Uncertain
S314M,S,314,M,0.6193063696553368,Uncertain
S314N,S,314,N,0.5308286655047969,Uncertain
S314P,S,314,P,0.3124265960363141,Benign
S314Q,S,314,Q,0.44954449881789,Uncertain
S314R,S,314,R,0.3981203359892613,Uncertain
S314T,S,314,T,0.4090798378753859,Uncertain
S314V,S,314,V,0.4967737302608689,Uncertain
S314W,S,314,W,0.8396185546109349,Pathogenic
S314Y,S,314,Y,0.8168982562057512,Pathogenic
S315A,S,315,A,0.2858586490125318,Benign
S315C,S,315,C,0.6033850160118227,Uncertain
S315D,S,315,D,0.3679086532308392,Uncertain
S315E,S,315,E,0.34734340248369233,Benign
S315F,S,315,F,0.5527371568646626,Uncertain
S315G,S,315,G,0.3430195237818148,Benign
S315H,S,315,H,0.6341420035480471,Uncertain
S315I,S,315,I,0.2798340153237948,Benign
S315K,S,315,K,0.3011461514845739,Benign
S315L,S,315,L,0.3069332769579981,Benign
S315M,S,315,M,0.5269613127319772,Uncertain
S315N,S,315,N,0.3680851502213043,Uncertain
S315P,S,315,P,0.26092661036064346,Benign
S315Q,S,315,Q,0.5356689789354331,Uncertain
S315R,S,315,R,0.3922488543126173,Uncertain
S315T,S,315,T,0.20609272901150924,Benign
S315V,S,315,V,0.3859707400510823,Uncertain
S315W,S,315,W,0.8059715937768188,Pathogenic
S315Y,S,315,Y,0.7509238783827656,Pathogenic
P316A,P,316,A,0.3352801724875973,Benign
P316C,P,316,C,0.7573468890532503,Pathogenic
P316D,P,316,D,0.3943956497932838,Uncertain
P316E,P,316,E,0.2446773195505059,Benign
P316F,P,316,F,0.5559093036579,Uncertain
P316G,P,316,G,0.39231263619089424,Uncertain
P316H,P,316,H,0.3870626830758808,Uncertain
P316I,P,316,I,0.5754938054830256,Uncertain
P316K,P,316,K,0.3002826585454323,Benign
P316L,P,316,L,0.4475427007936775,Uncertain
P316M,P,316,M,0.7068901896083817,Pathogenic
P316N,P,316,N,0.4326035022577027,Uncertain
P316Q,P,316,Q,0.2586229675341667,Benign
P316R,P,316,R,0.2961312628285763,Benign
P316S,P,316,S,0.31775742226390136,Benign
P316T,P,316,T,0.17105138730773334,Benign
P316V,P,316,V,0.2445111518655756,Benign
P316W,P,316,W,0.7382289313457729,Pathogenic
P316Y,P,316,Y,0.6815399261015034,Pathogenic
Q317A,Q,317,A,0.1656885926978586,Benign
Q317C,Q,317,C,0.412346990270089,Uncertain
Q317D,Q,317,D,0.22714009262852705,Benign
Q317E,Q,317,E,0.19317386315517632,Benign
Q317F,Q,317,F,0.4877930713115125,Uncertain
Q317G,Q,317,G,0.23262915418222685,Benign
Q317H,Q,317,H,0.24597748981262546,Benign
Q317I,Q,317,I,0.24138863275464625,Benign
Q317K,Q,317,K,0.12738929867931514,Benign
Q317L,Q,317,L,0.34668728891737616,Benign
Q317M,Q,317,M,0.2455808423030898,Benign
Q317N,Q,317,N,0.2370826213056598,Benign
Q317P,Q,317,P,0.11442652496605844,Benign
Q317R,Q,317,R,0.17827652930377674,Benign
Q317S,Q,317,S,0.14128301151013445,Benign
Q317T,Q,317,T,0.3098314883233827,Benign
Q317V,Q,317,V,0.2810662080812961,Benign
Q317W,Q,317,W,0.6238569850446802,Uncertain
Q317Y,Q,317,Y,0.6015321796453326,Uncertain
P318A,P,318,A,0.3086932405110934,Benign
P318C,P,318,C,0.7539579947041277,Pathogenic
P318D,P,318,D,0.5149361438735223,Uncertain
P318E,P,318,E,0.34342223500974584,Benign
P318F,P,318,F,0.7984906921115957,Pathogenic
P318G,P,318,G,0.4502772276855575,Uncertain
P318H,P,318,H,0.6105950222504053,Uncertain
P318I,P,318,I,0.537604110108451,Uncertain
P318K,P,318,K,0.1333457437471782,Benign
P318L,P,318,L,0.5114652173044458,Uncertain
P318M,P,318,M,0.7779106887599709,Pathogenic
P318N,P,318,N,0.474662955829314,Uncertain
P318Q,P,318,Q,0.19366059046470646,Benign
P318R,P,318,R,0.4743166644601176,Uncertain
P318S,P,318,S,0.2333513499644008,Benign
P318T,P,318,T,0.2517810425230937,Benign
P318V,P,318,V,0.4430373386179037,Uncertain
P318W,P,318,W,0.6722805098153295,Pathogenic
P318Y,P,318,Y,0.6300187198327218,Uncertain
K319A,K,319,A,0.6837021155681428,Pathogenic
K319C,K,319,C,0.6802386907224529,Pathogenic
K319D,K,319,D,0.7096627848129182,Pathogenic
K319E,K,319,E,0.6492808852719537,Pathogenic
K319F,K,319,F,0.9215392225570124,Pathogenic
K319G,K,319,G,0.5708299065005167,Uncertain
K319H,K,319,H,0.7408686724874982,Pathogenic
K319I,K,319,I,0.7585143058821386,Pathogenic
K319L,K,319,L,0.6429077363005794,Pathogenic
K319M,K,319,M,0.6333547022317669,Uncertain
K319N,K,319,N,0.6090487959458655,Uncertain
K319P,K,319,P,0.8334658374521643,Pathogenic
K319Q,K,319,Q,0.7361132873733119,Pathogenic
K319R,K,319,R,0.5187286758125236,Uncertain
K319S,K,319,S,0.3554626415582812,Benign
K319T,K,319,T,0.4011235190453557,Uncertain
K319V,K,319,V,0.6813199400218539,Pathogenic
K319W,K,319,W,0.86615201445807,Pathogenic
K319Y,K,319,Y,0.8159088551297713,Pathogenic
K320A,K,320,A,0.4100510291776914,Uncertain
K320C,K,320,C,0.8654568452949999,Pathogenic
K320D,K,320,D,0.4990829799787626,Uncertain
K320E,K,320,E,0.4008840070550277,Uncertain
K320F,K,320,F,0.7801909032955799,Pathogenic
K320G,K,320,G,0.3288768925791401,Benign
K320H,K,320,H,0.6818049447736739,Pathogenic
K320I,K,320,I,0.5780421696028673,Uncertain
K320L,K,320,L,0.6316466195884501,Uncertain
K320M,K,320,M,0.5476867978998979,Uncertain
K320N,K,320,N,0.5666862146640226,Uncertain
K320P,K,320,P,0.6993601599998623,Pathogenic
K320Q,K,320,Q,0.7143107476280641,Pathogenic
K320R,K,320,R,0.2643201626398328,Benign
K320S,K,320,S,0.2620706729532703,Benign
K320T,K,320,T,0.34823341062742125,Benign
K320V,K,320,V,0.4608650449030132,Uncertain
K320W,K,320,W,0.8615695501953975,Pathogenic
K320Y,K,320,Y,0.8787742222879935,Pathogenic
K321A,K,321,A,0.4288648974867632,Uncertain
K321C,K,321,C,0.7970906910542966,Pathogenic
K321D,K,321,D,0.4366320331543411,Uncertain
K321E,K,321,E,0.3602196505319037,Uncertain
K321F,K,321,F,0.8182413590620601,Pathogenic
K321G,K,321,G,0.404226219690564,Uncertain
K321H,K,321,H,0.4406939011798792,Uncertain
K321I,K,321,I,0.5421055673492823,Uncertain
K321L,K,321,L,0.7009476520234756,Pathogenic
K321M,K,321,M,0.6058658261178057,Uncertain
K321N,K,321,N,0.4833916309077378,Uncertain
K321P,K,321,P,0.5293872149531024,Uncertain
K321Q,K,321,Q,0.5770562559650183,Uncertain
K321R,K,321,R,0.3014174108025753,Benign
K321S,K,321,S,0.3213679433426577,Benign
K321T,K,321,T,0.35463437362154826,Benign
K321V,K,321,V,0.7043989906728536,Pathogenic
K321W,K,321,W,0.8281195272265196,Pathogenic
K321Y,K,321,Y,0.8382906828519918,Pathogenic
P322A,P,322,A,0.3109788909381047,Benign
P322C,P,322,C,0.7102448449827823,Pathogenic
P322D,P,322,D,0.2442621151621381,Benign
P322E,P,322,E,0.20595105882780385,Benign
P322F,P,322,F,0.6251327067116877,Uncertain
P322G,P,322,G,0.3725248976665175,Uncertain
P322H,P,322,H,0.3973284727628229,Uncertain
P322I,P,322,I,0.5095763229772029,Uncertain
P322K,P,322,K,0.2947045448346093,Benign
P322L,P,322,L,0.2377549770197833,Benign
P322M,P,322,M,0.6208113680798248,Uncertain
P322N,P,322,N,0.21007138071876388,Benign
P322Q,P,322,Q,0.4916415268740957,Uncertain
P322R,P,322,R,0.3471923488450501,Benign
P322S,P,322,S,0.13607659504617042,Benign
P322T,P,322,T,0.2533832925959904,Benign
P322V,P,322,V,0.3392819501578537,Benign
P322W,P,322,W,0.7314337293642287,Pathogenic
P322Y,P,322,Y,0.7495082621448963,Pathogenic
L323A,L,323,A,0.24342153379058265,Benign
L323C,L,323,C,0.4801946128434218,Uncertain
L323D,L,323,D,0.19731667867511984,Benign
L323E,L,323,E,0.2649194213691501,Benign
L323F,L,323,F,0.6134565962726244,Uncertain
L323G,L,323,G,0.31933654995812755,Benign
L323H,L,323,H,0.5022066604978118,Uncertain
L323I,L,323,I,0.4614521428404639,Uncertain
L323K,L,323,K,0.26754435224984063,Benign
L323M,L,323,M,0.40996566792188777,Uncertain
L323N,L,323,N,0.27951014509409033,Benign
L323P,L,323,P,0.2038899618296702,Benign
L323Q,L,323,Q,0.4739492594505377,Uncertain
L323R,L,323,R,0.4279549531388168,Uncertain
L323S,L,323,S,0.15596100851024786,Benign
L323T,L,323,T,0.2441045357343465,Benign
L323V,L,323,V,0.2411634066933176,Benign
L323W,L,323,W,0.6972400137793122,Pathogenic
L323Y,L,323,Y,0.5490564982988553,Uncertain
D324A,D,324,A,0.6982572911023938,Pathogenic
D324C,D,324,C,0.9103247695449166,Pathogenic
D324E,D,324,E,0.3024226552407757,Benign
D324F,D,324,F,0.9241292452068326,Pathogenic
D324G,D,324,G,0.6291516666736352,Uncertain
D324H,D,324,H,0.7312003983678529,Pathogenic
D324I,D,324,I,0.8997203207580955,Pathogenic
D324K,D,324,K,0.5116743694573173,Uncertain
D324L,D,324,L,0.883146901448715,Pathogenic
D324M,D,324,M,0.8211105517802808,Pathogenic
D324N,D,324,N,0.4240646443023929,Uncertain
D324P,D,324,P,0.744540540546529,Pathogenic
D324Q,D,324,Q,0.6320064902138279,Uncertain
D324R,D,324,R,0.6766832809750991,Pathogenic
D324S,D,324,S,0.31969863838369256,Benign
D324T,D,324,T,0.7737267710590578,Pathogenic
D324V,D,324,V,0.7810193798585001,Pathogenic
D324W,D,324,W,0.9008876247155098,Pathogenic
D324Y,D,324,Y,0.9223950318018896,Pathogenic
G325A,G,325,A,0.29782268524384004,Benign
G325C,G,325,C,0.6506361402722299,Pathogenic
G325D,G,325,D,0.1639799931934679,Benign
G325E,G,325,E,0.08264891207447668,Benign
G325F,G,325,F,0.6614850239724623,Pathogenic
G325H,G,325,H,0.5026881632993323,Uncertain
G325I,G,325,I,0.4887347862649004,Uncertain
G325K,G,325,K,0.17111041045689435,Benign
G325L,G,325,L,0.5638101651729168,Uncertain
G325M,G,325,M,0.5053994121387471,Uncertain
G325N,G,325,N,0.2223443175797592,Benign
G325P,G,325,P,0.21912272640658595,Benign
G325Q,G,325,Q,0.3038641999771211,Benign
G325R,G,325,R,0.2723439311054511,Benign
G325S,G,325,S,0.2339332043679986,Benign
G325T,G,325,T,0.2062829432053608,Benign
G325V,G,325,V,0.4968024074042408,Uncertain
G325W,G,325,W,0.6544789101388371,Pathogenic
G325Y,G,325,Y,0.6387074425177962,Uncertain
E326A,E,326,A,0.6958364556265428,Pathogenic
E326C,E,326,C,0.9091976771411496,Pathogenic
E326D,E,326,D,0.3621570264222813,Uncertain
E326F,E,326,F,0.7489404081205695,Pathogenic
E326G,E,326,G,0.3520766245542461,Benign
E326H,E,326,H,0.7025115246581404,Pathogenic
E326I,E,326,I,0.8334617770711332,Pathogenic
E326K,E,326,K,0.2919354129468517,Benign
E326L,E,326,L,0.8599635970403056,Pathogenic
E326M,E,326,M,0.9273755929003262,Pathogenic
E326N,E,326,N,0.5800271942771675,Uncertain
E326P,E,326,P,0.8644921112225168,Pathogenic
E326Q,E,326,Q,0.6221187017572901,Uncertain
E326R,E,326,R,0.5525778098966698,Uncertain
E326S,E,326,S,0.7667687966177253,Pathogenic
E326T,E,326,T,0.7117729992527609,Pathogenic
E326V,E,326,V,0.7053833970640975,Pathogenic
E326W,E,326,W,0.9200769485315689,Pathogenic
E326Y,E,326,Y,0.7531166130285162,Pathogenic
Y327A,Y,327,A,0.5988304692056783,Uncertain
Y327C,Y,327,C,0.6418475911477329,Pathogenic
Y327D,Y,327,D,0.586158084117429,Uncertain
Y327E,Y,327,E,0.4493303224059417,Uncertain
Y327F,Y,327,F,0.6881878900361778,Pathogenic
Y327G,Y,327,G,0.6720244014424137,Pathogenic
Y327H,Y,327,H,0.667106410552265,Pathogenic
Y327I,Y,327,I,0.18986763497388914,Benign
Y327K,Y,327,K,0.6906624791689243,Pathogenic
Y327L,Y,327,L,0.3173919480667531,Benign
Y327M,Y,327,M,0.557733684815123,Uncertain
Y327N,Y,327,N,0.729949548058625,Pathogenic
Y327P,Y,327,P,0.4750023180930802,Uncertain
Y327Q,Y,327,Q,0.7058655965847997,Pathogenic
Y327R,Y,327,R,0.6657020938699993,Pathogenic
Y327S,Y,327,S,0.5955821085710401,Uncertain
Y327T,Y,327,T,0.4180583074403395,Uncertain
Y327V,Y,327,V,0.1947063023242417,Benign
Y327W,Y,327,W,0.8311821094948633,Pathogenic
F328A,F,328,A,0.8871140348658183,Pathogenic
F328C,F,328,C,0.9535507387083908,Pathogenic
F328D,F,328,D,0.9319288269739696,Pathogenic
F328E,F,328,E,0.8823161813100378,Pathogenic
F328G,F,328,G,0.9466933207958472,Pathogenic
F328H,F,328,H,0.7688971164950505,Pathogenic
F328I,F,328,I,0.6473048371506618,Pathogenic
F328K,F,328,K,0.9239910252018996,Pathogenic
F328L,F,328,L,0.6514617181904598,Pathogenic
F328M,F,328,M,0.8436600802374401,Pathogenic
F328N,F,328,N,0.9246408808151232,Pathogenic
F328P,F,328,P,0.9118146638044512,Pathogenic
F328Q,F,328,Q,0.8878863675161093,Pathogenic
F328R,F,328,R,0.93899292739107,Pathogenic
F328S,F,328,S,0.8894057217716234,Pathogenic
F328T,F,328,T,0.9347324848899228,Pathogenic
F328V,F,328,V,0.7162124878892004,Pathogenic
F328W,F,328,W,0.8483699262551778,Pathogenic
F328Y,F,328,Y,0.2412657571935436,Benign
T329A,T,329,A,0.8840952720884749,Pathogenic
T329C,T,329,C,0.6978367541707668,Pathogenic
T329D,T,329,D,0.8182980961536396,Pathogenic
T329E,T,329,E,0.6837987960625032,Pathogenic
T329F,T,329,F,0.7295688996940091,Pathogenic
T329G,T,329,G,0.9186979937558516,Pathogenic
T329H,T,329,H,0.6748814398927566,Pathogenic
T329I,T,329,I,0.4623123880269495,Uncertain
T329K,T,329,K,0.6371331508270579,Uncertain
T329L,T,329,L,0.3592988590302627,Uncertain
T329M,T,329,M,0.7739902285237252,Pathogenic
T329N,T,329,N,0.5729285622218614,Uncertain
T329P,T,329,P,0.7009601250396017,Pathogenic
T329Q,T,329,Q,0.743795451461027,Pathogenic
T329R,T,329,R,0.8134901402812775,Pathogenic
T329S,T,329,S,0.51677051286835,Uncertain
T329V,T,329,V,0.5414386972542001,Uncertain
T329W,T,329,W,0.8860840236811116,Pathogenic
T329Y,T,329,Y,0.4564720671505554,Uncertain
L330A,L,330,A,0.9541476195712506,Pathogenic
L330C,L,330,C,0.9600836729701984,Pathogenic
L330D,L,330,D,0.9636460033175318,Pathogenic
L330E,L,330,E,0.9669287205200222,Pathogenic
L330F,L,330,F,0.7500251702810172,Pathogenic
L330G,L,330,G,0.9660353405705668,Pathogenic
L330H,L,330,H,0.9608265683969142,Pathogenic
L330I,L,330,I,0.5660432387368632,Uncertain
L330K,L,330,K,0.9570534361267448,Pathogenic
L330M,L,330,M,0.8495651090933958,Pathogenic
L330N,L,330,N,0.9607425162344972,Pathogenic
L330P,L,330,P,0.9619951566626463,Pathogenic
L330Q,L,330,Q,0.9671245112611228,Pathogenic
L330R,L,330,R,0.9581728796723904,Pathogenic
L330S,L,330,S,0.8978999768109981,Pathogenic
L330T,L,330,T,0.9203054741715736,Pathogenic
L330V,L,330,V,0.5730582966238427,Uncertain
L330W,L,330,W,0.9651025374140164,Pathogenic
L330Y,L,330,Y,0.963816280777162,Pathogenic
Q331A,Q,331,A,0.6302959611780005,Uncertain
Q331C,Q,331,C,0.844010649566147,Pathogenic
Q331D,Q,331,D,0.6870233340862562,Pathogenic
Q331E,Q,331,E,0.3306444632096366,Benign
Q331F,Q,331,F,0.872457301583101,Pathogenic
Q331G,Q,331,G,0.8965476523226872,Pathogenic
Q331H,Q,331,H,0.3803881584607525,Uncertain
Q331I,Q,331,I,0.7120962370627463,Pathogenic
Q331K,Q,331,K,0.16006070529065164,Benign
Q331L,Q,331,L,0.4512112536560409,Uncertain
Q331M,Q,331,M,0.7286186223304498,Pathogenic
Q331N,Q,331,N,0.4470946089369856,Uncertain
Q331P,Q,331,P,0.3818815236430942,Uncertain
Q331R,Q,331,R,0.4019009418182806,Uncertain
Q331S,Q,331,S,0.5674662362799981,Uncertain
Q331T,Q,331,T,0.4001789819833499,Uncertain
Q331V,Q,331,V,0.4716835216636375,Uncertain
Q331W,Q,331,W,0.885715263612892,Pathogenic
Q331Y,Q,331,Y,0.6681511164925156,Pathogenic
I332A,I,332,A,0.8846711941356917,Pathogenic
I332C,I,332,C,0.7311712345199612,Pathogenic
I332D,I,332,D,0.9448358905308332,Pathogenic
I332E,I,332,E,0.8791219602105351,Pathogenic
I332F,I,332,F,0.8708904949956473,Pathogenic
I332G,I,332,G,0.8415193835045467,Pathogenic
I332H,I,332,H,0.927899212668744,Pathogenic
I332K,I,332,K,0.92827840179783,Pathogenic
I332L,I,332,L,0.7467779505887933,Pathogenic
I332M,I,332,M,0.7708077360302804,Pathogenic
I332N,I,332,N,0.913145676829682,Pathogenic
I332P,I,332,P,0.9266888510483065,Pathogenic
I332Q,I,332,Q,0.8501058244036332,Pathogenic
I332R,I,332,R,0.9433785568936456,Pathogenic
I332S,I,332,S,0.8594424337500519,Pathogenic
I332T,I,332,T,0.6126255912435357,Uncertain
I332V,I,332,V,0.2089241226547693,Benign
I332W,I,332,W,0.9389776453366728,Pathogenic
I332Y,I,332,Y,0.9168049544752032,Pathogenic
R333A,R,333,A,0.6657219862202166,Pathogenic
R333C,R,333,C,0.6005658179642026,Uncertain
R333D,R,333,D,0.7273010661353732,Pathogenic
R333E,R,333,E,0.7597694628338442,Pathogenic
R333F,R,333,F,0.780782167962992,Pathogenic
R333G,R,333,G,0.8576267882642754,Pathogenic
R333H,R,333,H,0.2127977733811751,Benign
R333I,R,333,I,0.6578663705542627,Pathogenic
R333K,R,333,K,0.395016931939317,Uncertain
R333L,R,333,L,0.7827444568173867,Pathogenic
R333M,R,333,M,0.8247323931744294,Pathogenic
R333N,R,333,N,0.6891011876747299,Pathogenic
R333P,R,333,P,0.6028528360512004,Uncertain
R333Q,R,333,Q,0.4500559659182709,Uncertain
R333S,R,333,S,0.6812164885590475,Pathogenic
R333T,R,333,T,0.4913771091167677,Uncertain
R333V,R,333,V,0.5022641156660583,Uncertain
R333W,R,333,W,0.8968291046108858,Pathogenic
R333Y,R,333,Y,0.5098429908024972,Uncertain
G334A,G,334,A,0.9347667179874176,Pathogenic
G334C,G,334,C,0.8556471909745402,Pathogenic
G334D,G,334,D,0.6068781243935037,Uncertain
G334E,G,334,E,0.9273498347593724,Pathogenic
G334F,G,334,F,0.9392163738349936,Pathogenic
G334H,G,334,H,0.8053596944913908,Pathogenic
G334I,G,334,I,0.919655040635241,Pathogenic
G334K,G,334,K,0.5967582477496144,Uncertain
G334L,G,334,L,0.8983730806235727,Pathogenic
G334M,G,334,M,0.9597894594502804,Pathogenic
G334N,G,334,N,0.4630402559136682,Uncertain
G334P,G,334,P,0.9174646823406424,Pathogenic
G334Q,G,334,Q,0.8892908300216036,Pathogenic
G334R,G,334,R,0.8589337753220938,Pathogenic
G334S,G,334,S,0.6819536080183057,Pathogenic
G334T,G,334,T,0.7116020944438672,Pathogenic
G334V,G,334,V,0.8871870956173824,Pathogenic
G334W,G,334,W,0.9223677062980742,Pathogenic
G334Y,G,334,Y,0.9137433594527528,Pathogenic
R335A,R,335,A,0.7717404328047079,Pathogenic
R335C,R,335,C,0.8542891685184888,Pathogenic
R335D,R,335,D,0.7786286455795721,Pathogenic
R335E,R,335,E,0.5420258280268201,Uncertain
R335F,R,335,F,0.7252813469077452,Pathogenic
R335G,R,335,G,0.7748670015075952,Pathogenic
R335H,R,335,H,0.21978152403368573,Benign
R335I,R,335,I,0.6913365096519323,Pathogenic
R335K,R,335,K,0.2455099332156417,Benign
R335L,R,335,L,0.5213603686469075,Uncertain
R335M,R,335,M,0.8681691678482726,Pathogenic
R335N,R,335,N,0.8850072514066922,Pathogenic
R335P,R,335,P,0.6138578075090703,Uncertain
R335Q,R,335,Q,0.7659007264563483,Pathogenic
R335S,R,335,S,0.6622518562994478,Pathogenic
R335T,R,335,T,0.7287008338580089,Pathogenic
R335V,R,335,V,0.6979058732063453,Pathogenic
R335W,R,335,W,0.8138372378544869,Pathogenic
R335Y,R,335,Y,0.4321360340974279,Uncertain
E336A,E,336,A,0.5134852616602075,Uncertain
E336C,E,336,C,0.8813613849542126,Pathogenic
E336D,E,336,D,0.29553264870552753,Benign
E336F,E,336,F,0.8858569636047291,Pathogenic
E336G,E,336,G,0.7473602974495427,Pathogenic
E336H,E,336,H,0.3239139688962244,Benign
E336I,E,336,I,0.8797562043827336,Pathogenic
E336K,E,336,K,0.1827900381492329,Benign
E336L,E,336,L,0.688334905676993,Pathogenic
E336M,E,336,M,0.8871345304842819,Pathogenic
E336N,E,336,N,0.5600783579605388,Uncertain
E336P,E,336,P,0.7198781992267249,Pathogenic
E336Q,E,336,Q,0.4830574290577742,Uncertain
E336R,E,336,R,0.333406827522654,Benign
E336S,E,336,S,0.5143441465548845,Uncertain
E336T,E,336,T,0.5874694820679933,Uncertain
E336V,E,336,V,0.7869850043726245,Pathogenic
E336W,E,336,W,0.8914084521880651,Pathogenic
E336Y,E,336,Y,0.8686227496884504,Pathogenic
R337A,R,337,A,0.783365540071753,Pathogenic
R337C,R,337,C,0.3057997290308691,Benign
R337D,R,337,D,0.6644011548582937,Pathogenic
R337E,R,337,E,0.7978557356929159,Pathogenic
R337F,R,337,F,0.702181699799598,Pathogenic
R337G,R,337,G,0.8337946579311528,Pathogenic
R337H,R,337,H,0.2853675496602106,Benign
R337I,R,337,I,0.5982396995230591,Uncertain
R337K,R,337,K,0.4503533006731186,Uncertain
R337L,R,337,L,0.5537150178369113,Uncertain
R337M,R,337,M,0.7468507603759005,Pathogenic
R337N,R,337,N,0.3782586515870392,Uncertain
R337P,R,337,P,0.7885023851429588,Pathogenic
R337Q,R,337,Q,0.8207485146438646,Pathogenic
R337S,R,337,S,0.8033385759728163,Pathogenic
R337T,R,337,T,0.5544320643350702,Uncertain
R337V,R,337,V,0.6486702541797669,Pathogenic
R337W,R,337,W,0.8790630131671993,Pathogenic
R337Y,R,337,Y,0.7902751493647004,Pathogenic
F338A,F,338,A,0.5910478866739483,Uncertain
F338C,F,338,C,0.7286127047792142,Pathogenic
F338D,F,338,D,0.8347859895305909,Pathogenic
F338E,F,338,E,0.7384409813078422,Pathogenic
F338G,F,338,G,0.8703448730436156,Pathogenic
F338H,F,338,H,0.7538646580044517,Pathogenic
F338I,F,338,I,0.8294700901775707,Pathogenic
F338K,F,338,K,0.8257128373934711,Pathogenic
F338L,F,338,L,0.6594806392141644,Pathogenic
F338M,F,338,M,0.8788301849241065,Pathogenic
F338N,F,338,N,0.8563671059016531,Pathogenic
F338P,F,338,P,0.8559499281057734,Pathogenic
F338Q,F,338,Q,0.8156002047938069,Pathogenic
F338R,F,338,R,0.9113189135782152,Pathogenic
F338S,F,338,S,0.6320203199652805,Uncertain
F338T,F,338,T,0.7770172045971363,Pathogenic
F338V,F,338,V,0.658449534887074,Pathogenic
F338W,F,338,W,0.7320748171970061,Pathogenic
F338Y,F,338,Y,0.13968157296380596,Benign
E339A,E,339,A,0.4991117131529507,Uncertain
E339C,E,339,C,0.6797848665574404,Pathogenic
E339D,E,339,D,0.42650127828417495,Uncertain
E339F,E,339,F,0.7562028152550347,Pathogenic
E339G,E,339,G,0.7317952657995554,Pathogenic
E339H,E,339,H,0.5105783179318099,Uncertain
E339I,E,339,I,0.7955300192244419,Pathogenic
E339K,E,339,K,0.20586127376077767,Benign
E339L,E,339,L,0.3105731435095849,Benign
E339M,E,339,M,0.616767823985721,Uncertain
E339N,E,339,N,0.2714085672520852,Benign
E339P,E,339,P,0.7850269011358868,Pathogenic
E339Q,E,339,Q,0.4461715390980711,Uncertain
E339R,E,339,R,0.3704100359276944,Uncertain
E339S,E,339,S,0.7171604205946416,Pathogenic
E339T,E,339,T,0.505061244110487,Uncertain
E339V,E,339,V,0.5103908598343089,Uncertain
E339W,E,339,W,0.8330632653737342,Pathogenic
E339Y,E,339,Y,0.7219890683230792,Pathogenic
M340A,M,340,A,0.5718902273487447,Uncertain
M340C,M,340,C,0.7687658162698174,Pathogenic
M340D,M,340,D,0.8536225230902666,Pathogenic
M340E,M,340,E,0.7542325492565666,Pathogenic
M340F,M,340,F,0.33488561415592466,Benign
M340G,M,340,G,0.8791529482998798,Pathogenic
M340H,M,340,H,0.9105563599278066,Pathogenic
M340I,M,340,I,0.3220095748434775,Benign
M340K,M,340,K,0.724748149786234,Pathogenic
M340L,M,340,L,0.3300654955807123,Benign
M340N,M,340,N,0.7396481379473592,Pathogenic
M340P,M,340,P,0.8748057569303199,Pathogenic
M340Q,M,340,Q,0.7195663657381139,Pathogenic
M340R,M,340,R,0.7489069984832141,Pathogenic
M340S,M,340,S,0.6834443980174193,Pathogenic
M340T,M,340,T,0.3085257200049893,Benign
M340V,M,340,V,0.4992336806925839,Uncertain
M340W,M,340,W,0.5301405072873188,Uncertain
M340Y,M,340,Y,0.7611651635861171,Pathogenic
F341A,F,341,A,0.7808579247989236,Pathogenic
F341C,F,341,C,0.7756128281672451,Pathogenic
F341D,F,341,D,0.9259963249804584,Pathogenic
F341E,F,341,E,0.8746042908526994,Pathogenic
F341G,F,341,G,0.8345759857332333,Pathogenic
F341H,F,341,H,0.8975270825513493,Pathogenic
F341I,F,341,I,0.3548294763084986,Benign
F341K,F,341,K,0.9055761807556986,Pathogenic
F341L,F,341,L,0.15564498831811927,Benign
F341M,F,341,M,0.44935794075751023,Uncertain
F341N,F,341,N,0.9089533066606904,Pathogenic
F341P,F,341,P,0.9151123520863907,Pathogenic
F341Q,F,341,Q,0.9094438394236892,Pathogenic
F341R,F,341,R,0.8431233051871374,Pathogenic
F341S,F,341,S,0.8625519253707357,Pathogenic
F341T,F,341,T,0.7137217019064547,Pathogenic
F341V,F,341,V,0.4978347999491648,Uncertain
F341W,F,341,W,0.9064008676034344,Pathogenic
F341Y,F,341,Y,0.9085261271222441,Pathogenic
R342A,R,342,A,0.5504695163688162,Uncertain
R342C,R,342,C,0.3021659308345327,Benign
R342D,R,342,D,0.8010105374633516,Pathogenic
R342E,R,342,E,0.4771604456551401,Uncertain
R342F,R,342,F,0.7265344371815391,Pathogenic
R342G,R,342,G,0.6447716688381637,Pathogenic
R342H,R,342,H,0.7502917106297253,Pathogenic
R342I,R,342,I,0.508192857230197,Uncertain
R342K,R,342,K,0.12090087521471345,Benign
R342L,R,342,L,0.16559103574954812,Benign
R342M,R,342,M,0.3554804265962024,Benign
R342N,R,342,N,0.44672251380561095,Uncertain
R342P,R,342,P,0.7456946542516216,Pathogenic
R342Q,R,342,Q,0.2813678835682277,Benign
R342S,R,342,S,0.3683226265210621,Uncertain
R342T,R,342,T,0.5864017972422675,Uncertain
R342V,R,342,V,0.5352993398903856,Uncertain
R342W,R,342,W,0.6153980366585656,Uncertain
R342Y,R,342,Y,0.6032005420082521,Uncertain
E343A,E,343,A,0.4432843823198822,Uncertain
E343C,E,343,C,0.8086631218297744,Pathogenic
E343D,E,343,D,0.4194486070084968,Uncertain
E343F,E,343,F,0.7105018712546916,Pathogenic
E343G,E,343,G,0.5475780894807418,Uncertain
E343H,E,343,H,0.6568866756174929,Pathogenic
E343I,E,343,I,0.6950354972655122,Pathogenic
E343K,E,343,K,0.09992251437899176,Benign
E343L,E,343,L,0.561069486011361,Uncertain
E343M,E,343,M,0.38439041165864657,Uncertain
E343N,E,343,N,0.42437968731243697,Uncertain
E343P,E,343,P,0.7054266635499122,Pathogenic
E343Q,E,343,Q,0.2753147510892229,Benign
E343R,E,343,R,0.2926365393503617,Benign
E343S,E,343,S,0.3493179181259529,Benign
E343T,E,343,T,0.2908942064766566,Benign
E343V,E,343,V,0.6769895973370184,Pathogenic
E343W,E,343,W,0.7467723492347998,Pathogenic
E343Y,E,343,Y,0.5370677723117387,Uncertain
L344A,L,344,A,0.7673708115484045,Pathogenic
L344C,L,344,C,0.7876264149612521,Pathogenic
L344D,L,344,D,0.8727784498201341,Pathogenic
L344E,L,344,E,0.8640778530063948,Pathogenic
L344F,L,344,F,0.3768066855305465,Uncertain
L344G,L,344,G,0.8323455663464709,Pathogenic
L344H,L,344,H,0.7864905331151313,Pathogenic
L344I,L,344,I,0.17242317763187748,Benign
L344K,L,344,K,0.9095884146391678,Pathogenic
L344M,L,344,M,0.3899894459703437,Uncertain
L344N,L,344,N,0.8033339347638535,Pathogenic
L344P,L,344,P,0.892760500450871,Pathogenic
L344Q,L,344,Q,0.6319787961007476,Uncertain
L344R,L,344,R,0.8746906749624535,Pathogenic
L344S,L,344,S,0.7143654347688526,Pathogenic
L344T,L,344,T,0.7323426385237963,Pathogenic
L344V,L,344,V,0.3624336032937042,Uncertain
L344W,L,344,W,0.8746010924027686,Pathogenic
L344Y,L,344,Y,0.5804584975426723,Uncertain
N345A,N,345,A,0.5826137731885072,Uncertain
N345C,N,345,C,0.8244992980694357,Pathogenic
N345D,N,345,D,0.8947679401292847,Pathogenic
N345E,N,345,E,0.8054242121900264,Pathogenic
N345F,N,345,F,0.8940176549669884,Pathogenic
N345G,N,345,G,0.9318202436638621,Pathogenic
N345H,N,345,H,0.624240570808276,Uncertain
N345I,N,345,I,0.7124559923471757,Pathogenic
N345K,N,345,K,0.4411456618296751,Uncertain
N345L,N,345,L,0.4023289788668417,Uncertain
N345M,N,345,M,0.7773136287277721,Pathogenic
N345P,N,345,P,0.9332271893431784,Pathogenic
N345Q,N,345,Q,0.8459824060282268,Pathogenic
N345R,N,345,R,0.7079248640361608,Pathogenic
N345S,N,345,S,0.7273717165546488,Pathogenic
N345T,N,345,T,0.8467576815052393,Pathogenic
N345V,N,345,V,0.6929927623818299,Pathogenic
N345W,N,345,W,0.9404090801745058,Pathogenic
N345Y,N,345,Y,0.8281820176218169,Pathogenic
E346A,E,346,A,0.502098865359524,Uncertain
E346C,E,346,C,0.8417883249450059,Pathogenic
E346D,E,346,D,0.2421848477800249,Benign
E346F,E,346,F,0.7452896678404429,Pathogenic
E346G,E,346,G,0.6962649033010868,Pathogenic
E346H,E,346,H,0.6082078183729558,Uncertain
E346I,E,346,I,0.759564136564285,Pathogenic
E346K,E,346,K,0.5115229276445228,Uncertain
E346L,E,346,L,0.8603499048553548,Pathogenic
E346M,E,346,M,0.8978731833658299,Pathogenic
E346N,E,346,N,0.4980212600924405,Uncertain
E346P,E,346,P,0.8830444749386729,Pathogenic
E346Q,E,346,Q,0.6045834404212166,Uncertain
E346R,E,346,R,0.6833541011647168,Pathogenic
E346S,E,346,S,0.6292141164974665,Uncertain
E346T,E,346,T,0.7016273908911419,Pathogenic
E346V,E,346,V,0.4811956071249611,Uncertain
E346W,E,346,W,0.8980418510529136,Pathogenic
E346Y,E,346,Y,0.5503173710931711,Uncertain
A347C,A,347,C,0.8730115289364041,Pathogenic
A347D,A,347,D,0.633306342757616,Uncertain
A347E,A,347,E,0.8539688772844389,Pathogenic
A347F,A,347,F,0.8160851027383682,Pathogenic
A347G,A,347,G,0.3225651299537965,Benign
A347H,A,347,H,0.9455380176633011,Pathogenic
A347I,A,347,I,0.9100998718680712,Pathogenic
A347K,A,347,K,0.7766078402841876,Pathogenic
A347L,A,347,L,0.8349392847068982,Pathogenic
A347M,A,347,M,0.80734615119072,Pathogenic
A347N,A,347,N,0.7921384283256776,Pathogenic
A347P,A,347,P,0.9093136148229832,Pathogenic
A347Q,A,347,Q,0.7626245853443712,Pathogenic
A347R,A,347,R,0.903434224325376,Pathogenic
A347S,A,347,S,0.26817843326511753,Benign
A347T,A,347,T,0.8524617368499824,Pathogenic
A347V,A,347,V,0.8371293054419184,Pathogenic
A347W,A,347,W,0.8116572880285581,Pathogenic
A347Y,A,347,Y,0.8681624638355288,Pathogenic
L348A,L,348,A,0.7477630002183214,Pathogenic
L348C,L,348,C,0.9008014360678922,Pathogenic
L348D,L,348,D,0.9244665859716532,Pathogenic
L348E,L,348,E,0.9269004739425972,Pathogenic
L348F,L,348,F,0.4009163811947264,Uncertain
L348G,L,348,G,0.9099776303336478,Pathogenic
L348H,L,348,H,0.8596433501738553,Pathogenic
L348I,L,348,I,0.56862879157412,Uncertain
L348K,L,348,K,0.9187177043447872,Pathogenic
L348M,L,348,M,0.5630872190596496,Uncertain
L348N,L,348,N,0.9418768340657336,Pathogenic
L348P,L,348,P,0.9189562284467858,Pathogenic
L348Q,L,348,Q,0.9272287956999504,Pathogenic
L348R,L,348,R,0.9445891698773312,Pathogenic
L348S,L,348,S,0.8989053636954604,Pathogenic
L348T,L,348,T,0.7066742666434276,Pathogenic
L348V,L,348,V,0.4967020627017925,Uncertain
L348W,L,348,W,0.8771704531343625,Pathogenic
L348Y,L,348,Y,0.6624450976467468,Pathogenic
E349A,E,349,A,0.7137885050316861,Pathogenic
E349C,E,349,C,0.8733185762631386,Pathogenic
E349D,E,349,D,0.5035148651400362,Uncertain
E349F,E,349,F,0.9169859603770588,Pathogenic
E349G,E,349,G,0.9191047001054796,Pathogenic
E349H,E,349,H,0.8597736223949056,Pathogenic
E349I,E,349,I,0.9184587958772841,Pathogenic
E349K,E,349,K,0.7656886857828369,Pathogenic
E349L,E,349,L,0.8469585789920301,Pathogenic
E349M,E,349,M,0.6714330649968162,Pathogenic
E349N,E,349,N,0.7632771672577622,Pathogenic
E349P,E,349,P,0.8892218264029179,Pathogenic
E349Q,E,349,Q,0.7655666621785735,Pathogenic
E349R,E,349,R,0.7750575518634308,Pathogenic
E349S,E,349,S,0.9053583694917572,Pathogenic
E349T,E,349,T,0.7922596151429586,Pathogenic
E349V,E,349,V,0.868432801569501,Pathogenic
E349W,E,349,W,0.9514670959056332,Pathogenic
E349Y,E,349,Y,0.8410586489871508,Pathogenic
L350A,L,350,A,0.3529589359476608,Benign
L350C,L,350,C,0.7132048698679334,Pathogenic
L350D,L,350,D,0.7858960799121709,Pathogenic
L350E,L,350,E,0.8788053125581425,Pathogenic
L350F,L,350,F,0.33586709472109305,Benign
L350G,L,350,G,0.7228472352561456,Pathogenic
L350H,L,350,H,0.8249779228662281,Pathogenic
L350I,L,350,I,0.4389097535481716,Uncertain
L350K,L,350,K,0.6992286629468114,Pathogenic
L350M,L,350,M,0.4123799333576496,Uncertain
L350N,L,350,N,0.8145209514406747,Pathogenic
L350P,L,350,P,0.8693404546472504,Pathogenic
L350Q,L,350,Q,0.6915843857680797,Pathogenic
L350R,L,350,R,0.7242203115361358,Pathogenic
L350S,L,350,S,0.5759331080919348,Uncertain
L350T,L,350,T,0.7365280691488139,Pathogenic
L350V,L,350,V,0.3913630987294905,Uncertain
L350W,L,350,W,0.9058334980175652,Pathogenic
L350Y,L,350,Y,0.7663879503540302,Pathogenic
K351A,K,351,A,0.35746286832628404,Benign
K351C,K,351,C,0.6376421792841808,Uncertain
K351D,K,351,D,0.6844553941458675,Pathogenic
K351E,K,351,E,0.8465565641358201,Pathogenic
K351F,K,351,F,0.5060974914871843,Uncertain
K351G,K,351,G,0.3999980023110873,Uncertain
K351H,K,351,H,0.7356345265309252,Pathogenic
K351I,K,351,I,0.7056802071775684,Pathogenic
K351L,K,351,L,0.3324987217620652,Benign
K351M,K,351,M,0.27827996246578196,Benign
K351N,K,351,N,0.3353253102292963,Benign
K351P,K,351,P,0.8181934001174311,Pathogenic
K351Q,K,351,Q,0.2410570130529212,Benign
K351R,K,351,R,0.4315741068629788,Uncertain
K351S,K,351,S,0.3532004388997392,Benign
K351T,K,351,T,0.41731440352841376,Uncertain
K351V,K,351,V,0.4638456616962121,Uncertain
K351W,K,351,W,0.8559391316021221,Pathogenic
K351Y,K,351,Y,0.496709225818249,Uncertain
D352A,D,352,A,0.4418785386900856,Uncertain
D352C,D,352,C,0.8860869680583321,Pathogenic
D352E,D,352,E,0.2794673090838267,Benign
D352F,D,352,F,0.8258013832871575,Pathogenic
D352G,D,352,G,0.8983890755180106,Pathogenic
D352H,D,352,H,0.6397028127316574,Uncertain
D352I,D,352,I,0.8515555942189523,Pathogenic
D352K,D,352,K,0.6823089131249861,Pathogenic
D352L,D,352,L,0.8224244170193002,Pathogenic
D352M,D,352,M,0.8602271023316039,Pathogenic
D352N,D,352,N,0.8240918730543234,Pathogenic
D352P,D,352,P,0.8817726661316495,Pathogenic
D352Q,D,352,Q,0.4945387614063594,Uncertain
D352R,D,352,R,0.5854912790596821,Uncertain
D352S,D,352,S,0.5728131616507831,Uncertain
D352T,D,352,T,0.8352616881281899,Pathogenic
D352V,D,352,V,0.8981140595197095,Pathogenic
D352W,D,352,W,0.922550517336027,Pathogenic
D352Y,D,352,Y,0.7731990037562099,Pathogenic
A353C,A,353,C,0.776069778125182,Pathogenic
A353D,A,353,D,0.4821688519462913,Uncertain
A353E,A,353,E,0.6759200778897696,Pathogenic
A353F,A,353,F,0.5764803295057851,Uncertain
A353G,A,353,G,0.40955212446400346,Uncertain
A353H,A,353,H,0.4759500477831557,Uncertain
A353I,A,353,I,0.5191117603648454,Uncertain
A353K,A,353,K,0.3987713432880219,Uncertain
A353L,A,353,L,0.2927361449573415,Benign
A353M,A,353,M,0.3695544496043247,Uncertain
A353N,A,353,N,0.5390030821903621,Uncertain
A353P,A,353,P,0.84288727156848,Pathogenic
A353Q,A,353,Q,0.6211470878216478,Uncertain
A353R,A,353,R,0.4630262619293155,Uncertain
A353S,A,353,S,0.3902880525590193,Uncertain
A353T,A,353,T,0.4915986646338821,Uncertain
A353V,A,353,V,0.3096791240298856,Benign
A353W,A,353,W,0.7953671480112098,Pathogenic
A353Y,A,353,Y,0.4142476335285608,Uncertain
Q354A,Q,354,A,0.28268371820967697,Benign
Q354C,Q,354,C,0.3174886597689208,Benign
Q354D,Q,354,D,0.26409521390192714,Benign
Q354E,Q,354,E,0.21607521411516287,Benign
Q354F,Q,354,F,0.4294721329392618,Uncertain
Q354G,Q,354,G,0.33578805020785946,Benign
Q354H,Q,354,H,0.14264698510795926,Benign
Q354I,Q,354,I,0.19466734206277334,Benign
Q354K,Q,354,K,0.17724959645304045,Benign
Q354L,Q,354,L,0.1804488678039684,Benign
Q354M,Q,354,M,0.2356001477240986,Benign
Q354N,Q,354,N,0.5099943681512706,Uncertain
Q354P,Q,354,P,0.5545406704948792,Uncertain
Q354R,Q,354,R,0.2916921498496309,Benign
Q354S,Q,354,S,0.3849816815128887,Uncertain
Q354T,Q,354,T,0.43404821073708266,Uncertain
Q354V,Q,354,V,0.11824274765732935,Benign
Q354W,Q,354,W,0.5629208976615432,Uncertain
Q354Y,Q,354,Y,0.3619046214654065,Uncertain
A355C,A,355,C,0.7052287412930088,Pathogenic
A355D,A,355,D,0.3639517046146316,Uncertain
A355E,A,355,E,0.17977000245831426,Benign
A355F,A,355,F,0.7455765676725187,Pathogenic
A355G,A,355,G,0.2792389522501413,Benign
A355H,A,355,H,0.4385410825382444,Uncertain
A355I,A,355,I,0.5419605899825359,Uncertain
A355K,A,355,K,0.2991265149665128,Benign
A355L,A,355,L,0.4110894679919216,Uncertain
A355M,A,355,M,0.5427724352356279,Uncertain
A355N,A,355,N,0.27153340810615056,Benign
A355P,A,355,P,0.14463308292874846,Benign
A355Q,A,355,Q,0.2383605951411941,Benign
A355R,A,355,R,0.29708440127219365,Benign
A355S,A,355,S,0.1342610269037778,Benign
A355T,A,355,T,0.2579987248129673,Benign
A355V,A,355,V,0.5626389062100755,Uncertain
A355W,A,355,W,0.7299378469675426,Pathogenic
A355Y,A,355,Y,0.6213149262158584,Uncertain
G356A,G,356,A,0.1708239543623341,Benign
G356C,G,356,C,0.6455828796933513,Pathogenic
G356D,G,356,D,0.38643121659694096,Uncertain
G356E,G,356,E,0.19199332712132008,Benign
G356F,G,356,F,0.6882262183576741,Pathogenic
G356H,G,356,H,0.38825178220183454,Uncertain
G356I,G,356,I,0.6732841540319314,Pathogenic
G356K,G,356,K,0.18171895645361685,Benign
G356L,G,356,L,0.3423185962659793,Benign
G356M,G,356,M,0.532596426771277,Uncertain
G356N,G,356,N,0.3644045220958653,Uncertain
G356P,G,356,P,0.1788988342069725,Benign
G356Q,G,356,Q,0.17049323588011722,Benign
G356R,G,356,R,0.35311794781319633,Benign
G356S,G,356,S,0.2162682114316351,Benign
G356T,G,356,T,0.3238975564443114,Benign
G356V,G,356,V,0.2710990320731517,Benign
G356W,G,356,W,0.7144988439792949,Pathogenic
G356Y,G,356,Y,0.6873819163477919,Pathogenic
K357A,K,357,A,0.2291699961400806,Benign
K357C,K,357,C,0.5725392290135907,Uncertain
K357D,K,357,D,0.3876821961879869,Uncertain
K357E,K,357,E,0.27881601775104353,Benign
K357F,K,357,F,0.7519307662798148,Pathogenic
K357G,K,357,G,0.32553153550495384,Benign
K357H,K,357,H,0.5688886459247258,Uncertain
K357I,K,357,I,0.6292488242935974,Uncertain
K357L,K,357,L,0.7107466328037724,Pathogenic
K357M,K,357,M,0.5387421293626465,Uncertain
K357N,K,357,N,0.3649725994025113,Uncertain
K357P,K,357,P,0.4116422208524336,Uncertain
K357Q,K,357,Q,0.2296008311488668,Benign
K357R,K,357,R,0.32372799860036816,Benign
K357S,K,357,S,0.2841458712202704,Benign
K357T,K,357,T,0.2743131164036223,Benign
K357V,K,357,V,0.5043274827097666,Uncertain
K357W,K,357,W,0.8028458243061319,Pathogenic
K357Y,K,357,Y,0.8065865561002571,Pathogenic
E358A,E,358,A,0.2917566842395909,Benign
E358C,E,358,C,0.6971205422093729,Pathogenic
E358D,E,358,D,0.11323845158768335,Benign
E358F,E,358,F,0.6495860130980917,Pathogenic
E358G,E,358,G,0.6013688160130425,Uncertain
E358H,E,358,H,0.35982479332620504,Uncertain
E358I,E,358,I,0.6340177291879756,Uncertain
E358K,E,358,K,0.17125665338551552,Benign
E358L,E,358,L,0.38106244658372296,Uncertain
E358M,E,358,M,0.5324877354020472,Uncertain
E358N,E,358,N,0.27451875319005553,Benign
E358P,E,358,P,0.2849597452683373,Benign
E358Q,E,358,Q,0.14448453742566875,Benign
E358R,E,358,R,0.3929060965184145,Uncertain
E358S,E,358,S,0.26326467613090365,Benign
E358T,E,358,T,0.2753851020600156,Benign
E358V,E,358,V,0.2999104120103114,Benign
E358W,E,358,W,0.7605946286307004,Pathogenic
E358Y,E,358,Y,0.6375252655772727,Uncertain
P359A,P,359,A,0.23311035565143545,Benign
P359C,P,359,C,0.7296802425117801,Pathogenic
P359D,P,359,D,0.7005793550680198,Pathogenic
P359E,P,359,E,0.3609324640920569,Uncertain
P359F,P,359,F,0.4001466367438257,Uncertain
P359G,P,359,G,0.4304446977408675,Uncertain
P359H,P,359,H,0.556169953564051,Uncertain
P359I,P,359,I,0.28468819259606964,Benign
P359K,P,359,K,0.2914590106642481,Benign
P359L,P,359,L,0.2316032444769595,Benign
P359M,P,359,M,0.4419881858033067,Uncertain
P359N,P,359,N,0.4992408527080802,Uncertain
P359Q,P,359,Q,0.2314033424882168,Benign
P359R,P,359,R,0.3957543503956352,Uncertain
P359S,P,359,S,0.3089237094631333,Benign
P359T,P,359,T,0.3367944694188352,Benign
P359V,P,359,V,0.2376098607469117,Benign
P359W,P,359,W,0.6471144427372755,Pathogenic
P359Y,P,359,Y,0.4826237197633005,Uncertain
G360A,G,360,A,0.18003465648068614,Benign
G360C,G,360,C,0.5313212819077151,Uncertain
G360D,G,360,D,0.1030517337295964,Benign
G360E,G,360,E,0.05832151705045448,Benign
G360F,G,360,F,0.5295031166422032,Uncertain
G360H,G,360,H,0.3808937851475587,Uncertain
G360I,G,360,I,0.4364209417234625,Uncertain
G360K,G,360,K,0.1624582226153375,Benign
G360L,G,360,L,0.2867358994454903,Benign
G360M,G,360,M,0.5060471016319075,Uncertain
G360N,G,360,N,0.20991966347427407,Benign
G360P,G,360,P,0.18493195100028145,Benign
G360Q,G,360,Q,0.18508228386324047,Benign
G360R,G,360,R,0.2448269674969714,Benign
G360S,G,360,S,0.19445645001724468,Benign
G360T,G,360,T,0.24958606801829186,Benign
G360V,G,360,V,0.38327875784568266,Uncertain
G360W,G,360,W,0.5714286448941938,Uncertain
G360Y,G,360,Y,0.5250068065218979,Uncertain
G361A,G,361,A,0.2814062180156284,Benign
G361C,G,361,C,0.7889147799792171,Pathogenic
G361D,G,361,D,0.3411320866867515,Benign
G361E,G,361,E,0.15299175230605722,Benign
G361F,G,361,F,0.5289381624530337,Uncertain
G361H,G,361,H,0.5115301474243389,Uncertain
G361I,G,361,I,0.3826517326026522,Uncertain
G361K,G,361,K,0.1700320024746908,Benign
G361L,G,361,L,0.3985069955048741,Uncertain
G361M,G,361,M,0.3817876547450774,Uncertain
G361N,G,361,N,0.4108592965655139,Uncertain
G361P,G,361,P,0.6222374596405726,Uncertain
G361Q,G,361,Q,0.34842560510615445,Benign
G361R,G,361,R,0.3705568656374463,Uncertain
G361S,G,361,S,0.21118645675035785,Benign
G361T,G,361,T,0.29752412404466433,Benign
G361V,G,361,V,0.3101994866201113,Benign
G361W,G,361,W,0.7163514937270539,Pathogenic
G361Y,G,361,Y,0.586172412723178,Uncertain
S362A,S,362,A,0.37915420995949656,Uncertain
S362C,S,362,C,0.2698047127870309,Benign
S362D,S,362,D,0.7745526986764559,Pathogenic
S362E,S,362,E,0.5543741000137744,Uncertain
S362F,S,362,F,0.7023062125609832,Pathogenic
S362G,S,362,G,0.4623473738973304,Uncertain
S362H,S,362,H,0.3598427236726657,Uncertain
S362I,S,362,I,0.2442870055096868,Benign
S362K,S,362,K,0.4601106981875783,Uncertain
S362L,S,362,L,0.3050479594851348,Benign
S362M,S,362,M,0.5807675475265219,Uncertain
S362N,S,362,N,0.4407828575753815,Uncertain
S362P,S,362,P,0.5930201126290036,Uncertain
S362Q,S,362,Q,0.4608650449030132,Uncertain
S362R,S,362,R,0.4914128231180607,Uncertain
S362T,S,362,T,0.2598893669189689,Benign
S362V,S,362,V,0.434245107708339,Uncertain
S362W,S,362,W,0.737385218452779,Pathogenic
S362Y,S,362,Y,0.1611992192763506,Benign
R363A,R,363,A,0.3019606892259087,Benign
R363C,R,363,C,0.4229262810420603,Uncertain
R363D,R,363,D,0.7465088049572138,Pathogenic
R363E,R,363,E,0.4362167180706629,Uncertain
R363F,R,363,F,0.8160983050367177,Pathogenic
R363G,R,363,G,0.7298734849971109,Pathogenic
R363H,R,363,H,0.7174799699173829,Pathogenic
R363I,R,363,I,0.6495453584216113,Pathogenic
R363K,R,363,K,0.17302829221056842,Benign
R363L,R,363,L,0.4414537998101543,Uncertain
R363M,R,363,M,0.7976231201986019,Pathogenic
R363N,R,363,N,0.474337875172185,Uncertain
R363P,R,363,P,0.5714935817974836,Uncertain
R363Q,R,363,Q,0.3933276403874877,Uncertain
R363S,R,363,S,0.5396337093541297,Uncertain
R363T,R,363,T,0.5776752025717625,Uncertain
R363V,R,363,V,0.6963655908683751,Pathogenic
R363W,R,363,W,0.7880155208377266,Pathogenic
R363Y,R,363,Y,0.7736595157180542,Pathogenic
A364C,A,364,C,0.34210625941683154,Benign
A364D,A,364,D,0.2931996052029011,Benign
A364E,A,364,E,0.3615503252083694,Uncertain
A364F,A,364,F,0.5846091111619697,Uncertain
A364G,A,364,G,0.5411196924439776,Uncertain
A364H,A,364,H,0.3538666455903431,Benign
A364I,A,364,I,0.4752003001497482,Uncertain
A364K,A,364,K,0.2404115266101484,Benign
A364L,A,364,L,0.348454747316471,Benign
A364M,A,364,M,0.615721350431347,Uncertain
A364N,A,364,N,0.16372569517706986,Benign
A364P,A,364,P,0.11258117291200342,Benign
A364Q,A,364,Q,0.1280635116027534,Benign
A364R,A,364,R,0.1994414727086916,Benign
A364S,A,364,S,0.20912773807615545,Benign
A364T,A,364,T,0.1288251644612242,Benign
A364V,A,364,V,0.21745938800852507,Benign
A364W,A,364,W,0.6493554977792994,Pathogenic
A364Y,A,364,Y,0.44364133558623603,Uncertain
H365A,H,365,A,0.4647217690389733,Uncertain
H365C,H,365,C,0.3910384575120246,Uncertain
H365D,H,365,D,0.5163515625662154,Uncertain
H365E,H,365,E,0.3083112000204881,Benign
H365F,H,365,F,0.7095586230283624,Pathogenic
H365G,H,365,G,0.26587748873894995,Benign
H365I,H,365,I,0.5788838724229397,Uncertain
H365K,H,365,K,0.16223305836400242,Benign
H365L,H,365,L,0.42036812710803056,Uncertain
H365M,H,365,M,0.359848700612664,Uncertain
H365N,H,365,N,0.4598384128169989,Uncertain
H365P,H,365,P,0.2755164625980556,Benign
H365Q,H,365,Q,0.13522869911568772,Benign
H365R,H,365,R,0.2733151065120224,Benign
H365S,H,365,S,0.5019982800518199,Uncertain
H365T,H,365,T,0.4857261653238267,Uncertain
H365V,H,365,V,0.4312560998485365,Uncertain
H365W,H,365,W,0.6996230015091706,Pathogenic
H365Y,H,365,Y,0.6046188841153113,Uncertain
S366A,S,366,A,0.6199086439886886,Uncertain
S366C,S,366,C,0.2348427024597256,Benign
S366D,S,366,D,0.5196105635067615,Uncertain
S366E,S,366,E,0.4420567137866062,Uncertain
S366F,S,366,F,0.7156924212664358,Pathogenic
S366G,S,366,G,0.33420456846413543,Benign
S366H,S,366,H,0.35213539371262204,Benign
S366I,S,366,I,0.4645605180611411,Uncertain
S366K,S,366,K,0.21153112593953752,Benign
S366L,S,366,L,0.2654974523406992,Benign
S366M,S,366,M,0.6205105574221688,Uncertain
S366N,S,366,N,0.37464270314921577,Uncertain
S366P,S,366,P,0.3450024157613955,Benign
S366Q,S,366,Q,0.27319409480909274,Benign
S366R,S,366,R,0.2509433199645091,Benign
S366T,S,366,T,0.6496402604981002,Pathogenic
S366V,S,366,V,0.6452080532554904,Pathogenic
S366W,S,366,W,0.6972902660359405,Pathogenic
S366Y,S,366,Y,0.7237631729664148,Pathogenic
S367A,S,367,A,0.4280155809958978,Uncertain
S367C,S,367,C,0.8424492312444009,Pathogenic
S367D,S,367,D,0.5390030821903621,Uncertain
S367E,S,367,E,0.5266499967888014,Uncertain
S367F,S,367,F,0.7632931872285112,Pathogenic
S367G,S,367,G,0.7566445368520593,Pathogenic
S367H,S,367,H,0.6076563029602903,Uncertain
S367I,S,367,I,0.74386894468962,Pathogenic
S367K,S,367,K,0.3431747868312938,Benign
S367L,S,367,L,0.4691543742921145,Uncertain
S367M,S,367,M,0.8504368637587013,Pathogenic
S367N,S,367,N,0.5123740837546471,Uncertain
S367P,S,367,P,0.5827286783120625,Uncertain
S367Q,S,367,Q,0.2691759302529592,Benign
S367R,S,367,R,0.4471359608169776,Uncertain
S367T,S,367,T,0.4894699179054146,Uncertain
S367V,S,367,V,0.5104340910467094,Uncertain
S367W,S,367,W,0.8769250011139929,Pathogenic
S367Y,S,367,Y,0.8668542802287174,Pathogenic
H368A,H,368,A,0.22908470628803765,Benign
H368C,H,368,C,0.3800451047227612,Uncertain
H368D,H,368,D,0.2403217909381106,Benign
H368E,H,368,E,0.2766590873290758,Benign
H368F,H,368,F,0.444554960190825,Uncertain
H368G,H,368,G,0.22566654539210784,Benign
H368I,H,368,I,0.3648274992717637,Uncertain
H368K,H,368,K,0.12635883908591394,Benign
H368L,H,368,L,0.09770547993364992,Benign
H368M,H,368,M,0.5028894230263583,Uncertain
H368N,H,368,N,0.22470758755992395,Benign
H368P,H,368,P,0.1081531075788216,Benign
H368Q,H,368,Q,0.14980358221333073,Benign
H368R,H,368,R,0.20971520648419653,Benign
H368S,H,368,S,0.12922223601918909,Benign
H368T,H,368,T,0.17563185273807075,Benign
H368V,H,368,V,0.20422847484371628,Benign
H368W,H,368,W,0.3270514124053107,Benign
H368Y,H,368,Y,0.22014886248024296,Benign
L369A,L,369,A,0.5041836372188944,Uncertain
L369C,L,369,C,0.3980043904197087,Uncertain
L369D,L,369,D,0.6284088790973396,Uncertain
L369E,L,369,E,0.3946709919935867,Uncertain
L369F,L,369,F,0.7869899414386523,Pathogenic
L369G,L,369,G,0.5025012984835527,Uncertain
L369H,L,369,H,0.6050511848855776,Uncertain
L369I,L,369,I,0.3777307514434224,Uncertain
L369K,L,369,K,0.1918079972864927,Benign
L369M,L,369,M,0.521505014277152,Uncertain
L369N,L,369,N,0.3756617123352815,Uncertain
L369P,L,369,P,0.23863568147159675,Benign
L369Q,L,369,Q,0.3870816579461228,Uncertain
L369R,L,369,R,0.2083215824846643,Benign
L369S,L,369,S,0.2790630540553101,Benign
L369T,L,369,T,0.3417506993284099,Benign
L369V,L,369,V,0.3622952940691541,Uncertain
L369W,L,369,W,0.7902361168755732,Pathogenic
L369Y,L,369,Y,0.7016772139087978,Pathogenic
K370A,K,370,A,0.3682373688913441,Uncertain
K370C,K,370,C,0.8274179576044463,Pathogenic
K370D,K,370,D,0.6434270594037551,Pathogenic
K370E,K,370,E,0.5323500685346149,Uncertain
K370F,K,370,F,0.6070903925255912,Uncertain
K370G,K,370,G,0.3904151696198158,Uncertain
K370H,K,370,H,0.4845015309498197,Uncertain
K370I,K,370,I,0.8347375109607721,Pathogenic
K370L,K,370,L,0.495219004470099,Uncertain
K370M,K,370,M,0.7170156347657531,Pathogenic
K370N,K,370,N,0.3580104948978235,Benign
K370P,K,370,P,0.4384250524228331,Uncertain
K370Q,K,370,Q,0.4522431740989927,Uncertain
K370R,K,370,R,0.4043759059764092,Uncertain
K370S,K,370,S,0.4146376683819992,Uncertain
K370T,K,370,T,0.4301473805538878,Uncertain
K370V,K,370,V,0.4397911100382608,Uncertain
K370W,K,370,W,0.8143701820787775,Pathogenic
K370Y,K,370,Y,0.7845339599684503,Pathogenic
S371A,S,371,A,0.31328544755327503,Benign
S371C,S,371,C,0.4553801693134089,Uncertain
S371D,S,371,D,0.3877201585009057,Uncertain
S371E,S,371,E,0.29897912032001617,Benign
S371F,S,371,F,0.5381839975579132,Uncertain
S371G,S,371,G,0.4423651614701768,Uncertain
S371H,S,371,H,0.6355078431364425,Uncertain
S371I,S,371,I,0.5482521159798972,Uncertain
S371K,S,371,K,0.2458438082573163,Benign
S371L,S,371,L,0.5235667145444255,Uncertain
S371M,S,371,M,0.531850154143191,Uncertain
S371N,S,371,N,0.3484605702731225,Benign
S371P,S,371,P,0.3086251619845581,Benign
S371Q,S,371,Q,0.2929902094868051,Benign
S371R,S,371,R,0.3449792791764996,Benign
S371T,S,371,T,0.19236779513827265,Benign
S371V,S,371,V,0.3879605956605213,Uncertain
S371W,S,371,W,0.7042503216583943,Pathogenic
S371Y,S,371,Y,0.6954203694701138,Pathogenic
K372A,K,372,A,0.3971226145050447,Uncertain
K372C,K,372,C,0.8334495954405424,Pathogenic
K372D,K,372,D,0.5182372190203721,Uncertain
K372E,K,372,E,0.6857343689074165,Pathogenic
K372F,K,372,F,0.8357041385892503,Pathogenic
K372G,K,372,G,0.5894527617224844,Uncertain
K372H,K,372,H,0.4605087717881256,Uncertain
K372I,K,372,I,0.7954485961682288,Pathogenic
K372L,K,372,L,0.5613226626671584,Uncertain
K372M,K,372,M,0.6863119473947823,Pathogenic
K372N,K,372,N,0.5826927733246083,Uncertain
K372P,K,372,P,0.4922206193017046,Uncertain
K372Q,K,372,Q,0.3667478370496571,Uncertain
K372R,K,372,R,0.1511424261863812,Benign
K372S,K,372,S,0.38976717189292,Uncertain
K372T,K,372,T,0.6194394549110229,Uncertain
K372V,K,372,V,0.4644063067250195,Uncertain
K372W,K,372,W,0.8019882554602042,Pathogenic
K372Y,K,372,Y,0.816375522045753,Pathogenic
K373A,K,373,A,0.5854411114132285,Uncertain
K373C,K,373,C,0.7160673970113753,Pathogenic
K373D,K,373,D,0.502228206014803,Uncertain
K373E,K,373,E,0.31970405131379903,Benign
K373F,K,373,F,0.8604305736356175,Pathogenic
K373G,K,373,G,0.5846592993080877,Uncertain
K373H,K,373,H,0.7375460714638853,Pathogenic
K373I,K,373,I,0.6929991467434607,Pathogenic
K373L,K,373,L,0.5601217908234667,Uncertain
K373M,K,373,M,0.8595200224061387,Pathogenic
K373N,K,373,N,0.7778852121612979,Pathogenic
K373P,K,373,P,0.5157881885220191,Uncertain
K373Q,K,373,Q,0.4387663556151701,Uncertain
K373R,K,373,R,0.3001398206825917,Benign
K373S,K,373,S,0.4963437051713626,Uncertain
K373T,K,373,T,0.5563726578117396,Uncertain
K373V,K,373,V,0.5482375944433748,Uncertain
K373W,K,373,W,0.6371262740485112,Uncertain
K373Y,K,373,Y,0.8417454422958881,Pathogenic
G374A,G,374,A,0.18541411358536405,Benign
G374C,G,374,C,0.5273088263440049,Uncertain
G374D,G,374,D,0.19734963163344407,Benign
G374E,G,374,E,0.2706699764547077,Benign
G374F,G,374,F,0.4267702750283465,Uncertain
G374H,G,374,H,0.3287271937495653,Benign
G374I,G,374,I,0.5738367187859613,Uncertain
G374K,G,374,K,0.35517258404064045,Benign
G374L,G,374,L,0.3280404851441089,Benign
G374M,G,374,M,0.7202915731939897,Pathogenic
G374N,G,374,N,0.34734340248369233,Benign
G374P,G,374,P,0.42385020834700976,Uncertain
G374Q,G,374,Q,0.5840494366138378,Uncertain
G374R,G,374,R,0.22232554811391828,Benign
G374S,G,374,S,0.23651651415039635,Benign
G374T,G,374,T,0.27130228586500804,Benign
G374V,G,374,V,0.29851196123712864,Benign
G374W,G,374,W,0.6571753599586592,Pathogenic
G374Y,G,374,Y,0.7184853304707463,Pathogenic
