key,wt,pos,alt,revel,primateai,bayesdel_addaf,cadd_phred,n_snv
M1I,M,1,I,0.674,,0.625005,23.1,3
M1K,M,1,K,0.752,,0.625005,24.6,1
M1L,M,1,L,0.68,,0.428572,20.3,2
M1R,M,1,R,0.738,,0.625005,25.3,1
M1T,M,1,T,0.727,,0.625005,23.7,1
M1V,M,1,V,0.646,,0.393245,21.7,1
E2A,E,2,A,0.523,,0.234094,24.3,1
E2D,E,2,D,0.582,,0.219774,21.7,2
E2G,E,2,G,0.481,,0.233599,27.3,1
E2K,E,2,K,0.547,,0.142469,23.9,1
E2Q,E,2,Q,0.558,,0.225238,22.3,1
E2V,E,2,V,0.485,,0.248448,25.1,1
E3A,E,3,A,0.45,,0.226752,23.1,1
E3D,E,3,D,0.542,,0.178656,0.889,2
E3G,E,3,G,0.466,,0.224832,24.5,1
E3K,E,3,K,0.575,,0.301773,23.4,1
E3Q,E,3,Q,0.471,,0.237098,23.0,1
E3V,E,3,V,0.512,,0.241098,23.7,1
P4A,P,4,A,0.468,,0.151531,0.607,1
P4L,P,4,L,0.533,,0.209328,9.806,1
P4Q,P,4,Q,0.582,,0.209558,8.558,1
P4R,P,4,R,0.533,,0.211059,14.21,1
P4S,P,4,S,0.505,,0.150081,0.472,1
P4T,P,4,T,0.484,,0.162455,0.424,1
Q5E,Q,5,E,0.405,,0.212744,9.539,1
Q5H,Q,5,H,0.489,,0.191668,5.385,2
Q5K,Q,5,K,0.444,,0.218905,12.59,1
Q5L,Q,5,L,0.55,,0.197777,8.554,1
Q5P,Q,5,P,0.579,,0.19609,6.958,1
Q5R,Q,5,R,0.557,,0.152343,7.118,1
S6A,S,6,A,0.497,,0.174952,4.554,1
S6L,S,6,L,0.592,,0.212867,10.11,1
S6P,S,6,P,0.593,,0.240839,15.03,1
S6T,S,6,T,0.571,,0.191765,4.172,1
D7A,D,7,A,0.429,,0.221278,23.5,1
D7E,D,7,E,0.515,,0.154888,0.053,2
D7G,D,7,G,0.517,,0.23708,23.9,1
D7H,D,7,H,0.466,,0.177969,23.1,1
D7N,D,7,N,0.4,,0.179052,23.3,1
D7V,D,7,V,0.563,,0.282853,23.2,1
D7Y,D,7,Y,0.494,,0.28893,23.3,1
P8A,P,8,A,0.508,,0.143857,3.747,1
P8H,P,8,H,0.415,,0.157956,15.95,1
P8L,P,8,L,0.514,,0.137847,4.935,1
P8R,P,8,R,0.467,,0.156106,9.857,1
P8S,P,8,S,0.504,,0.154259,6.783,1
P8T,P,8,T,0.537,,0.15347,4.824,1
S9C,S,9,C,0.478,,0.159761,14.8,1
S9G,S,9,G,0.489,,0.139894,0.576,1
S9I,S,9,I,0.615,,0.165507,5.934,1
S9N,S,9,N,0.367,,0.113638,0.09,1
S9R,S,9,R,0.572,,0.177267,17.83,3
S9T,S,9,T,0.519,,0.124836,0.052,1
V10A,V,10,A,0.491,,0.182706,16.35,1
V10D,V,10,D,0.603,,0.222193,17.7,1
V10F,V,10,F,0.527,,0.141033,1.646,1
V10G,V,10,G,0.559,,0.217032,13.47,1
V10I,V,10,I,0.474,,-0.0584904,0.08,1
V10L,V,10,L,0.513,,0.12421,0.069,1
E11A,E,11,A,0.501,,0.216366,23.1,1
E11D,E,11,D,0.575,,0.173385,2.125,2
E11G,E,11,G,0.499,,0.214862,23.5,1
E11K,E,11,K,0.525,,0.228619,23.5,1
E11Q,E,11,Q,0.449,,-0.0299991,23.2,1
E11V,E,11,V,0.508,,0.233773,23.5,1
P12A,P,12,A,0.522,,0.181161,13.35,1
P12H,P,12,H,0.53,,0.180396,22.2,1
P12L,P,12,L,0.609,,0.162286,11.12,1
P12R,P,12,R,0.565,,0.126544,18.53,1
P12S,P,12,S,0.529,,0.18393,17.37,1
P12T,P,12,T,0.566,,0.196449,16.8,1
P13A,P,13,A,0.641,,0.244862,23.4,1
P13H,P,13,H,0.716,,0.259838,24.9,1
P13L,P,13,L,0.769,,0.267651,25.1,1
P13R,P,13,R,0.726,,0.291022,24.9,1
P13S,P,13,S,0.723,,0.193673,23.7,1
P13T,P,13,T,0.694,,0.25912,23.6,1
L14M,L,14,M,0.548,,0.226262,23.3,1
L14P,L,14,P,0.789,,0.321383,25.6,1
L14Q,L,14,Q,0.732,,0.299278,25.3,1
L14R,L,14,R,0.772,,0.346171,25.4,1
L14V,L,14,V,0.668,,0.27687,23.4,1
S15C,S,15,C,0.849,,0.301713,25.3,1
S15G,S,15,G,0.795,,0.267722,25.4,1
S15I,S,15,I,0.846,,0.374414,24.6,1
S15N,S,15,N,0.709,,0.23087,24.1,1
S15R,S,15,R,0.846,,0.338514,25.1,3
S15T,S,15,T,0.754,,0.255074,23.7,1
Q16E,Q,16,E,0.715,,0.252459,24.7,1
Q16H,Q,16,H,0.666,,0.223763,22.7,2
Q16K,Q,16,K,0.737,,0.265006,28.9,1
Q16L,Q,16,L,0.835,,0.25234,25.9,1
Q16P,Q,16,P,0.837,,0.311032,25.5,1
Q16R,Q,16,R,0.778,,0.254403,25.2,1
E17A,E,17,A,0.78,,0.22328,24.5,1
E17D,E,17,D,0.663,,0.206938,16.53,2
E17G,E,17,G,0.734,,0.226234,22.6,1
E17K,E,17,K,0.768,,0.271243,24.5,1
E17Q,E,17,Q,0.702,,0.222995,20.4,1
E17V,E,17,V,0.808,,0.251236,33.0,1
T18A,T,18,A,0.797,,0.256485,24.5,1
T18I,T,18,I,0.77,,0.316584,25.7,1
T18K,T,18,K,0.797,,0.307429,25.7,1
T18P,T,18,P,0.854,,0.313223,25.0,1
T18R,T,18,R,0.799,,0.320161,25.4,1
T18S,T,18,S,0.717,,0.223952,18.86,1
F19C,F,19,C,0.922,,0.46382,29.6,1
F19I,F,19,I,0.86,,0.273838,27.5,1
F19L,F,19,L,0.848,,0.259947,26.9,3
F19S,F,19,S,0.905,,0.385241,31.0,1
F19V,F,19,V,0.888,,0.353188,27.4,1
F19Y,F,19,Y,0.827,,0.288572,27.7,1
S20A,S,20,A,0.621,,0.210918,21.5,1
S20L,S,20,L,0.663,,0.285012,25.9,1
S20P,S,20,P,0.749,,0.308171,22.7,1
S20T,S,20,T,0.676,,0.224662,23.3,1
D21A,D,21,A,0.765,,0.282491,23.8,1
D21E,D,21,E,0.563,,0.176238,13.85,2
D21G,D,21,G,0.725,,0.285188,22.6,1
D21H,D,21,H,0.655,,0.273935,24.5,1
D21N,D,21,N,0.57,,0.167415,23.7,1
D21V,D,21,V,0.845,,0.339501,25.6,1
D21Y,D,21,Y,0.737,,0.319084,22.1,1
L22I,L,22,I,0.625,,0.199506,18.8,1
L22P,L,22,P,0.86,,0.375145,25.5,1
L22Q,L,22,Q,0.82,,0.322782,25.9,1
L22R,L,22,R,0.822,,0.332483,26.0,1
L22V,L,22,V,0.701,,0.24056,21.3,1
W23C,W,23,C,0.898,,0.425393,31.0,2
W23G,W,23,G,0.903,,0.50044,24.1,1
W23L,W,23,L,0.858,,0.359349,25.0,1
W23R,W,23,R,0.924,,0.485895,28.3,2
W23S,W,23,S,0.938,,0.506048,28.7,1
K24E,K,24,E,0.655,,0.272363,19.94,1
K24I,K,24,I,0.665,,0.222496,23.2,1
K24N,K,24,N,0.46,,0.128126,4.774,2
K24Q,K,24,Q,0.677,,0.213471,22.0,1
K24R,K,24,R,0.614,,0.183372,18.16,1
K24T,K,24,T,0.686,,0.226656,20.5,1
L25I,L,25,I,0.578,,0.226722,24.1,1
L25P,L,25,P,0.732,,0.472295,23.6,1
L25Q,L,25,Q,0.702,,0.349541,25.1,1
L25R,L,25,R,0.733,,0.399639,22.8,1
L25V,L,25,V,0.64,,0.274726,23.9,1
L26F,L,26,F,0.634,,0.217557,29.1,1
L26H,L,26,H,0.77,,0.341383,27.0,1
L26I,L,26,I,0.608,,0.209924,26.2,1
L26P,L,26,P,0.775,,0.377821,27.6,1
L26R,L,26,R,0.761,,0.38319,27.1,1
L26V,L,26,V,0.588,,0.221748,23.4,1
P27A,P,27,A,0.617,,0.210109,22.9,1
P27H,P,27,H,0.676,,0.23474,23.3,1
P27L,P,27,L,0.639,,0.236319,23.1,1
P27R,P,27,R,0.673,,0.246518,25.0,1
P27S,P,27,S,0.623,,0.222009,23.5,1
P27T,P,27,T,0.591,,0.22978,25.6,1
E28A,E,28,A,0.44,,0.14077,15.21,1
E28D,E,28,D,0.43,,0.131383,15.71,2
E28G,E,28,G,0.459,,0.136861,16.74,1
E28K,E,28,K,0.582,,0.199573,18.58,1
E28Q,E,28,Q,0.417,,0.11505,13.74,1
E28V,E,28,V,0.529,,0.164836,22.7,1
N29D,N,29,D,0.27,,0.0691655,10.73,1
N29H,N,29,H,0.477,,0.115782,20.3,1
N29I,N,29,I,0.528,,0.205051,18.59,1
N29K,N,29,K,0.328,,0.0874998,8.801,2
N29S,N,29,S,0.336,,0.101532,13.83,1
N29T,N,29,T,0.401,,0.146381,17.7,1
N29Y,N,29,Y,0.527,,0.169053,15.07,1
N30D,N,30,D,0.328,,0.0705996,7.552,1
N30H,N,30,H,0.442,,0.125652,13.77,1
N30I,N,30,I,0.502,,0.186565,15.17,1
N30K,N,30,K,0.454,,0.106678,2.156,2
N30S,N,30,S,0.381,,0.103568,12.63,1
N30T,N,30,T,0.41,,0.15337,13.89,1
N30Y,N,30,Y,0.491,,0.156191,18.39,1
V31A,V,31,A,0.514,,0.193082,14.72,1
V31D,V,31,D,0.599,,0.312418,15.83,1
V31F,V,31,F,0.598,,0.185821,12.8,1
V31G,V,31,G,0.599,,0.278833,18.97,1
V31I,V,31,I,0.569,,-0.167766,8.106,1
V31L,V,31,L,0.492,,0.110302,4.001,1
L32M,L,32,M,0.35,,0.209623,23.5,1
L32P,L,32,P,0.514,,0.426061,25.1,1
L32Q,L,32,Q,0.519,,0.350748,22.8,1
L32R,L,32,R,0.526,,0.366353,24.2,1
L32V,L,32,V,0.401,,0.213107,19.75,1
S33A,S,33,A,0.469,,0.148603,7.287,1
S33C,S,33,C,0.521,,0.187721,19.87,1
S33F,S,33,F,0.608,,0.20622,11.01,1
S33P,S,33,P,0.583,,0.160279,9.654,1
S33T,S,33,T,0.48,,0.143096,5.548,1
S33Y,S,33,Y,0.554,,0.205346,10.71,1
P34A,P,34,A,0.432,,0.0981066,0.003,1
P34H,P,34,H,0.46,,0.166686,12.94,1
P34L,P,34,L,0.446,,0.162722,7.258,1
P34R,P,34,R,0.458,,0.162015,7.041,1
P34S,P,34,S,0.478,,0.0859982,0.004,1
P34T,P,34,T,0.435,,0.0924475,0.003,1
L35F,L,35,F,0.486,,0.110903,0.056,2
L35M,L,35,M,0.451,,0.11765,5.719,1
L35S,L,35,S,0.585,,0.11595,3.326,1
L35V,L,35,V,0.57,,0.116178,1.817,1
L35W,L,35,W,0.465,,0.139334,6.92,1
P36A,P,36,A,0.382,,0.0876551,0.024,1
P36L,P,36,L,0.542,,0.0947846,1.176,1
P36Q,P,36,Q,0.434,,0.116785,0.886,1
P36R,P,36,R,0.514,,0.134673,0.517,1
P36S,P,36,S,0.462,,0.0984298,0.105,1
P36T,P,36,T,0.389,,0.101045,0.084,1
S37A,S,37,A,0.401,,0.120948,4.221,1
S37C,S,37,C,0.53,,0.161741,18.65,1
S37F,S,37,F,0.544,,0.186362,15.65,1
S37P,S,37,P,0.574,,0.144948,8.579,1
S37T,S,37,T,0.439,,0.109713,2.094,1
S37Y,S,37,Y,0.469,,0.182386,18.25,1
Q38E,Q,38,E,0.482,,0.0950644,0.004,1
Q38H,Q,38,H,0.521,,0.105167,0.025,2
Q38K,Q,38,K,0.473,,0.112554,0.02,1
Q38L,Q,38,L,0.53,,0.128065,7.127,1
Q38P,Q,38,P,0.577,,0.114338,5.299,1
Q38R,Q,38,R,0.422,,0.107012,1.106,1
A39E,A,39,E,0.55,,0.158156,0.843,1
A39G,A,39,G,0.409,,0.122601,5.087,1
A39P,A,39,P,0.504,,0.0938788,0.158,1
A39S,A,39,S,0.432,,0.0946613,0.016,1
A39T,A,39,T,0.436,,0.0974258,0.078,1
A39V,A,39,V,0.454,,0.14992,5.328,1
M40I,M,40,I,0.426,,0.134812,7.148,3
M40K,M,40,K,0.61,,0.244784,8.559,1
M40L,M,40,L,0.46,,0.0954118,0.004,2
M40R,M,40,R,0.591,,0.211081,9.516,1
M40T,M,40,T,0.535,,0.155957,4.914,1
M40V,M,40,V,0.462,,0.0792892,0.003,1
D41A,D,41,A,0.51,0.38007158041,0.209832,16.27,1
D41E,D,41,E,0.433,0.384788423777,0.0930434,0.02,2
D41G,D,41,G,0.556,0.381757974625,0.20395,16.98,1
D41H,D,41,H,0.497,0.410583794117,0.19103,19.45,1
D41N,D,41,N,0.323,0.400933146477,0.0840399,9.448,1
D41V,D,41,V,0.569,0.37618920207,0.286263,19.81,1
D41Y,D,41,Y,0.578,0.413595348597,0.245111,20.9,1
D42A,D,42,A,0.344,0.323844075203,0.120632,14.07,1
D42E,D,42,E,0.238,0.320293039083,0.0173774,0.023,2
D42G,D,42,G,0.292,0.318193286657,0.117601,14.16,1
D42H,D,42,H,0.327,0.335115373135,0.115083,14.39,1
D42N,D,42,N,0.189,0.333140075207,0.00679842,10.24,1
D42V,D,42,V,0.497,0.313067317009,0.180684,21.5,1
D42Y,D,42,Y,0.422,0.343390285969,0.164582,15.92,1
L43F,L,43,F,0.341,0.374534547329,0.149354,13.27,2
L43M,L,43,M,0.409,0.369462758303,0.134193,8.976,1
L43S,L,43,S,0.506,0.390234440565,0.2856,17.48,1
L43V,L,43,V,0.425,0.353396356106,0.146042,7.701,1
L43W,L,43,W,0.421,0.422204256058,0.237381,23.3,1
M44I,M,44,I,0.272,0.331645727158,0.0353296,0.15,3
M44K,M,44,K,0.515,0.349512934685,0.166431,7.497,1
M44L,M,44,L,0.334,0.318864703178,0.0121206,0.106,2
M44R,M,44,R,0.474,0.341795265675,0.162618,7.503,1
M44T,M,44,T,0.278,0.367266595364,0.0979534,4.756,1
M44V,M,44,V,0.296,0.303774237633,0.0445559,0.531,1
L45M,L,45,M,0.323,0.325219064951,0.103066,14.08,1
L45P,L,45,P,0.362,0.377012550831,0.151454,15.26,1
L45Q,L,45,Q,0.409,0.340327143669,0.158413,14.76,1
L45R,L,45,R,0.408,0.359877616167,0.171406,19.05,1
L45V,L,45,V,0.354,0.315199792385,0.0714879,6.684,1
S46A,S,46,A,0.265,0.3491717875,0.0592903,1.757,1
S46C,S,46,C,0.342,0.359444618225,0.126095,17.97,1
S46F,S,46,F,0.349,0.366703152657,0.14756,14.57,1
S46P,S,46,P,0.341,0.362140238285,0.102956,5.607,1
S46T,S,46,T,0.289,0.358299762011,0.0666809,1.366,1
S46Y,S,46,Y,0.318,0.380532205105,0.135371,13.46,1
P47A,P,47,A,0.296,0.279338300228,0.0432415,0.002,1
P47L,P,47,L,0.345,0.296413779259,0.112309,3.277,1
P47Q,P,47,Q,0.33,0.276824116707,0.119796,4.18,1
P47R,P,47,R,0.353,0.296761184931,0.134801,3.343,1
P47S,P,47,S,0.32,0.270858407021,-0.317065,0.004,1
P47T,P,47,T,0.302,0.275242805481,0.0379423,0.002,1
D48A,D,48,A,0.273,0.309273719788,0.099831,5.198,1
D48E,D,48,E,0.364,0.309998035431,0.00959911,0.001,2
D48G,D,48,G,0.264,0.308234632015,0.105694,7.509,1
D48H,D,48,H,0.357,0.321904778481,0.128068,6.485,1
D48N,D,48,N,0.206,0.321624726057,0.0153634,5.178,1
D48V,D,48,V,0.408,0.304393231869,0.148632,7.586,1
D48Y,D,48,Y,0.391,0.325324863195,0.145702,11.9,1
D49A,D,49,A,0.377,0.345511496067,0.138006,6.07,1
D49E,D,49,E,0.279,0.352206647396,0.0271635,0.007,2
D49G,D,49,G,0.309,0.346629500389,0.107816,6.297,1
D49H,D,49,H,0.315,0.368921726942,-0.0129528,16.71,1
D49N,D,49,N,0.235,0.362335264683,-0.153139,5.133,1
D49V,D,49,V,0.465,0.338268220425,0.158718,12.04,1
D49Y,D,49,Y,0.396,0.3654255867,0.168578,17.27,1
I50F,I,50,F,0.433,0.331599652767,0.0926717,0.088,1
I50L,I,50,L,0.406,0.322922348976,0.0387763,0.013,1
I50M,I,50,M,0.282,0.322559803724,0.0549706,2.379,1
I50N,I,50,N,0.289,0.35126966238,0.13953,9.002,1
I50S,I,50,S,0.436,0.332520216703,0.174792,9.592,1
I50T,I,50,T,0.352,0.363153636456,0.119964,5.726,1
I50V,I,50,V,0.319,0.304294526577,-0.0310746,0.003,1
E51A,E,51,A,0.382,0.325103282928,0.0106719,0.001,1
E51D,E,51,D,0.284,0.34299570322,0.00734282,0.016,2
E51G,E,51,G,0.363,0.316298782825,0.0555199,0.006,1
E51K,E,51,K,0.471,0.340375334024,0.128771,0.383,1
E51Q,E,51,Q,0.281,0.312751054764,0.0490942,0.16,1
E51V,E,51,V,0.461,0.323431134224,0.0761014,0.005,1
Q52E,Q,52,E,0.266,0.317979633808,0.00337535,0.039,1
Q52H,Q,52,H,0.296,0.323672711849,0.0600986,5.168,2
Q52K,Q,52,K,0.232,0.338807672262,0.0112254,0.099,1
Q52L,Q,52,L,0.351,0.317096799612,0.10873,5.039,1
Q52P,Q,52,P,0.452,0.326299369335,0.132428,4.259,1
Q52R,Q,52,R,0.249,0.326124310493,0.0321724,2.148,1
W53C,W,53,C,0.367,0.520574450493,0.160174,10.29,2
W53G,W,53,G,0.442,0.500019848347,0.180949,15.4,1
W53L,W,53,L,0.343,0.527817964554,0.127179,6.902,1
W53R,W,53,R,0.385,0.550237298012,0.181609,16.59,2
W53S,W,53,S,0.331,0.517376899719,0.162016,10.82,1
F54C,F,54,C,0.374,0.47577393055,0.155205,19.71,1
F54I,F,54,I,0.311,0.468911975622,0.0659311,3.899,1
F54L,F,54,L,0.387,0.448820024729,0.026995,0.251,3
F54S,F,54,S,0.372,0.466052919626,0.148869,20.3,1
F54V,F,54,V,0.342,0.424754321575,0.0615209,2.61,1
F54Y,F,54,Y,0.374,0.486386179924,0.111235,15.59,1
T55A,T,55,A,0.348,0.307016670704,0.0272721,2.847,1
T55I,T,55,I,0.301,0.351981639862,0.0381852,0.013,1
T55N,T,55,N,0.309,0.33473944664,-0.0108829,0.001,1
T55P,T,55,P,0.376,0.320540159941,0.110122,6.556,1
T55S,T,55,S,0.344,0.312863230705,0.00285044,2.204,2
E56A,E,56,A,0.258,0.430862784386,0.141568,12.67,1
E56D,E,56,D,0.23,0.431261569262,0.0811125,7.723,2
E56G,E,56,G,0.292,0.415063738823,0.102689,13.08,1
E56K,E,56,K,0.478,0.468860626221,0.159374,8.203,1
E56Q,E,56,Q,0.266,0.421010315418,0.0509885,5.547,1
E56V,E,56,V,0.321,0.416429758072,0.165327,15.03,1
D57A,D,57,A,0.379,0.338857471943,0.129817,0.162,1
D57E,D,57,E,0.259,0.344518691301,0.0984711,0.104,2
D57G,D,57,G,0.382,0.339363157749,0.0715916,0.227,1
D57H,D,57,H,0.43,0.35485753417,0.147257,5.501,1
D57N,D,57,N,0.219,0.355162858963,0.0478578,3.297,1
D57V,D,57,V,0.473,0.327880501747,0.177802,0.302,1
D57Y,D,57,Y,0.484,0.356426388025,0.173074,11.86,1
P58A,P,58,A,0.319,0.344563901424,0.108321,0.162,1
P58L,P,58,L,0.341,0.359501302242,0.127496,4.598,1
P58Q,P,58,Q,0.308,0.337426453829,0.104629,1.339,1
P58R,P,58,R,0.314,0.358445972204,-0.172641,1.857,1
P58S,P,58,S,0.337,0.33938524127,0.0815914,0.512,1
P58T,P,58,T,0.302,0.358518242836,0.0935906,0.775,1
G59A,G,59,A,0.317,0.373752951622,0.0719746,0.2,1
G59C,G,59,C,0.391,0.381363809109,0.150317,6.74,1
G59D,G,59,D,0.358,0.39576625824,0.117805,0.459,1
G59R,G,59,R,0.343,0.388407826424,0.152228,4.646,1
G59S,G,59,S,0.363,0.361930966377,0.130783,1.843,1
G59V,G,59,V,0.412,0.367506951094,0.109226,0.275,1
P60A,P,60,A,0.294,0.340622425079,0.0829671,2.335,1
P60L,P,60,L,0.313,0.361927002668,0.111845,9.38,1
P60Q,P,60,Q,0.308,0.340444087982,0.112693,8.69,1
P60R,P,60,R,0.362,0.358974575996,0.156881,8.304,1
P60S,P,60,S,0.257,0.333247840405,0.0504128,2.343,1
P60T,P,60,T,0.318,0.345113515854,0.0954048,8.118,1
D61A,D,61,A,0.355,0.37077921629,0.106007,6.753,1
D61E,D,61,E,0.266,0.371568858624,0.0386426,0.193,2
D61G,D,61,G,0.364,0.366344064474,0.0477498,15.35,1
D61H,D,61,H,0.315,0.38729840517,0.0887898,1.313,1
D61N,D,61,N,0.202,0.383820652962,-0.0112338,0.363,1
D61V,D,61,V,0.446,0.363392472267,0.148783,10.56,1
D61Y,D,61,Y,0.385,0.390360027552,0.134195,9.334,1
E62A,E,62,A,0.337,0.428851425648,0.141223,7.789,1
E62D,E,62,D,0.329,0.426251858473,0.0417364,0.855,2
E62G,E,62,G,0.29,0.411617994308,0.0891915,9.685,1
E62K,E,62,K,0.385,0.458771497011,0.163528,15.56,1
E62Q,E,62,Q,0.374,0.414690971375,0.103357,13.68,1
E62V,E,62,V,0.432,0.417144268751,0.161305,11.69,1
A63D,A,63,D,0.307,0.400714844465,0.104633,4.015,1
A63G,A,63,G,0.231,0.367280960083,0.0569777,6.915,1
A63P,A,63,P,0.379,0.389872997999,0.118321,5.748,1
A63S,A,63,S,0.265,0.361667215824,0.0889841,1.246,1
A63T,A,63,T,0.265,0.373186886311,0.0602086,3.319,1
A63V,A,63,V,0.282,0.37927827239,-0.0872605,4.917,1
P64A,P,64,A,0.272,0.327992200851,0.0590133,0.151,1
P64H,P,64,H,0.385,0.334480702877,0.0797104,3.972,1
P64L,P,64,L,0.293,0.335786551237,0.0488715,3.006,1
P64R,P,64,R,0.277,0.336620390415,0.0733578,1.197,1
P64S,P,64,S,0.239,0.320557415485,0.0246956,0.39,1
P64T,P,64,T,0.237,0.327466785908,0.052149,0.486,1
R65G,R,65,G,0.326,0.307911217213,0.079118,8.03,1
R65I,R,65,I,0.28,0.318522036076,0.0845355,1.985,1
R65K,R,65,K,0.263,0.321893185377,0.0300359,0.075,1
R65S,R,65,S,0.328,0.304638266563,0.0619191,2.603,2
R65T,R,65,T,0.311,0.312944591045,0.0418158,0.195,1
M66I,M,66,I,0.277,0.450392603874,0.0603868,0.186,3
M66K,M,66,K,0.345,0.473601996899,0.113968,4.473,1
M66L,M,66,L,0.266,0.445557832718,0.0441876,0.005,2
M66R,M,66,R,0.338,0.464772880077,0.102275,5.069,1
M66T,M,66,T,0.327,0.487981438637,0.0729729,1.877,1
M66V,M,66,V,0.251,0.426478385925,-0.0217306,0.012,1
P67A,P,67,A,0.244,0.412636607885,-0.0252268,0.003,1
P67L,P,67,L,0.322,0.424533069134,0.0366669,4.158,1
P67Q,P,67,Q,0.272,0.41349324584,0.0494054,3.575,1
P67R,P,67,R,0.301,0.425075978041,0.0843914,4.018,1
P67S,P,67,S,0.22,0.410112679005,-0.0464293,0.021,1
P67T,P,67,T,0.231,0.417882204056,0.0136383,0.016,1
E68A,E,68,A,0.398,0.432192265987,-0.00284284,0.186,1
E68D,E,68,D,0.222,0.443565160036,0.0181147,0.165,2
E68G,E,68,G,0.281,0.420780003071,-0.0172515,3.19,1
E68K,E,68,K,0.361,0.455426573753,0.1056,4.736,1
E68Q,E,68,Q,0.221,0.422087490559,0.0368834,3.281,1
E68V,E,68,V,0.265,0.428394973278,0.0390805,1.578,1
A69D,A,69,D,0.348,0.391150683165,0.0961685,1.939,1
A69G,A,69,G,0.26,0.36733430624,0.0533047,4.336,1
A69P,A,69,P,0.261,0.379268884659,0.0478202,3.598,1
A69S,A,69,S,0.206,0.361593663692,0.0270298,0.443,1
A69T,A,69,T,0.231,0.368355244398,0.0345895,0.993,1
A69V,A,69,V,0.314,0.377056211233,0.0666809,7.797,1
A70D,A,70,D,0.421,0.402300477028,0.0936275,6.693,1
A70G,A,70,G,0.354,0.383052647114,0.0675664,8.138,1
A70P,A,70,P,0.355,0.39089936018,0.0522291,0.238,1
A70S,A,70,S,0.27,0.379064977169,0.0124854,0.032,1
A70T,A,70,T,0.291,0.390374839306,0.0237815,0.139,1
A70V,A,70,V,0.375,0.390697956085,0.0932961,9.067,1
P71A,P,71,A,0.367,0.384284317493,0.00854163,0.001,1
P71H,P,71,H,0.301,0.392333269119,0.0564096,4.791,1
P71L,P,71,L,0.286,0.39423379302,0.0629153,4.695,1
P71R,P,71,R,0.297,0.389554858208,0.0821644,4.585,1
P71S,P,71,S,0.294,0.377965867519,0.013435,0.008,1
P71T,P,71,T,0.236,0.388978421688,0.026003,0.012,1
P72A,P,72,A,0.319,0.386878281832,-0.168518,0.034,1
P72H,P,72,H,0.352,0.397177040577,0.0947484,7.246,1
P72L,P,72,L,0.341,0.404493570328,0.0866825,6.066,1
P72R,P,72,R,0.368,0.400481164455,-0.333827,5.089,1
P72S,P,72,S,0.314,0.380098283291,-0.050683,0.133,1
P72T,P,72,T,0.273,0.393819868565,0.044079,0.147,1
V73A,V,73,A,0.288,0.458244532347,0.00432214,0.795,1
V73E,V,73,E,0.387,0.45461666584,0.0731573,2.346,1
V73G,V,73,G,0.345,0.444834262133,0.0772292,4.547,1
V73L,V,73,L,0.283,0.454844892025,-0.00366153,0.001,2
V73M,V,73,M,0.37,0.454180806875,-0.0686972,0.004,1
A74D,A,74,D,0.232,0.431511521339,0.0277455,0.368,1
A74G,A,74,G,0.183,0.407768458128,0.00546317,0.54,1
A74P,A,74,P,0.298,0.419212222099,0.0820885,3.763,1
A74S,A,74,S,0.242,0.404123455286,0.0505785,0.401,1
A74T,A,74,T,0.244,0.41715157032,0.0406288,1.404,1
A74V,A,74,V,0.234,0.416053295135,0.0168664,0.799,1
P75A,P,75,A,0.342,0.442200362682,0.0841262,0.159,1
P75H,P,75,H,0.44,0.455923378468,0.117334,10.31,1
P75L,P,75,L,0.388,0.461765706539,0.0983777,9.057,1
P75R,P,75,R,0.362,0.456062197685,0.102999,7.123,1
P75S,P,75,S,0.349,0.437393844128,0.0624677,0.272,1
P75T,P,75,T,0.315,0.448306560516,0.0708363,0.407,1
A76E,A,76,E,0.297,0.420445024967,0.0794215,0.491,1
A76G,A,76,G,0.197,0.400943160057,0.0289457,2.28,1
A76P,A,76,P,0.394,0.411470651627,0.0873571,1.891,1
A76S,A,76,S,0.366,0.394426643848,0.0270298,0.19,1
A76T,A,76,T,0.402,0.405355989933,0.0466207,0.647,1
A76V,A,76,V,0.277,0.412403404713,0.0660564,3.66,1
P77A,P,77,A,0.31,0.438226938248,0.0942234,0.13,1
P77L,P,77,L,0.257,0.46082046628,0.0915341,13.74,1
P77Q,P,77,Q,0.287,0.4385381639,0.0874629,6.937,1
P77R,P,77,R,0.273,0.456533789635,0.0973057,6.988,1
P77S,P,77,S,0.288,0.429108023643,0.0333002,0.216,1
P77T,P,77,T,0.305,0.439190089703,0.0454136,0.254,1
A78E,A,78,E,0.259,0.475633740425,0.0781113,0.778,1
A78G,A,78,G,0.219,0.453539788723,-0.0132174,3.3,1
A78P,A,78,P,0.348,0.473626375198,0.11844,3.661,1
A78S,A,78,S,0.269,0.445746719837,0.0517849,0.745,1
A78T,A,78,T,0.322,0.45559245348,0.0822222,2.021,1
A78V,A,78,V,0.266,0.47045019269,0.095716,5.225,1
A79D,A,79,D,0.504,0.512878060341,0.185978,10.06,1
A79G,A,79,G,0.358,0.476303339005,0.167127,15.66,1
A79P,A,79,P,0.395,0.49682033062,0.144259,15.0,1
A79S,A,79,S,0.356,0.468246102333,0.133702,4.742,1
A79T,A,79,T,0.359,0.476117014885,0.108774,6.545,1
A79V,A,79,V,0.399,0.493997573853,0.153694,11.44,1
P80A,P,80,A,0.427,0.497089982033,0.169273,6.408,1
P80H,P,80,H,0.447,0.512537717819,0.173638,6.868,1
P80L,P,80,L,0.419,0.517928600311,0.15093,6.649,1
P80R,P,80,R,0.426,0.514688551426,0.175837,12.82,1
P80S,P,80,S,0.493,0.494573771954,0.169276,7.328,1
P80T,P,80,T,0.42,0.508333444595,0.176596,7.906,1
T81A,T,81,A,0.355,0.513287425041,0.0124193,0.086,1
T81I,T,81,I,0.305,0.553681910038,0.122511,3.504,1
T81K,T,81,K,0.352,0.539029061794,0.124255,0.686,1
T81P,T,81,P,0.359,0.520055413246,0.0920027,0.831,1
T81R,T,81,R,0.387,0.52852845192,0.133131,1.679,1
T81S,T,81,S,0.356,0.512786209583,0.0928005,0.06,1
P82A,P,82,A,0.367,0.475758880377,0.155595,4.167,1
P82L,P,82,L,0.57,0.501593589783,0.0884623,3.546,1
P82Q,P,82,Q,0.465,0.474796056747,0.157037,2.93,1
P82R,P,82,R,0.549,0.495928317308,0.16912,4.681,1
P82S,P,82,S,0.449,0.468115210533,0.173869,6.443,1
P82T,P,82,T,0.402,0.482616782188,0.169551,6.317,1
A83E,A,83,E,0.4,0.533279895782,0.142408,0.073,1
A83G,A,83,G,0.361,0.50813549757,0.117614,0.852,1
A83P,A,83,P,0.38,0.532081544399,0.148548,10.43,1
A83S,A,83,S,0.299,0.503775477409,0.130127,5.181,1
A83T,A,83,T,0.356,0.513975977898,0.129924,8.352,1
A83V,A,83,V,0.377,0.525752305984,-0.150242,0.981,1
A84D,A,84,D,0.379,0.560443520546,0.247049,14.64,1
A84G,A,84,G,0.403,0.523469567299,0.217536,14.31,1
A84P,A,84,P,0.389,0.544677257538,0.161595,13.31,1
A84S,A,84,S,0.434,0.515108108521,0.145754,4.854,1
A84T,A,84,T,0.404,0.526287674904,-0.00651358,4.449,1
A84V,A,84,V,0.438,0.538605511189,0.181586,12.96,1
P85A,P,85,A,0.397,0.507161736488,0.150043,1.205,1
P85H,P,85,H,0.373,0.520514428616,0.211534,14.61,1
P85L,P,85,L,0.436,0.530516505241,0.193623,8.801,1
P85R,P,85,R,0.426,0.527200460434,0.200756,8.777,1
P85S,P,85,S,0.459,0.501267075539,0.146982,2.038,1
P85T,P,85,T,0.455,0.511399507523,0.174649,2.306,1
A86E,A,86,E,0.386,0.521144509315,0.171058,7.989,1
A86G,A,86,G,0.376,0.49263432622,0.137122,7.911,1
A86P,A,86,P,0.473,0.516237258911,0.136795,1.856,1
A86S,A,86,S,0.364,0.482527881861,0.102288,0.626,1
A86T,A,86,T,0.427,0.495532512665,0.0887286,0.878,1
A86V,A,86,V,0.389,0.51227247715,0.160035,10.92,1
P87A,P,87,A,0.361,0.595051050186,0.201909,16.32,1
P87L,P,87,L,0.442,0.63526237011,0.212986,19.95,1
P87Q,P,87,Q,0.356,0.599250912666,0.2234,23.8,1
P87R,P,87,R,0.385,0.628968000412,0.229752,23.6,1
P87S,P,87,S,0.457,0.589842319489,0.20253,16.4,1
P87T,P,87,T,0.435,0.608958482742,0.229917,16.94,1
A88D,A,88,D,0.577,0.630529284477,0.202498,12.83,1
A88G,A,88,G,0.513,0.57602763176,0.170298,13.4,1
A88P,A,88,P,0.554,0.611815392971,0.18393,12.65,1
A88S,A,88,S,0.473,0.567582011223,0.161788,10.48,1
A88T,A,88,T,0.515,0.582344591618,0.166569,12.97,1
A88V,A,88,V,0.51,0.596934914589,0.172541,12.44,1
P89A,P,89,A,0.412,0.526183485985,0.134635,1.609,1
P89H,P,89,H,0.419,0.54545545578,0.184052,17.49,1
P89L,P,89,L,0.362,0.547794222832,0.162822,14.07,1
P89R,P,89,R,0.503,0.553233802319,0.191234,13.15,1
P89S,P,89,S,0.485,0.520618498325,0.131792,1.718,1
P89T,P,89,T,0.432,0.538559794426,0.0876634,0.27,1
S90A,S,90,A,0.438,0.567279458046,0.126866,1.816,1
S90C,S,90,C,0.532,0.581951797009,0.186592,16.29,1
S90F,S,90,F,0.459,0.592620193958,0.197136,17.25,1
S90P,S,90,P,0.433,0.576794505119,0.109827,4.842,1
S90T,S,90,T,0.45,0.576968789101,0.131135,1.402,1
S90Y,S,90,Y,0.419,0.605998396873,0.198594,20.2,1
W91C,W,91,C,0.454,0.745772480965,0.28629,23.7,2
W91G,W,91,G,0.542,0.716922044754,0.272063,22.9,1
W91L,W,91,L,0.509,0.745660483837,0.212288,21.8,1
W91R,W,91,R,0.508,0.769102871418,0.265299,24.0,2
W91S,W,91,S,0.485,0.735040903091,0.200174,22.2,1
P92A,P,92,A,0.509,0.5896910429,0.217058,15.97,1
P92H,P,92,H,0.452,0.61276614666,0.249387,25.4,1
P92L,P,92,L,0.487,0.624085009098,0.232582,23.5,1
P92R,P,92,R,0.476,0.621706485748,0.238451,25.1,1
P92S,P,92,S,0.502,0.579150915146,0.216219,21.3,1
P92T,P,92,T,0.434,0.600190639496,0.168771,15.58,1
L93M,L,93,M,0.369,0.626529216766,0.189115,23.4,1
L93P,L,93,P,0.454,0.698310256004,0.19157,22.6,1
L93Q,L,93,Q,0.469,0.633623242378,0.242636,25.4,1
L93R,L,93,R,0.498,0.678489089012,0.246954,25.5,1
L93V,L,93,V,0.523,0.59930574894,0.198589,16.09,1
S94A,S,94,A,0.476,0.689896702766,0.204764,23.8,1
S94L,S,94,L,0.553,0.708570361137,0.270747,27.6,1
S94P,S,94,P,0.528,0.704907536507,0.236143,24.7,1
S94T,S,94,T,0.533,0.703926563263,0.196347,19.2,1
S95A,S,95,A,0.607,0.683700859547,0.221431,23.8,1
S95C,S,95,C,0.698,0.701117396355,0.236383,25.4,1
S95F,S,95,F,0.751,0.720122456551,0.258247,27.0,1
S95P,S,95,P,0.558,0.703101813793,0.225161,25.8,1
S95T,S,95,T,0.584,0.698995232582,0.221562,24.9,1
S95Y,S,95,Y,0.787,0.739328980446,0.27116,25.9,1
S96A,S,96,A,0.347,0.54809486866,0.126209,17.1,1
S96C,S,96,C,0.497,0.558572411537,0.165838,9.087,1
S96F,S,96,F,0.401,0.571104049683,0.119569,9.788,1
S96P,S,96,P,0.522,0.5598757267,0.185585,23.0,1
S96T,S,96,T,0.398,0.554141938686,0.122878,13.41,1
S96Y,S,96,Y,0.565,0.589194536209,0.176791,14.78,1
V97A,V,97,A,0.854,0.816558361053,0.292448,27.2,1
V97D,V,97,D,0.937,0.814042508602,0.43891,28.8,1
V97F,V,97,F,0.789,0.797027587891,0.341864,25.3,1
V97G,V,97,G,0.944,0.759241938591,0.415187,27.6,1
V97I,V,97,I,0.593,0.718536615372,0.309545,24.5,1
V97L,V,97,L,0.701,0.80476808548,0.247639,24.8,1
P98A,P,98,A,0.935,0.754750192165,0.462356,25.6,1
P98H,P,98,H,0.953,0.788741469383,0.540818,27.6,1
P98L,P,98,L,0.943,0.798208355904,0.486124,28.1,1
P98R,P,98,R,0.955,0.797006368637,0.577505,27.5,1
P98S,P,98,S,0.952,0.756835222244,0.556944,27.3,1
P98T,P,98,T,0.957,0.780312180519,0.577802,26.5,1
S99A,S,99,A,0.623,0.711647152901,0.225656,22.0,1
S99C,S,99,C,0.729,0.725810527802,0.271262,24.7,1
S99F,S,99,F,0.748,0.750466585159,0.354864,25.5,1
S99P,S,99,P,0.73,0.732620477676,0.344192,24.1,1
S99T,S,99,T,0.725,0.728793084621,0.235719,21.0,1
S99Y,S,99,Y,0.753,0.768136382103,0.356895,24.5,1
Q100E,Q,100,E,0.374,0.510572075844,0.15393,15.59,1
Q100H,Q,100,H,0.417,0.529623568058,0.10839,7.9,2
Q100K,Q,100,K,0.541,0.536674380302,0.190885,16.72,1
Q100L,Q,100,L,0.489,0.498439729214,0.162594,17.22,1
Q100P,Q,100,P,0.398,0.508710801601,0.132561,16.49,1
Q100R,Q,100,R,0.403,0.529635548592,0.141685,16.5,1
K101E,K,101,E,0.503,0.699289321899,0.176813,19.58,1
K101I,K,101,I,0.529,0.689875781536,0.206484,24.7,1
K101N,K,101,N,0.34,0.721519649029,0.110569,18.03,2
K101Q,K,101,Q,0.496,0.669113993645,0.200394,21.1,1
K101R,K,101,R,0.533,0.656920194626,0.203434,20.7,1
K101T,K,101,T,0.449,0.708611607552,0.1591,18.06,1
T102A,T,102,A,0.54,0.575386703014,0.206711,19.05,1
T102I,T,102,I,0.54,0.656190991402,0.207177,23.2,1
T102N,T,102,N,0.425,0.621739864349,0.158736,16.03,1
T102P,T,102,P,0.542,0.588528513908,0.187483,19.69,1
T102S,T,102,S,0.517,0.587876439095,0.203074,17.62,2
Y103C,Y,103,C,0.87,0.794956684113,0.388355,27.3,1
Y103D,Y,103,D,0.915,0.791485726833,0.537331,27.2,1
Y103F,Y,103,F,0.775,0.748349010944,0.308196,23.8,1
Y103H,Y,103,H,0.87,0.800497531891,0.397856,26.2,1
Y103N,Y,103,N,0.906,0.796172976494,0.446032,26.8,1
Y103S,Y,103,S,0.904,0.7604637146,0.477918,27.2,1
Q104E,Q,104,E,0.482,0.394233763218,0.145719,22.5,1
Q104H,Q,104,H,0.336,0.407927215099,0.0635133,0.003,2
Q104K,Q,104,K,0.518,0.418163955212,0.176546,22.9,1
Q104L,Q,104,L,0.52,0.401616305113,0.165861,14.17,1
Q104P,Q,104,P,0.557,0.382919251919,0.143643,6.545,1
Q104R,Q,104,R,0.392,0.410829365253,0.0918008,15.58,1
G105A,G,105,A,0.905,0.696961522102,0.541616,24.1,1
G105C,G,105,C,0.942,0.729057013988,0.561254,25.2,1
G105D,G,105,D,0.884,0.76807051897,0.56114,24.7,1
G105R,G,105,R,0.918,0.761868357658,0.561254,24.9,1
G105S,G,105,S,0.883,0.693053722382,0.541976,23.4,1
G105V,G,105,V,0.919,0.702698349953,0.561254,27.0,1
S106C,S,106,C,0.409,0.431678295135,0.126926,8.009,1
S106G,S,106,G,0.36,0.416962146759,0.084042,5.809,1
S106I,S,106,I,0.45,0.448029279709,0.118861,1.209,1
S106N,S,106,N,0.34,0.43506282568,-0.00769932,0.137,1
S106R,S,106,R,0.635,0.447097241879,0.256665,18.41,3
S106T,S,106,T,0.365,0.423424988985,0.0535852,0.092,1
Y107C,Y,107,C,0.883,0.648123443127,0.371733,22.5,1
Y107D,Y,107,D,0.893,0.647680640221,0.464647,25.6,1
Y107F,Y,107,F,0.634,0.596715986729,0.185125,20.4,1
Y107H,Y,107,H,0.569,0.650106549263,-0.119497,22.0,1
Y107N,Y,107,N,0.853,0.652580678463,0.343621,25.5,1
Y107S,Y,107,S,0.854,0.604492247105,0.321652,24.4,1
G108A,G,108,A,0.668,0.516231060028,0.170664,20.9,1
G108C,G,108,C,0.654,0.542988061905,0.248264,23.3,1
G108D,G,108,D,0.651,0.590733885765,0.245964,13.81,1
G108R,G,108,R,0.724,0.577345967293,0.321078,20.9,1
G108S,G,108,S,0.612,0.494144558907,0.189721,22.1,1
G108V,G,108,V,0.658,0.520636022091,0.239783,22.2,1
F109C,F,109,C,0.965,0.727169394493,0.572235,29.6,1
F109I,F,109,I,0.837,0.709742188454,0.459363,31.0,1
F109L,F,109,L,0.783,0.725621342659,0.338239,27.3,3
F109S,F,109,S,0.952,0.707941532135,0.57212,31.0,1
F109V,F,109,V,0.875,0.686651051044,0.550711,26.8,1
F109Y,F,109,Y,0.848,0.718514144421,0.390392,28.0,1
R110C,R,110,C,0.471,0.385168433189,0.191065,21.9,1
R110G,R,110,G,0.577,0.338006436825,0.204773,24.3,1
R110H,R,110,H,0.592,0.341868311167,0.0320992,13.32,1
R110L,R,110,L,0.632,0.353656113148,0.313988,17.67,1
R110P,R,110,P,0.593,0.355600327253,0.431694,22.5,1
R110S,R,110,S,0.525,0.338476389647,0.17205,23.0,1
L111M,L,111,M,0.517,0.555179834366,0.209194,22.1,1
L111P,L,111,P,0.864,0.651640474796,0.487441,26.1,1
L111Q,L,111,Q,0.869,0.566360652447,0.421605,25.8,1
L111R,L,111,R,0.862,0.624296307564,0.501177,25.9,1
L111V,L,111,V,0.456,0.522567033768,0.152722,16.32,1
G112A,G,112,A,0.457,0.462660342455,-0.142587,17.02,1
G112C,G,112,C,0.638,0.490005135536,0.322078,23.2,1
G112D,G,112,D,0.667,0.538790404797,0.039297,15.7,1
G112R,G,112,R,0.474,0.526738226414,0.135536,16.56,1
G112S,G,112,S,0.387,0.434894382954,0.155812,21.9,1
G112V,G,112,V,0.679,0.466930150986,0.228609,20.1,1
F113C,F,113,C,0.952,0.706938624382,0.559033,28.1,1
F113I,F,113,I,0.903,0.685868799686,0.473239,27.5,1
F113L,F,113,L,0.879,0.711270213127,0.501539,28.1,3
F113S,F,113,S,0.952,0.689290106297,0.558909,28.6,1
F113V,F,113,V,0.933,0.666930496693,0.461628,27.6,1
F113Y,F,113,Y,0.889,0.704249382019,0.416975,26.6,1
L114F,L,114,F,0.614,0.539317131042,0.222698,23.2,2
L114M,L,114,M,0.54,0.538590013981,0.202686,22.8,1
L114S,L,114,S,0.653,0.545816123486,0.361268,24.6,1
L114V,L,114,V,0.573,0.508320271969,0.207638,17.06,1
L114W,L,114,W,0.709,0.604288637638,0.416912,26.9,1
H115D,H,115,D,0.556,0.443163335323,-0.0621203,19.42,1
H115L,H,115,L,0.554,0.418167620897,0.227912,23.0,1
H115N,H,115,N,0.397,0.435448288918,-0.111071,14.77,1
H115P,H,115,P,0.614,0.407258629799,0.224253,22.4,1
H115Q,H,115,Q,0.351,0.422842979431,-0.422118,0.02,2
H115R,H,115,R,0.484,0.429682731628,0.197857,20.9,1
H115Y,H,115,Y,0.517,0.436330199242,0.18496,23.8,1
S116A,S,116,A,0.65,0.569824755192,0.23155,25.4,1
S116C,S,116,C,0.706,0.596182703972,0.286371,26.0,1
S116F,S,116,F,0.728,0.623417854309,0.361356,26.7,1
S116P,S,116,P,0.787,0.596520483494,0.395276,26.9,1
S116T,S,116,T,0.712,0.593772888184,0.353538,25.1,1
S116Y,S,116,Y,0.735,0.646316885948,0.362027,25.7,1
G117A,G,117,A,0.778,0.583051800728,0.277867,24.9,1
G117E,G,117,E,0.784,0.647332668304,0.183227,25.2,1
G117R,G,117,R,0.77,0.666865229607,0.293522,25.3,2
G117V,G,117,V,0.832,0.590589880943,0.347093,25.1,1
G117W,G,117,W,0.765,0.649380087852,0.331286,25.7,1
T118A,T,118,A,0.842,0.498365402222,0.367834,25.5,1
T118I,T,118,I,0.897,0.617412209511,0.406846,25.8,1
T118K,T,118,K,0.886,0.595625638962,0.413992,25.9,1
T118P,T,118,P,0.902,0.496476322412,0.415653,26.2,1
T118R,T,118,R,0.907,0.581571877003,0.429014,25.5,1
T118S,T,118,S,0.851,0.512388408184,0.362281,26.3,1
A119D,A,119,D,0.944,0.685302734375,0.545649,28.3,1
A119G,A,119,G,0.856,0.585547149181,0.402426,33.0,1
A119P,A,119,P,0.899,0.650310277939,0.464459,25.9,1
A119S,A,119,S,0.841,0.568739831448,0.370458,25.1,1
A119T,A,119,T,0.85,0.599038004875,0.371133,25.6,1
A119V,A,119,V,0.906,0.619759678841,0.406181,27.8,1
K120E,K,120,E,0.925,0.685814619064,0.432393,27.7,1
K120M,K,120,M,0.92,0.634443700314,0.407981,28.2,1
K120N,K,120,N,0.862,0.711336493492,0.242279,23.6,2
K120Q,K,120,Q,0.899,0.652804851532,0.343527,26.9,1
K120R,K,120,R,0.861,0.6284917593,0.310679,32.0,1
K120T,K,120,T,0.917,0.693147540092,0.383211,27.0,1
S121A,S,121,A,0.844,0.620536446571,0.336906,26.1,1
S121C,S,121,C,0.919,0.643415153027,0.359989,28.5,1
S121F,S,121,F,0.928,0.665544271469,0.49995,27.7,1
S121P,S,121,P,0.944,0.645699977875,0.518338,27.5,1
S121T,S,121,T,0.876,0.637908279896,0.367708,25.6,1
S121Y,S,121,Y,0.921,0.683767080307,0.453921,32.0,1
V122A,V,122,A,0.65,0.661812841892,0.227529,23.5,1
V122E,V,122,E,0.894,0.648873329163,0.402994,25.6,1
V122G,V,122,G,0.895,0.556404650211,0.515203,25.4,1
V122L,V,122,L,0.73,0.644208908081,0.277802,23.3,2
V122M,V,122,M,0.77,0.676117539406,0.258902,23.9,1
T123A,T,123,A,0.775,0.482171654701,0.261558,25.0,1
T123I,T,123,I,0.859,0.618723750114,0.391925,24.4,1
T123N,T,123,N,0.79,0.564679980278,0.252137,24.1,1
T123P,T,123,P,0.861,0.486759305,0.427822,26.1,1
T123S,T,123,S,0.751,0.499765127897,0.292779,25.4,2
C124F,C,124,F,0.792,0.593185186386,0.271296,24.9,1
C124G,C,124,G,0.843,0.540094733238,0.316517,24.5,1
C124R,C,124,R,0.883,0.682185411453,0.34284,24.8,1
C124S,C,124,S,0.716,0.565967977047,0.202197,19.02,2
C124W,C,124,W,0.537,0.642854332924,0.165741,23.6,1
C124Y,C,124,Y,0.713,0.696114182472,0.243661,21.3,1
T125A,T,125,A,0.943,0.540700852871,0.493338,29.7,1
T125K,T,125,K,0.963,0.639302432537,0.582889,31.0,1
T125M,T,125,M,0.925,0.598299741745,0.513779,32.0,1
T125P,T,125,P,0.945,0.542047739029,0.566581,31.0,1
T125R,T,125,R,0.963,0.623271286488,0.582935,32.0,1
T125S,T,125,S,0.903,0.554241836071,0.394418,28.8,1
Y126C,Y,126,C,0.981,0.759370028973,0.580142,32.0,1
Y126D,Y,126,D,0.979,0.75604313612,0.582939,32.0,1
Y126F,Y,126,F,0.871,0.699482917786,0.360164,26.0,1
Y126H,Y,126,H,0.961,0.766212821007,0.582212,32.0,1
Y126N,Y,126,N,0.965,0.76025635004,0.564512,32.0,1
Y126S,Y,126,S,0.972,0.710971415043,0.580142,32.0,1
S127A,S,127,A,0.911,0.543582081795,0.413239,25.6,1
S127C,S,127,C,0.916,0.565569400787,0.553125,27.0,1
S127F,S,127,F,0.925,0.590403199196,0.558936,27.7,1
S127P,S,127,P,0.957,0.566286027431,0.573683,33.0,1
S127T,S,127,T,0.924,0.559192717075,0.464114,25.5,1
S127Y,S,127,Y,0.918,0.612444162369,0.583331,26.6,1
P128A,P,128,A,0.482,0.504247486591,0.184309,19.21,1
P128H,P,128,H,0.527,0.563443541527,0.231729,23.8,1
P128L,P,128,L,0.501,0.581817567348,0.224004,23.8,1
P128R,P,128,R,0.56,0.579339563847,0.269861,23.7,1
P128S,P,128,S,0.516,0.510759949684,0.185421,20.7,1
P128T,P,128,T,0.457,0.540793061256,0.161191,16.35,1
A129D,A,129,D,0.553,0.279802590609,0.107381,0.06,1
A129G,A,129,G,0.407,0.270035386086,0.0645485,0.171,1
A129P,A,129,P,0.528,0.282444685698,0.097827,0.024,1
A129S,A,129,S,0.475,0.267529308796,0.0653491,0.001,1
A129T,A,129,T,0.438,0.268247038126,0.0616065,0.008,1
A129V,A,129,V,0.468,0.271991938353,0.0812225,0.063,1
L130F,L,130,F,0.921,0.634582042694,0.551,26.1,1
L130H,L,130,H,0.924,0.695619702339,0.583389,29.1,1
L130I,L,130,I,0.795,0.642479300499,0.406426,26.2,1
L130P,L,130,P,0.927,0.724740564823,0.585606,29.8,1
L130R,L,130,R,0.918,0.699646472931,0.585345,29.3,1
L130V,L,130,V,0.887,0.60184520483,0.549576,25.3,1
N131D,N,131,D,0.724,0.551243007183,0.24639,26.7,1
N131H,N,131,H,0.82,0.513965606689,0.279717,26.6,1
N131I,N,131,I,0.939,0.5131264925,0.388401,28.6,1
N131K,N,131,K,0.662,0.560414254665,0.169115,24.1,2
N131S,N,131,S,0.859,0.465262562037,0.263987,27.0,1
N131T,N,131,T,0.907,0.508232116699,0.276647,27.4,1
N131Y,N,131,Y,0.879,0.536802351475,0.388611,27.9,1
K132E,K,132,E,0.968,0.601980566978,0.582874,31.0,1
K132M,K,132,M,0.924,0.548404991627,0.3714,28.1,1
K132N,K,132,N,0.895,0.624103605747,0.497111,25.6,2
K132Q,K,132,Q,0.944,0.569234132767,0.582874,28.7,1
K132R,K,132,R,0.908,0.544416546822,0.42107,33.0,1
K132T,K,132,T,0.927,0.604583740234,0.444069,32.0,1
M133I,M,133,I,0.479,0.524157702923,0.13391,18.94,3
M133K,M,133,K,0.845,0.579320311546,0.463849,24.9,1
M133L,M,133,L,0.426,0.504188537598,0.131052,16.6,2
M133R,M,133,R,0.849,0.56293797493,0.511277,24.8,1
M133T,M,133,T,0.78,0.589907288551,0.428613,23.9,1
M133V,M,133,V,0.503,0.47435349226,0.162035,21.2,1
F134C,F,134,C,0.949,0.620867788792,0.510619,28.5,1
F134I,F,134,I,0.955,0.606313943863,0.423426,29.2,1
F134L,F,134,L,0.942,0.634885132313,0.434243,29.9,3
F134S,F,134,S,0.942,0.596686005592,0.54329,29.1,1
F134V,F,134,V,0.959,0.573362588882,0.439927,29.1,1
F134Y,F,134,Y,0.637,0.627124190331,0.313943,24.1,1
C135F,C,135,F,0.96,0.716168880463,0.560231,27.6,1
C135G,C,135,G,0.965,0.677079319954,0.582637,29.3,1
C135R,C,135,R,0.964,0.781057476997,0.582637,29.8,1
C135S,C,135,S,0.957,0.702830553055,0.573266,31.0,2
C135W,C,135,W,0.884,0.753491163254,0.515775,25.8,1
C135Y,C,135,Y,0.955,0.793038487434,0.56611,28.2,1
Q136E,Q,136,E,0.862,0.561850428581,0.436822,26.4,1
Q136H,Q,136,H,0.946,0.601933479309,0.530134,23.9,2
Q136K,Q,136,K,0.869,0.610112309456,0.457256,28.1,1
Q136L,Q,136,L,0.959,0.555984258652,0.517457,28.3,1
Q136P,Q,136,P,0.964,0.572194397449,0.552179,28.5,1
Q136R,Q,136,R,0.877,0.603085279465,0.501727,26.2,1
L137M,L,137,M,0.637,0.573359370232,0.153619,23.6,1
L137P,L,137,P,0.95,0.688734054565,0.561973,29.9,1
L137Q,L,137,Q,0.951,0.60914927721,0.511957,33.0,1
L137R,L,137,R,0.965,0.653647899628,0.559536,29.4,1
L137V,L,137,V,0.731,0.541361510754,0.301793,24.5,1
A138D,A,138,D,0.901,0.757885098457,0.541811,26.3,1
A138G,A,138,G,0.842,0.67242115736,0.396359,26.7,1
A138P,A,138,P,0.949,0.730016052723,0.572539,28.6,1
A138S,A,138,S,0.911,0.656066536903,0.504434,26.5,1
A138T,A,138,T,0.91,0.688917160034,0.48215,27.3,1
A138V,A,138,V,0.87,0.698150157928,0.525704,25.8,1
K139E,K,139,E,0.844,0.733129739761,0.430079,28.1,1
K139M,K,139,M,0.818,0.682344794273,0.419105,29.2,1
K139N,K,139,N,0.73,0.754403054714,0.200395,23.8,2
K139Q,K,139,Q,0.768,0.705213427544,0.316757,27.7,1
K139R,K,139,R,0.76,0.681604146957,0.24806,27.2,1
K139T,K,139,T,0.8,0.740625619888,0.389933,27.5,1
T140A,T,140,A,0.806,0.56627112627,0.355891,22.7,1
T140I,T,140,I,0.842,0.672200202942,0.494837,27.9,1
T140N,T,140,N,0.783,0.633249878883,0.27412,26.8,1
T140P,T,140,P,0.841,0.565081179142,0.518855,26.7,1
T140S,T,140,S,0.835,0.576752960682,0.289397,26.4,2
C141F,C,141,F,0.88,0.758491516113,0.537949,26.6,1
C141G,C,141,G,0.859,0.726741433144,0.550155,27.6,1
C141R,C,141,R,0.861,0.807611584663,0.557561,28.4,1
C141S,C,141,S,0.813,0.747146010399,0.353601,24.3,2
C141W,C,141,W,0.808,0.789466738701,0.511969,24.8,1
C141Y,C,141,Y,0.897,0.817659378052,0.561428,27.1,1
P142A,P,142,A,0.901,0.677949309349,0.57154,26.2,1
P142H,P,142,H,0.914,0.719507575035,0.583417,27.5,1
P142L,P,142,L,0.879,0.736371040344,0.546788,28.1,1
P142R,P,142,R,0.907,0.733507394791,0.578234,27.4,1
P142S,P,142,S,0.887,0.681443870068,0.571773,27.4,1
P142T,P,142,T,0.891,0.709400415421,0.586315,26.9,1
V143A,V,143,A,0.574,0.51674246788,0.291245,26.1,1
V143E,V,143,E,0.683,0.500581145287,0.529103,26.8,1
V143G,V,143,G,0.692,0.422887384892,0.547945,26.7,1
V143L,V,143,L,0.607,0.497374355793,0.192749,22.5,2
V143M,V,143,M,0.659,0.527730584145,0.327999,24.1,1
Q144E,Q,144,E,0.644,0.569509029388,0.209848,20.8,1
Q144H,Q,144,H,0.708,0.603232264519,0.310555,23.2,2
Q144K,Q,144,K,0.763,0.611596524715,0.353424,25.0,1
Q144L,Q,144,L,0.764,0.563209414482,0.388025,23.5,1
Q144P,Q,144,P,0.801,0.575094997883,0.434997,25.2,1
Q144R,Q,144,R,0.751,0.607683718204,0.315858,25.0,1
L145M,L,145,M,0.505,0.508981466293,0.154937,17.04,1
L145P,L,145,P,0.818,0.615144908428,0.54572,23.1,1
L145Q,L,145,Q,0.846,0.540712893009,0.499337,26.5,1
L145R,L,145,R,0.845,0.59232878685,0.549395,26.7,1
L145V,L,145,V,0.462,0.478664368391,0.132585,15.81,1
W146C,W,146,C,0.629,0.477982282639,0.217394,23.3,2
W146G,W,146,G,0.536,0.453021287918,0.189961,19.08,1
W146L,W,146,L,0.401,0.485967069864,0.149213,10.97,1
W146R,W,146,R,0.464,0.506711065769,0.151548,14.93,2
W146S,W,146,S,0.521,0.4661218822,0.186153,13.77,1
V147A,V,147,A,0.812,0.579616725445,0.409304,24.8,1
V147D,V,147,D,0.896,0.582230567932,0.545724,25.4,1
V147F,V,147,F,0.747,0.543181538582,0.484809,23.1,1
V147G,V,147,G,0.895,0.479628026485,0.536759,25.3,1
V147I,V,147,I,0.549,0.438009589911,0.211549,19.55,1
V147L,V,147,L,0.644,0.55964243412,0.366146,16.31,1
D148A,D,148,A,0.404,0.281879216433,0.0779143,3.524,1
D148E,D,148,E,0.289,0.292545795441,0.0150376,7.61,2
D148G,D,148,G,0.467,0.279626786709,0.0928826,6.15,1
D148H,D,148,H,0.482,0.301700472832,0.0958469,19.72,1
D148N,D,148,N,0.277,0.299652218819,-0.0401861,10.07,1
D148V,D,148,V,0.551,0.280186355114,0.133945,5.754,1
D148Y,D,148,Y,0.531,0.309047281742,0.13682,21.1,1
S149A,S,149,A,0.312,0.469382375479,0.0870981,15.15,1
S149C,S,149,C,0.482,0.48954603076,0.206518,23.4,1
S149F,S,149,F,0.457,0.508388519287,0.193616,19.02,1
S149P,S,149,P,0.558,0.486988425255,0.211666,22.9,1
S149T,S,149,T,0.327,0.480381429195,0.113005,16.22,1
S149Y,S,149,Y,0.448,0.525468349457,0.210111,23.6,1
T150A,T,150,A,0.333,0.303950458765,0.0641099,11.37,1
T150I,T,150,I,0.381,0.351490318775,0.141523,22.2,1
T150K,T,150,K,0.394,0.348692536354,0.137554,17.04,1
T150P,T,150,P,0.458,0.305803358555,0.095313,13.02,1
T150R,T,150,R,0.441,0.34011220932,0.147403,16.98,1
T150S,T,150,S,0.284,0.305194616318,0.0746743,12.89,1
P151A,P,151,A,0.889,0.474841028452,0.516757,24.5,1
P151H,P,151,H,0.87,0.526141643524,0.388432,25.4,1
P151L,P,151,L,0.771,0.537185251713,0.322493,25.7,1
P151R,P,151,R,0.912,0.536261200905,0.506834,25.7,1
P151S,P,151,S,0.898,0.48640191555,0.506784,25.0,1
P151T,P,151,T,0.911,0.517080128193,0.560078,24.6,1
P152A,P,152,A,0.803,0.433515220881,0.373056,24.7,1
P152L,P,152,L,0.878,0.482567846775,0.55405,24.2,1
P152Q,P,152,Q,0.843,0.441108703613,0.414618,25.5,1
P152R,P,152,R,0.853,0.480487972498,0.535677,25.6,1
P152S,P,152,S,0.863,0.440688997507,0.42453,25.3,1
P152T,P,152,T,0.866,0.46392083168,0.416222,25.0,1
P153A,P,153,A,0.369,0.264683485031,0.101659,3.227,1
P153H,P,153,H,0.391,0.274274855852,0.159419,7.182,1
P153L,P,153,L,0.37,0.279366910458,0.149099,6.374,1
P153R,P,153,R,0.399,0.283772259951,0.143592,4.097,1
P153S,P,153,S,0.359,0.260990917683,0.149279,7.11,1
P153T,P,153,T,0.382,0.269055068493,0.149612,5.657,1
G154A,G,154,A,0.728,0.4686242342,0.326592,21.7,1
G154C,G,154,C,0.715,0.489721059799,0.445856,22.9,1
G154D,G,154,D,0.721,0.537409365177,0.345031,17.86,1
G154R,G,154,R,0.711,0.528546512127,0.395828,22.7,1
G154S,G,154,S,0.638,0.464167952538,-0.0118271,18.51,1
G154V,G,154,V,0.754,0.46750330925,0.502691,22.3,1
T155A,T,155,A,0.337,0.333390712738,-0.0273894,5.209,1
T155I,T,155,I,0.597,0.38237914443,0.287711,15.63,1
T155N,T,155,N,0.548,0.358995258808,0.139618,14.17,1
T155P,T,155,P,0.581,0.337515473366,0.200663,22.0,1
T155S,T,155,S,0.424,0.328795731068,0.101339,4.967,2
R156C,R,156,C,0.493,0.357541233301,0.0791594,17.67,1
R156G,R,156,G,0.58,0.317194312811,0.239886,19.73,1
R156H,R,156,H,0.627,0.321985304356,0.171905,20.9,1
R156L,R,156,L,0.512,0.326246857643,0.18677,13.85,1
R156P,R,156,P,0.609,0.34384906292,0.31344,22.5,1
R156S,R,156,S,0.523,0.322176098824,0.161482,14.6,1
V157A,V,157,A,0.848,0.488238930702,0.422938,25.0,1
V157D,V,157,D,0.863,0.481912076473,0.566697,25.6,1
V157F,V,157,F,0.708,0.453887164593,0.384181,22.2,1
V157G,V,157,G,0.872,0.424665123224,0.565523,25.3,1
V157I,V,157,I,0.425,0.387752145529,-0.031324,15.64,1
V157L,V,157,L,0.546,0.470112234354,0.153998,10.46,1
R158C,R,158,C,0.835,0.603410601616,0.51295,25.9,1
R158G,R,158,G,0.862,0.529445290565,0.530867,24.8,1
R158H,R,158,H,0.844,0.548263609409,0.537075,23.3,1
R158L,R,158,L,0.891,0.548734366894,0.566223,25.1,1
R158P,R,158,P,0.916,0.564953446388,0.566223,25.7,1
R158S,R,158,S,0.864,0.53731662035,0.530587,24.6,1
A159D,A,159,D,0.836,0.589965462685,0.458875,25.0,1
A159G,A,159,G,0.738,0.48852199316,0.369139,23.1,1
A159P,A,159,P,0.815,0.549495220184,0.515812,24.4,1
A159S,A,159,S,0.727,0.474099040031,0.330198,23.5,1
A159T,A,159,T,0.715,0.497838079929,0.26813,22.5,1
A159V,A,159,V,0.774,0.528471708298,0.355457,24.7,1
M160I,M,160,I,0.657,0.550896286964,0.30433,20.3,3
M160K,M,160,K,0.86,0.613726496696,0.493382,24.2,1
M160L,M,160,L,0.569,0.542373120785,0.190198,18.07,2
M160R,M,160,R,0.865,0.597291111946,0.50514,24.7,1
M160T,M,160,T,0.669,0.638289690018,0.261709,16.23,1
M160V,M,160,V,0.689,0.492229431868,0.241894,17.53,1
A161D,A,161,D,0.908,0.653260827065,0.574477,26.4,1
A161G,A,161,G,0.809,0.549744606018,0.384656,26.5,1
A161P,A,161,P,0.641,0.621480405331,0.275838,24.7,1
A161S,A,161,S,0.752,0.535392999649,0.327408,24.1,1
A161T,A,161,T,0.79,0.567388653755,0.358081,24.4,1
A161V,A,161,V,0.803,0.581373035908,0.397165,26.4,1
I162F,I,162,F,0.676,0.566141366959,0.251155,24.1,1
I162L,I,162,L,0.665,0.553972542286,0.211693,23.9,1
I162M,I,162,M,0.629,0.524780273438,0.245187,23.1,1
I162N,I,162,N,0.8,0.631296634674,0.309717,26.4,1
I162S,I,162,S,0.865,0.574207782745,0.504532,26.6,1
I162T,I,162,T,0.798,0.651869118214,0.367486,25.5,1
I162V,I,162,V,0.498,0.477805495262,0.140725,13.93,1
Y163C,Y,163,C,0.872,0.719163417816,0.539375,24.0,1
Y163D,Y,163,D,0.906,0.712691366673,0.579668,26.0,1
Y163F,Y,163,F,0.723,0.652026593685,0.227187,23.0,1
Y163H,Y,163,H,0.904,0.724799156189,0.476435,26.2,1
Y163N,Y,163,N,0.907,0.718691170216,0.572081,25.9,1
Y163S,Y,163,S,0.901,0.672509074211,0.538766,23.8,1
K164E,K,164,E,0.875,0.662176430225,0.553451,25.4,1
K164M,K,164,M,0.925,0.617741107941,0.52263,25.8,1
K164N,K,164,N,0.794,0.681583225727,0.259975,23.4,2
K164Q,K,164,Q,0.899,0.636491596699,0.481519,24.7,1
K164R,K,164,R,0.906,0.614372193813,0.413775,23.5,1
K164T,K,164,T,0.927,0.664117157459,0.524092,25.6,1
Q165E,Q,165,E,0.572,0.486901968718,0.195203,20.8,1
Q165H,Q,165,H,0.6,0.484088718891,0.165573,9.545,2
Q165K,Q,165,K,0.481,0.463401436806,0.123022,13.83,1
Q165L,Q,165,L,0.574,0.450472176075,0.249226,23.6,1
Q165P,Q,165,P,0.653,0.466973781586,0.291155,23.3,1
Q165R,Q,165,R,0.475,0.446508020163,0.213071,21.2,1
S166A,S,166,A,0.487,0.435196489096,0.12454,15.74,1
S166L,S,166,L,0.613,0.44167086482,0.20665,18.62,1
S166P,S,166,P,0.707,0.463240295649,0.266329,21.7,1
S166T,S,166,T,0.512,0.449303925037,0.1436,8.531,1
Q167E,Q,167,E,0.467,0.343351304531,0.147637,13.43,1
Q167H,Q,167,H,0.592,0.375239759684,0.189687,20.6,2
Q167K,Q,167,K,0.647,0.398118108511,0.313808,22.3,1
Q167L,Q,167,L,0.569,0.354966938496,0.262507,23.6,1
Q167P,Q,167,P,0.633,0.358999729156,0.265735,24.9,1
Q167R,Q,167,R,0.566,0.381601035595,0.261707,23.1,1
H168D,H,168,D,0.551,0.6242659688,0.213924,17.34,1
H168L,H,168,L,0.55,0.588669657707,0.326349,23.4,1
H168N,H,168,N,0.566,0.622187972069,0.202852,21.2,1
H168P,H,168,P,0.526,0.578228831291,0.293435,23.8,1
H168Q,H,168,Q,0.568,0.596919178963,0.255559,21.4,2
H168R,H,168,R,0.562,0.623246908188,0.277113,23.3,1
H168Y,H,168,Y,0.501,0.619861841202,0.182472,13.53,1
M169I,M,169,I,0.597,0.444150090218,0.200084,19.14,3
M169K,M,169,K,0.834,0.511687159538,0.367318,23.2,1
M169L,M,169,L,0.562,0.45387250185,0.186043,19.37,2
M169R,M,169,R,0.74,0.499365180731,0.272745,23.2,1
M169T,M,169,T,0.726,0.540904402733,0.296923,20.9,1
M169V,M,169,V,0.503,0.409331142902,0.15319,8.923,1
T170A,T,170,A,0.518,0.447409570217,0.159343,15.23,1
T170K,T,170,K,0.827,0.533751010895,0.357777,22.9,1
T170M,T,170,M,0.868,0.492202222347,0.251623,21.8,1
T170P,T,170,P,0.808,0.45108538866,0.355803,24.1,1
T170R,T,170,R,0.867,0.519338130951,0.392087,26.5,1
T170S,T,170,S,0.629,0.459145516157,0.229822,18.51,1
E171A,E,171,A,0.896,0.610396921635,0.288561,25.1,1
E171D,E,171,D,0.597,0.609008431435,0.172877,0.573,2
E171G,E,171,G,0.917,0.574137508869,0.377208,31.0,1
E171K,E,171,K,0.873,0.691580176353,0.380519,24.6,1
E171Q,E,171,Q,0.849,0.597338080406,0.352981,24.7,1
E171V,E,171,V,0.922,0.590205311775,0.422908,26.1,1
V172A,V,172,A,0.85,0.704822540283,0.408278,24.6,1
V172D,V,172,D,0.952,0.709687232971,0.575188,25.2,1
V172F,V,172,F,0.917,0.668933272362,0.545893,23.1,1
V172G,V,172,G,0.953,0.605496406555,0.565532,25.7,1
V172I,V,172,I,0.645,0.553841531277,0.231266,22.7,1
V172L,V,172,L,0.815,0.69270169735,0.376417,22.9,1
V173A,V,173,A,0.758,0.731500864029,0.560238,25.9,1
V173E,V,173,E,0.749,0.723421692848,0.54141,26.6,1
V173G,V,173,G,0.769,0.634512066841,0.574698,28.3,1
V173L,V,173,L,0.88,0.716815054417,0.508586,24.2,2
V173M,V,173,M,0.892,0.741904079914,0.578176,24.8,1
R174G,R,174,G,0.724,0.421666711569,0.356477,24.4,1
R174K,R,174,K,0.381,0.446409881115,0.120412,14.06,1
R174M,R,174,M,0.628,0.435102343559,0.246387,23.0,1
R174S,R,174,S,0.639,0.429665386677,0.239247,22.3,2
R174T,R,174,T,0.633,0.454620450735,0.227219,22.5,1
R174W,R,174,W,0.634,0.475194662809,0.269475,24.3,1
R175C,R,175,C,0.833,0.707608401775,0.418053,32.0,1
R175G,R,175,G,0.829,0.631335258484,0.551568,32.0,1
R175H,R,175,H,0.922,0.654756188393,0.545774,23.4,1
R175L,R,175,L,0.96,0.659093916416,0.564459,28.4,1
R175P,R,175,P,0.966,0.667101264,0.56446,29.2,1
R175S,R,175,S,0.831,0.642978191376,0.551292,27.2,1
C176F,C,176,F,0.951,0.749644994736,0.569042,27.6,1
C176G,C,176,G,0.946,0.715166687965,0.579978,29.0,1
C176R,C,176,R,0.94,0.808449804783,0.586306,29.5,1
C176S,C,176,S,0.946,0.741454780102,0.564236,27.7,2
C176W,C,176,W,0.863,0.786556124687,0.472628,22.7,1
C176Y,C,176,Y,0.949,0.818514227867,0.574224,27.4,1
P177A,P,177,A,0.866,0.64603972435,0.400416,26.2,1
P177H,P,177,H,0.844,0.694641113281,0.400682,27.9,1
P177L,P,177,L,0.865,0.71101641655,0.412293,29.5,1
P177R,P,177,R,0.893,0.703535556793,0.477786,27.7,1
P177S,P,177,S,0.877,0.653146624565,0.408658,27.4,1
P177T,P,177,T,0.878,0.682330787182,0.42346,26.9,1
H178D,H,178,D,0.892,0.49947810173,0.461365,25.7,1
H178L,H,178,L,0.843,0.475477874279,0.351088,27.6,1
H178N,H,178,N,0.722,0.496724367142,0.171088,25.2,1
H178P,H,178,P,0.918,0.456414759159,0.408129,29.3,1
H178Q,H,178,Q,0.814,0.479367464781,0.321549,24.5,2
H178R,H,178,R,0.882,0.507184147835,0.341689,26.3,1
H178Y,H,178,Y,0.87,0.515393555164,0.339316,25.1,1
H179D,H,179,D,0.916,0.629869997501,0.567077,27.8,1
H179L,H,179,L,0.882,0.606056332588,0.481659,22.1,1
H179N,H,179,N,0.902,0.634899795055,0.40446,26.8,1
H179P,H,179,P,0.911,0.576886236668,0.53845,24.6,1
H179Q,H,179,Q,0.79,0.609713673592,0.474835,12.33,2
H179R,H,179,R,0.935,0.643544256687,0.539639,24.4,1
H179Y,H,179,Y,0.948,0.641016483307,0.5848,27.2,1
E180A,E,180,A,0.883,0.606814146042,0.35912,28.4,1
E180D,E,180,D,0.798,0.605569779873,0.257976,21.8,2
E180G,E,180,G,0.915,0.564905643463,0.403359,29.1,1
E180K,E,180,K,0.823,0.686132848263,0.348223,27.6,1
E180Q,E,180,Q,0.659,0.588834583759,0.219941,23.2,1
E180V,E,180,V,0.933,0.589208960533,0.409833,29.8,1
R181C,R,181,C,0.891,0.513644933701,0.492215,24.0,1
R181G,R,181,G,0.886,0.445492446423,0.342749,29.4,1
R181H,R,181,H,0.797,0.461650490761,0.301127,25.0,1
R181L,R,181,L,0.68,0.464253038168,0.28437,24.7,1
R181P,R,181,P,0.894,0.482902228832,0.469839,25.4,1
R181S,R,181,S,0.778,0.451525986195,0.307554,23.3,1
C182F,C,182,F,0.699,0.38811725378,0.205236,22.7,1
C182G,C,182,G,0.644,0.353923499584,0.155635,19.43,1
C182R,C,182,R,0.644,0.427947700024,0.167945,15.0,1
C182S,C,182,S,0.455,0.363132476807,0.138367,11.83,2
C182W,C,182,W,0.659,0.407294869423,0.28869,23.7,1
C182Y,C,182,Y,0.634,0.441323816776,0.199388,19.05,1
S183A,S,183,A,0.495,0.393531352282,0.15864,14.51,1
S183L,S,183,L,0.556,0.409337222576,0.187426,21.9,1
S183P,S,183,P,0.457,0.40183404088,0.149823,16.17,1
S183T,S,183,T,0.496,0.406018197536,0.142904,14.06,1
D184A,D,184,A,0.744,0.54962682724,0.31486,24.1,1
D184E,D,184,E,0.558,0.569361567497,0.111481,0.013,2
D184G,D,184,G,0.666,0.552729606628,0.319556,23.3,1
D184H,D,184,H,0.7,0.613878905773,0.334544,23.1,1
D184N,D,184,N,0.433,0.594535052776,0.139097,16.01,1
D184V,D,184,V,0.842,0.541357755661,0.387739,24.7,1
D184Y,D,184,Y,0.715,0.599422216415,0.366219,20.8,1
S185C,S,185,C,0.425,0.381902337074,0.175391,22.2,1
S185G,S,185,G,0.497,0.35494184494,0.108347,10.88,1
S185I,S,185,I,0.452,0.386559188366,0.156195,17.45,1
S185N,S,185,N,0.325,0.388087630272,-0.0718235,2.172,1
S185R,S,185,R,0.52,0.400530993938,0.160291,17.88,3
S185T,S,185,T,0.331,0.365419924259,0.114732,4.836,1
D186A,D,186,A,0.77,0.548997998238,0.335936,25.3,1
D186E,D,186,E,0.643,0.573661148548,0.1682,15.53,2
D186G,D,186,G,0.68,0.554580450058,0.234519,27.5,1
D186H,D,186,H,0.692,0.618846774101,0.325572,24.1,1
D186N,D,186,N,0.532,0.599868714809,0.00709879,22.9,1
D186V,D,186,V,0.8,0.542902708054,0.395549,27.5,1
D186Y,D,186,Y,0.815,0.608238220215,0.367802,25.0,1
G187A,G,187,A,0.61,0.504934430122,0.226758,24.4,1
G187C,G,187,C,0.705,0.540052175522,0.293484,27.1,1
G187D,G,187,D,0.625,0.599698424339,0.243721,23.4,1
G187R,G,187,R,0.7,0.587567687035,0.296313,33.0,1
G187S,G,187,S,0.649,0.49465918541,0.216163,28.8,1
G187V,G,187,V,0.666,0.508872509003,0.314281,32.0,1
L188M,L,188,M,0.473,0.430738091469,0.197604,23.8,1
L188P,L,188,P,0.617,0.536612808704,0.299311,22.4,1
L188Q,L,188,Q,0.581,0.458653390408,0.232423,26.3,1
L188R,L,188,R,0.637,0.513639211655,0.207848,23.2,1
L188V,L,188,V,0.572,0.408778488636,0.197119,15.85,1
A189D,A,189,D,0.817,0.579860389233,0.50627,24.8,1
A189G,A,189,G,0.754,0.474319815636,0.362731,29.3,1
A189P,A,189,P,0.721,0.53948199749,0.393976,27.3,1
A189S,A,189,S,0.7,0.460957020521,0.325239,27.7,1
A189T,A,189,T,0.728,0.494782924652,0.364085,24.8,1
A189V,A,189,V,0.79,0.506407022476,0.246169,26.2,1
P190A,P,190,A,0.757,0.630946099758,0.273556,22.9,1
P190H,P,190,H,0.731,0.679172992706,0.253747,24.5,1
P190L,P,190,L,0.824,0.69244658947,0.37133,27.8,1
P190R,P,190,R,0.846,0.691638767719,0.389438,28.4,1
P190S,P,190,S,0.788,0.638594031334,0.306569,28.6,1
P190T,P,190,T,0.822,0.668181419373,0.351808,26.6,1
P191A,P,191,A,0.598,0.395637452602,0.173265,18.77,1
P191H,P,191,H,0.797,0.442629575729,0.361416,28.3,1
P191L,P,191,L,0.748,0.466771602631,0.342845,29.0,1
P191R,P,191,R,0.617,0.465876579285,0.108709,23.0,1
P191S,P,191,S,0.722,0.39116114378,0.202427,23.3,1
P191T,P,191,T,0.727,0.415578454733,0.300041,24.2,1
Q192E,Q,192,E,0.557,0.39755320549,0.202527,22.1,1
Q192H,Q,192,H,0.537,0.419027626514,0.189051,17.49,2
Q192K,Q,192,K,0.64,0.424620330334,0.231761,22.9,1
Q192L,Q,192,L,0.718,0.386428952217,0.242767,26.6,1
Q192P,Q,192,P,0.769,0.390350401402,0.314519,24.9,1
Q192R,Q,192,R,0.677,0.41516315937,0.23366,24.2,1
H193D,H,193,D,0.922,0.760762214661,0.582403,32.0,1
H193L,H,193,L,0.864,0.745443344116,0.582967,29.3,1
H193N,H,193,N,0.875,0.765776276588,0.386962,29.5,1
H193P,H,193,P,0.87,0.724722146988,0.577785,29.5,1
H193Q,H,193,Q,0.807,0.751437067986,0.520113,23.2,2
H193R,H,193,R,0.884,0.771072387695,0.554369,27.5,1
H193Y,H,193,Y,0.887,0.768757820129,0.5603,29.8,1
L194F,L,194,F,0.851,0.692809700966,0.554285,28.7,1
L194H,L,194,H,0.918,0.759149074554,0.575042,29.2,1
L194I,L,194,I,0.791,0.704917013645,0.41203,27.3,1
L194P,L,194,P,0.937,0.782576620579,0.584663,31.0,1
L194R,L,194,R,0.933,0.75584846735,0.571373,30.0,1
L194V,L,194,V,0.833,0.661516964436,0.478331,26.7,1
I195F,I,195,F,0.904,0.678569793701,0.533913,27.7,1
I195L,I,195,L,0.724,0.668714284897,0.319913,24.6,1
I195M,I,195,M,0.755,0.639436483383,0.358423,25.5,1
I195N,I,195,N,0.84,0.741343080997,0.437222,29.2,1
I195S,I,195,S,0.865,0.684028804302,0.570381,29.7,1
I195T,I,195,T,0.851,0.754051864147,0.525761,27.6,1
I195V,I,195,V,0.725,0.60101723671,0.277769,25.1,1
R196G,R,196,G,0.897,0.600038170815,0.541566,27.7,1
R196L,R,196,L,0.933,0.633429586887,0.57174,30.0,1
R196P,R,196,P,0.941,0.640652298927,0.576167,29.6,1
R196Q,R,196,Q,0.888,0.553449749947,0.56842,25.5,1
V197A,V,197,A,0.823,0.63629680872,0.417873,28.2,1
V197E,V,197,E,0.897,0.62500411272,0.563636,29.2,1
V197G,V,197,G,0.914,0.533272624016,0.580129,31.0,1
V197L,V,197,L,0.73,0.620220124722,0.345106,24.3,2
V197M,V,197,M,0.758,0.646291851997,0.340058,24.9,1
E198A,E,198,A,0.937,0.581913590431,0.576373,29.9,1
E198D,E,198,D,0.824,0.577692985535,0.499458,24.7,2
E198G,E,198,G,0.915,0.54343611002,0.545096,26.7,1
E198K,E,198,K,0.91,0.662810444832,0.578534,29.2,1
E198Q,E,198,Q,0.889,0.565361857414,0.54325,26.8,1
E198V,E,198,V,0.926,0.565435528755,0.570268,32.0,1
G199A,G,199,A,0.888,0.652767717838,0.383107,24.2,1
G199E,G,199,E,0.88,0.710591316223,0.465056,26.7,1
G199R,G,199,R,0.883,0.722042381763,0.394092,27.9,2
G199V,G,199,V,0.899,0.659915804863,0.550106,27.4,1
N200D,N,200,D,0.84,0.603314399719,0.276718,28.1,1
N200H,N,200,H,0.85,0.575544834137,0.301717,26.9,1
N200I,N,200,I,0.792,0.572836399078,0.370317,25.9,1
N200K,N,200,K,0.592,0.622208297253,0.208569,21.4,2
N200S,N,200,S,0.678,0.531949281693,0.164596,21.9,1
N200T,N,200,T,0.768,0.559930920601,0.280949,22.9,1
N200Y,N,200,Y,0.9,0.596703648567,0.422038,28.3,1
L201F,L,201,F,0.446,0.352106869221,0.135624,7.874,2
L201M,L,201,M,0.485,0.339022785425,0.151785,7.459,1
L201S,L,201,S,0.505,0.349254071712,0.155974,14.84,1
L201V,L,201,V,0.447,0.32463786006,0.139149,4.763,1
L201W,L,201,W,0.473,0.381278693676,0.184161,20.8,1
R202C,R,202,C,0.498,0.229100704193,0.12263,22.8,1
R202G,R,202,G,0.483,0.215942054987,0.256783,23.6,1
R202H,R,202,H,0.528,0.21406725049,0.107211,3.789,1
R202L,R,202,L,0.53,0.215820193291,0.12418,4.713,1
R202P,R,202,P,0.528,0.221840262413,0.278986,16.8,1
R202S,R,202,S,0.486,0.213566109538,0.213588,21.9,1
V203A,V,203,A,0.526,0.328551471233,0.162598,16.74,1
V203E,V,203,E,0.63,0.336439013481,0.312334,23.2,1
V203G,V,203,G,0.586,0.31433480978,0.298136,23.4,1
V203L,V,203,L,0.506,0.330598592758,0.177044,19.16,2
V203M,V,203,M,0.519,0.335956603289,0.183943,21.0,1
E204A,E,204,A,0.6,0.278966367245,0.232265,22.9,1
E204D,E,204,D,0.494,0.27942186594,0.194115,13.39,2
E204G,E,204,G,0.604,0.267213463783,0.251373,25.6,1
E204K,E,204,K,0.624,0.304324895144,0.202426,15.96,1
E204Q,E,204,Q,0.458,0.273595124483,0.144273,11.48,1
E204V,E,204,V,0.588,0.268013596535,0.236114,23.1,1
Y205C,Y,205,C,0.873,0.598816037178,0.571744,29.1,1
Y205D,Y,205,D,0.925,0.594979524612,0.568646,28.1,1
Y205F,Y,205,F,0.823,0.543980002403,0.313765,26.5,1
Y205H,Y,205,H,0.9,0.607349336147,0.5587,26.7,1
Y205N,Y,205,N,0.897,0.600311994553,0.566016,27.8,1
Y205S,Y,205,S,0.852,0.558049917221,0.558673,27.8,1
L206F,L,206,F,0.421,0.333574414253,0.134114,12.78,2
L206M,L,206,M,0.436,0.328833460808,0.122317,5.586,1
L206S,L,206,S,0.605,0.337206274271,0.243186,16.36,1
L206V,L,206,V,0.529,0.311611622572,0.103284,4.296,1
L206W,L,206,W,0.526,0.368191599846,0.207371,21.9,1
D207A,D,207,A,0.518,0.336884975433,0.24441,23.0,1
D207E,D,207,E,0.436,0.343198776245,0.0679375,0.396,2
D207G,D,207,G,0.616,0.340606987476,0.301609,25.2,1
D207H,D,207,H,0.538,0.367779910564,0.239515,24.9,1
D207N,D,207,N,0.406,0.357582062483,0.128017,22.2,1
D207V,D,207,V,0.616,0.334783732891,0.324915,24.3,1
D207Y,D,207,Y,0.606,0.364491701126,0.320107,25.2,1
D208A,D,208,A,0.931,0.44772362709,0.580697,29.3,1
D208E,D,208,E,0.767,0.466891586781,0.482585,23.1,2
D208G,D,208,G,0.944,0.457386016846,0.566065,29.3,1
D208H,D,208,H,0.93,0.50282138586,0.550033,27.0,1
D208N,D,208,N,0.76,0.485067129135,0.195515,27.8,1
D208V,D,208,V,0.95,0.444542527199,0.566266,29.8,1
D208Y,D,208,Y,0.943,0.487857997417,0.578399,28.5,1
R209G,R,209,G,0.635,0.224089130759,0.198211,17.43,1
R209I,R,209,I,0.532,0.235346674919,0.135559,1.989,1
R209K,R,209,K,0.453,0.233708649874,0.0795301,0.064,1
R209S,R,209,S,0.588,0.222965180874,0.121439,10.7,2
R209T,R,209,T,0.503,0.22944304347,0.106462,0.189,1
N210D,N,210,D,0.3,0.277200371027,0.0681818,14.12,1
N210H,N,210,H,0.34,0.266829848289,0.0743972,10.21,1
N210I,N,210,I,0.502,0.26523527503,0.12187,15.45,1
N210K,N,210,K,0.37,0.277649849653,0.109193,14.66,2
N210S,N,210,S,0.262,0.254555851221,0.0382646,13.32,1
N210T,N,210,T,0.38,0.265505075455,0.0954717,14.21,1
N210Y,N,210,Y,0.48,0.273895859718,0.121662,17.72,1
T211A,T,211,A,0.881,0.43718290329,0.528719,26.9,1
T211I,T,211,I,0.944,0.54150980711,0.577827,26.5,1
T211N,T,211,N,0.756,0.498193204403,0.30673,25.2,1
T211P,T,211,P,0.911,0.433911651373,0.575931,28.8,1
T211S,T,211,S,0.798,0.449120521545,0.38477,22.9,2
F212C,F,212,C,0.647,0.421919316053,0.22661,22.1,1
F212I,F,212,I,0.478,0.398527115583,0.16084,16.87,1
F212L,F,212,L,0.489,0.424318671227,0.148143,16.41,3
F212S,F,212,S,0.554,0.400817275047,0.175066,21.9,1
F212V,F,212,V,0.471,0.387724488974,0.165315,16.7,1
F212Y,F,212,Y,0.395,0.417359948158,0.147591,17.1,1
R213G,R,213,G,0.915,0.479606151581,0.528671,24.8,1
R213L,R,213,L,0.929,0.497767806053,0.57366,29.1,1
R213P,R,213,P,0.951,0.514287531376,0.573851,29.9,1
R213Q,R,213,Q,0.92,0.437440633774,0.515915,29.4,1
H214D,H,214,D,0.844,0.456085503101,0.413615,28.4,1
H214L,H,214,L,0.869,0.431119799614,0.390539,27.7,1
H214N,H,214,N,0.735,0.449450224638,0.269751,28.4,1
H214P,H,214,P,0.932,0.41982281208,0.466454,27.6,1
H214Q,H,214,Q,0.55,0.438397288322,0.129342,0.491,2
H214R,H,214,R,0.885,0.460615664721,0.451423,26.2,1
H214Y,H,214,Y,0.736,0.45855525136,0.296918,28.5,1
S215C,S,215,C,0.902,0.584414660931,0.492254,26.8,1
S215G,S,215,G,0.896,0.533938109875,0.389015,26.3,1
S215I,S,215,I,0.913,0.595748066902,0.563937,25.7,1
S215N,S,215,N,0.785,0.619531989098,0.2567,25.0,1
S215R,S,215,R,0.917,0.628567218781,0.500989,27.4,3
S215T,S,215,T,0.852,0.577245295048,0.395759,24.9,1
V216A,V,216,A,0.961,0.668893158436,0.566936,28.3,1
V216E,V,216,E,0.982,0.657764732838,0.585406,31.0,1
V216G,V,216,G,0.98,0.569784164429,0.576068,32.0,1
V216L,V,216,L,0.948,0.663902878761,0.551947,25.8,2
V216M,V,216,M,0.956,0.687893509865,0.54851,26.8,1
V217A,V,217,A,0.647,0.386490732431,0.208085,24.6,1
V217E,V,217,E,0.723,0.375977039337,0.362356,25.9,1
V217G,V,217,G,0.731,0.32273581624,0.329911,23.1,1
V217L,V,217,L,0.544,0.376116603613,0.146338,18.16,2
V217M,V,217,M,0.451,0.392334640026,0.0350284,23.8,1
V218A,V,218,A,0.974,0.588962197304,0.536694,29.3,1
V218E,V,218,E,0.977,0.576700687408,0.584627,31.0,1
V218G,V,218,G,0.972,0.486845761538,0.584902,32.0,1
V218L,V,218,L,0.864,0.570983827114,0.396219,24.8,2
V218M,V,218,M,0.873,0.598757743835,0.41,25.6,1
P219A,P,219,A,0.937,0.67264175415,0.578016,27.1,1
P219H,P,219,H,0.957,0.715465188026,0.588101,29.7,1
P219L,P,219,L,0.947,0.728286862373,0.573276,31.0,1
P219R,P,219,R,0.966,0.723900556564,0.588101,32.0,1
P219S,P,219,S,0.96,0.682551324368,0.578601,28.5,1
P219T,P,219,T,0.962,0.708151221275,0.588196,28.0,1
Y220C,Y,220,C,0.936,0.65837687254,0.546373,32.0,1
Y220D,Y,220,D,0.934,0.650573372841,0.585502,31.0,1
Y220F,Y,220,F,0.838,0.582477688789,0.331693,27.9,1
Y220H,Y,220,H,0.909,0.66364133358,0.494776,31.0,1
Y220N,Y,220,N,0.91,0.656169652939,0.511416,31.0,1
Y220S,Y,220,S,0.918,0.595946490765,0.566832,29.5,1
E221A,E,221,A,0.88,0.523147940636,0.490505,27.1,1
E221D,E,221,D,0.669,0.522739946842,0.295907,17.04,2
E221G,E,221,G,0.826,0.491677343845,0.495452,27.4,1
E221K,E,221,K,0.897,0.597475886345,0.514723,28.1,1
E221Q,E,221,Q,0.84,0.519241631031,0.372954,25.7,1
E221V,E,221,V,0.901,0.508418083191,0.531919,28.2,1
P222A,P,222,A,0.395,0.319143801928,0.191222,15.78,1
P222L,P,222,L,0.585,0.358992308378,0.25443,18.59,1
P222Q,P,222,Q,0.626,0.327593505383,0.273639,22.6,1
P222R,P,222,R,0.602,0.362974524498,0.292202,19.23,1
P222S,P,222,S,0.344,0.320411533117,0.154628,16.69,1
P222T,P,222,T,0.533,0.344386488199,0.234075,16.21,1
P223A,P,223,A,0.759,0.453003168106,0.277334,26.4,1
P223H,P,223,H,0.728,0.504650592804,0.384756,27.1,1
P223L,P,223,L,0.634,0.518435776234,0.270664,25.0,1
P223R,P,223,R,0.74,0.51741194725,0.417603,28.9,1
P223S,P,223,S,0.765,0.464380145073,0.383259,28.0,1
P223T,P,223,T,0.786,0.491161972284,0.37817,27.2,1
E224A,E,224,A,0.825,0.396318852901,0.280673,35.0,1
E224D,E,224,D,0.697,0.402968108654,0.251332,34.0,2
E224G,E,224,G,0.89,0.375100016594,0.288856,35.0,1
E224K,E,224,K,0.701,0.454997450113,0.30296,28.7,1
E224Q,E,224,Q,0.533,0.378933519125,0.161851,18.96,1
E224V,E,224,V,0.868,0.385212421417,0.352418,35.0,1
V225A,V,225,A,0.449,0.365219950676,0.169825,22.3,1
V225D,V,225,D,0.645,0.368404984474,0.317358,25.7,1
V225F,V,225,F,0.704,0.341526091099,0.250919,29.6,1
V225G,V,225,G,0.644,0.308130502701,0.285468,25.4,1
V225I,V,225,I,0.388,0.290365487337,0.140677,20.8,1
V225L,V,225,L,0.4,0.350126981735,0.112563,22.5,1
G226A,G,226,A,0.767,0.42351514101,0.340717,22.7,1
G226C,G,226,C,0.877,0.451501369476,0.452762,26.3,1
G226D,G,226,D,0.698,0.498607903719,0.26543,23.0,1
G226R,G,226,R,0.879,0.49247393012,0.406523,25.3,1
G226S,G,226,S,0.866,0.419638901949,0.364074,25.5,1
G226V,G,226,V,0.838,0.424731016159,0.420671,24.1,1
S227A,S,227,A,0.372,0.41840493679,0.124413,18.42,1
S227C,S,227,C,0.618,0.438294529915,0.221942,24.5,1
S227F,S,227,F,0.727,0.451789528131,0.276472,25.4,1
S227P,S,227,P,0.681,0.435930490494,0.314175,19.99,1
S227T,S,227,T,0.605,0.427440404892,0.227452,16.98,1
S227Y,S,227,Y,0.772,0.464410245419,0.293973,28.6,1
D228A,D,228,A,0.758,0.386544287205,0.284203,23.6,1
D228E,D,228,E,0.371,0.384460806847,0.0725677,6.103,2
D228G,D,228,G,0.704,0.379373192787,0.288914,23.6,1
D228H,D,228,H,0.777,0.422578662634,0.325564,29.1,1
D228N,D,228,N,0.546,0.409199953079,0.177758,23.9,1
D228V,D,228,V,0.829,0.369213014841,0.363681,26.1,1
D228Y,D,228,Y,0.849,0.416832000017,0.374087,31.0,1
C229F,C,229,F,0.401,0.430563390255,0.118635,19.09,1
C229G,C,229,G,0.738,0.412088096142,0.240501,24.3,1
C229R,C,229,R,0.754,0.487895637751,0.216782,24.8,1
C229S,C,229,S,0.6,0.424913495779,0.202173,22.5,2
C229W,C,229,W,0.594,0.467027485371,0.180481,19.52,1
C229Y,C,229,Y,0.389,0.499858438969,0.0918238,17.0,1
T230A,T,230,A,0.856,0.524401664734,0.460141,24.4,1
T230I,T,230,I,0.936,0.629224002361,0.542867,29.2,1
T230N,T,230,N,0.875,0.590586006641,0.270118,29.1,1
T230P,T,230,P,0.92,0.521362781525,0.547084,31.0,1
T230S,T,230,S,0.867,0.53697258234,0.339614,25.1,2
T231A,T,231,A,0.905,0.390783846378,0.445824,24.7,1
T231I,T,231,I,0.942,0.489123880863,0.527987,29.5,1
T231N,T,231,N,0.885,0.445819139481,0.296283,28.9,1
T231P,T,231,P,0.959,0.392360240221,0.574992,33.0,1
T231S,T,231,S,0.922,0.398596763611,0.388367,27.5,2
I232F,I,232,F,0.84,0.496279597282,0.457394,24.3,1
I232L,I,232,L,0.688,0.487877488136,0.262086,20.9,1
I232M,I,232,M,0.776,0.463850617409,0.372412,24.0,1
I232N,I,232,N,0.916,0.563661456108,0.421117,31.0,1
I232S,I,232,S,0.935,0.51050555706,0.567063,31.0,1
I232T,I,232,T,0.92,0.59052157402,0.54468,29.2,1
I232V,I,232,V,0.419,0.426753878593,0.140064,15.57,1
H233D,H,233,D,0.876,0.502617835999,0.464211,26.2,1
H233L,H,233,L,0.579,0.4769526124,0.202091,20.4,1
H233N,H,233,N,0.711,0.50764131546,0.224544,25.5,1
H233P,H,233,P,0.844,0.478329569101,0.410445,29.6,1
H233Q,H,233,Q,0.669,0.491888463497,0.223456,25.4,2
H233R,H,233,R,0.717,0.507315337658,0.318885,25.6,1
H233Y,H,233,Y,0.69,0.515616774559,0.249996,25.1,1
Y234C,Y,234,C,0.945,0.769034743309,0.533688,26.0,1
Y234D,Y,234,D,0.876,0.761645078659,0.520495,24.5,1
Y234F,Y,234,F,0.686,0.704805135727,0.192759,20.9,1
Y234H,Y,234,H,0.89,0.774564623833,0.365702,27.8,1
Y234N,Y,234,N,0.941,0.768200397491,0.506211,27.8,1
Y234S,Y,234,S,0.936,0.720710873604,0.456489,25.8,1
N235D,N,235,D,0.912,0.610212802887,0.265924,28.4,1
N235H,N,235,H,0.902,0.577042937279,0.27756,28.6,1
N235I,N,235,I,0.886,0.571520447731,0.253559,27.8,1
N235K,N,235,K,0.566,0.630414366722,0.146344,23.2,2
N235S,N,235,S,0.593,0.525174260139,-0.071271,22.5,1
N235T,N,235,T,0.872,0.55944943428,0.254796,28.5,1
N235Y,N,235,Y,0.932,0.601739048958,0.399646,29.3,1
Y236C,Y,236,C,0.811,0.518420934677,0.447987,24.8,1
Y236D,Y,236,D,0.845,0.507935643196,0.504604,29.7,1
Y236F,Y,236,F,0.468,0.446006417274,0.141824,14.88,1
Y236H,Y,236,H,0.772,0.514107942581,0.287845,32.0,1
Y236N,Y,236,N,0.837,0.516093254089,0.424015,29.5,1
Y236S,Y,236,S,0.78,0.470029264688,0.371772,25.1,1
M237I,M,237,I,0.923,0.723813772202,0.473186,26.4,3
M237K,M,237,K,0.957,0.775584459305,0.552028,28.1,1
M237L,M,237,L,0.941,0.72670507431,0.424856,27.8,2
M237R,M,237,R,0.948,0.761009514332,0.586906,32.0,1
M237T,M,237,T,0.948,0.798733115196,0.525286,26.8,1
M237V,M,237,V,0.937,0.677708029747,0.485997,25.9,1
C238F,C,238,F,0.958,0.853426218033,0.583032,29.4,1
C238G,C,238,G,0.938,0.829264640808,0.579568,29.6,1
C238R,C,238,R,0.954,0.891003072262,0.588435,29.3,1
C238S,C,238,S,0.956,0.845578312874,0.588435,27.6,2
C238W,C,238,W,0.896,0.875457644463,0.538724,24.4,1
C238Y,C,238,Y,0.957,0.896099328995,0.583029,27.9,1
N239D,N,239,D,0.948,0.684925734997,0.308347,28.3,1
N239H,N,239,H,0.927,0.652871966362,0.304082,27.2,1
N239I,N,239,I,0.943,0.647757470608,0.44401,28.9,1
N239K,N,239,K,0.811,0.706839561462,0.241124,24.7,2
N239S,N,239,S,0.897,0.600420355797,0.238888,26.1,1
N239T,N,239,T,0.935,0.634143710136,0.310525,27.8,1
N239Y,N,239,Y,0.905,0.676705658436,0.531089,31.0,1
S240C,S,240,C,0.923,0.604400157928,0.455538,27.1,1
S240G,S,240,G,0.872,0.558230638504,0.339231,26.3,1
S240I,S,240,I,0.883,0.622592270374,0.513756,26.3,1
S240N,S,240,N,0.75,0.64470666647,0.236908,25.3,1
S240R,S,240,R,0.939,0.653333961964,0.521431,26.9,3
S240T,S,240,T,0.8,0.599380791187,0.326603,24.9,1
S241A,S,241,A,0.858,0.671365082264,0.405599,26.0,1
S241C,S,241,C,0.952,0.690702676773,0.520653,26.6,1
S241F,S,241,F,0.958,0.716725349426,0.544964,27.6,1
S241P,S,241,P,0.954,0.695250272751,0.542659,27.7,1
S241T,S,241,T,0.922,0.687470853329,0.530973,25.5,1
S241Y,S,241,Y,0.96,0.735146641731,0.544724,26.9,1
C242F,C,242,F,0.977,0.781299948692,0.583204,27.9,1
C242G,C,242,G,0.963,0.7407143116,0.582988,29.4,1
C242R,C,242,R,0.966,0.834287881851,0.588171,31.0,1
C242S,C,242,S,0.96,0.76516699791,0.575151,28.3,2
C242W,C,242,W,0.94,0.81046795845,0.541846,28.4,1
C242Y,C,242,Y,0.973,0.845045804977,0.583201,27.8,1
M243I,M,243,I,0.82,0.529458165169,0.237802,25.2,3
M243K,M,243,K,0.933,0.600225687027,0.405479,27.9,1
M243L,M,243,L,0.763,0.523681163788,0.226229,25.2,2
M243R,M,243,R,0.89,0.579860389233,0.397906,31.0,1
M243T,M,243,T,0.879,0.642083406448,0.373759,26.6,1
M243V,M,243,V,0.705,0.465215325356,0.171079,24.6,1
G244A,G,244,A,0.922,0.700764536858,0.470752,25.8,1
G244C,G,244,C,0.94,0.740401506424,0.570103,28.1,1
G244D,G,244,D,0.953,0.778996288776,0.581109,26.5,1
G244R,G,244,R,0.942,0.771627604961,0.577391,27.3,1
G244S,G,244,S,0.936,0.703942298889,0.487533,27.0,1
G244V,G,244,V,0.949,0.705236256123,0.581131,26.3,1
G245A,G,245,A,0.946,0.691074371338,0.576197,25.9,1
G245C,G,245,C,0.97,0.733492791653,0.581969,28.2,1
G245D,G,245,D,0.974,0.781971752644,0.514803,26.6,1
G245R,G,245,R,0.961,0.771755635738,0.581969,27.3,1
G245S,G,245,S,0.947,0.680651247501,0.550935,27.5,1
G245V,G,245,V,0.972,0.698998272419,0.464504,26.4,1
M246I,M,246,I,0.838,0.737893283367,0.354602,26.7,3
M246K,M,246,K,0.963,0.790868639946,0.524814,28.0,1
M246L,M,246,L,0.865,0.739044189453,0.371126,27.5,2
M246R,M,246,R,0.959,0.778439700603,0.50817,28.6,1
M246T,M,246,T,0.956,0.818254828453,0.426885,26.8,1
M246V,M,246,V,0.924,0.68984234333,0.423792,25.8,1
N247D,N,247,D,0.94,0.741274297237,0.316668,28.2,1
N247H,N,247,H,0.938,0.709385812283,0.36014,27.1,1
N247I,N,247,I,0.953,0.699343144894,0.500739,28.6,1
N247K,N,247,K,0.889,0.757297158241,0.256614,24.4,2
N247S,N,247,S,0.935,0.654582023621,0.264055,26.2,1
N247T,N,247,T,0.95,0.686528921127,0.377327,28.3,1
N247Y,N,247,Y,0.959,0.731437444687,0.536857,29.8,1
R248G,R,248,G,0.932,0.678540825844,0.536999,27.2,1
R248L,R,248,L,0.96,0.71301984787,0.562571,29.4,1
R248P,R,248,P,0.965,0.716261148453,0.562621,32.0,1
R248Q,R,248,Q,0.934,0.628834724426,0.377622,29.4,1
R248W,R,248,W,0.927,0.757502555847,0.537007,28.3,1
R249G,R,249,G,0.888,0.713269948959,0.50533,23.2,1
R249K,R,249,K,0.893,0.757820725441,0.486359,32.0,1
R249M,R,249,M,0.911,0.739705622196,0.563746,32.0,1
R249S,R,249,S,0.769,0.726238965988,0.465778,22.5,2
R249T,R,249,T,0.921,0.752007424831,0.560359,32.0,1
R249W,R,249,W,0.846,0.778401017189,0.51236,23.4,1
P250A,P,250,A,0.892,0.814625024796,0.520185,25.8,1
P250H,P,250,H,0.941,0.848076939583,0.566795,27.5,1
P250L,P,250,L,0.962,0.854680120945,0.585222,28.3,1
P250R,P,250,R,0.963,0.852072000504,0.580039,27.5,1
P250S,P,250,S,0.939,0.821477770805,0.565036,26.7,1
P250T,P,250,T,0.949,0.838645637035,0.584586,26.2,1
I251F,I,251,F,0.962,0.736959218979,0.579794,26.9,1
I251L,I,251,L,0.882,0.732288956642,0.523267,26.8,1
I251M,I,251,M,0.779,0.699639260769,0.493383,24.0,1
I251N,I,251,N,0.927,0.798596262932,0.461402,27.7,1
I251S,I,251,S,0.959,0.74542349577,0.582634,28.2,1
I251T,I,251,T,0.922,0.808413922787,0.536891,27.0,1
I251V,I,251,V,0.856,0.653573811054,0.413862,25.3,1
L252F,L,252,F,0.716,0.652313113213,0.309538,23.7,1
L252H,L,252,H,0.914,0.728407502174,0.411351,26.7,1
L252I,L,252,I,0.479,0.658610701561,0.14409,23.4,1
L252P,L,252,P,0.952,0.755932807922,0.569275,27.6,1
L252R,L,252,R,0.927,0.72625887394,0.556,26.7,1
L252V,L,252,V,0.607,0.606452405453,0.175956,23.4,1
T253A,T,253,A,0.854,0.4987385571,0.313137,23.4,1
T253I,T,253,I,0.79,0.608500659466,0.178426,24.2,1
T253N,T,253,N,0.895,0.570061981678,0.328226,23.8,1
T253P,T,253,P,0.942,0.518445372581,0.486879,25.8,1
T253S,T,253,S,0.854,0.511714458466,0.322642,24.4,2
I254F,I,254,F,0.942,0.747540354729,0.577481,25.4,1
I254L,I,254,L,0.871,0.737508237362,0.396977,25.1,1
I254M,I,254,M,0.877,0.70865470171,0.500309,18.72,1
I254N,I,254,N,0.962,0.803854763508,0.54488,26.1,1
I254S,I,254,S,0.953,0.756345868111,0.582326,26.2,1
I254T,I,254,T,0.954,0.816529393196,0.581981,25.2,1
I254V,I,254,V,0.78,0.666490614414,0.240123,24.2,1
I255F,I,255,F,0.785,0.642040789127,0.261726,24.3,1
I255L,I,255,L,0.637,0.637490868568,0.153214,19.26,1
I255M,I,255,M,0.791,0.604276418686,0.337638,23.7,1
I255N,I,255,N,0.928,0.720617413521,0.407497,27.1,1
I255S,I,255,S,0.943,0.656754374504,0.562206,27.4,1
I255T,I,255,T,0.948,0.738251447678,0.547658,25.9,1
I255V,I,255,V,0.628,0.558455407619,0.148776,23.2,1
T256A,T,256,A,0.909,0.663574337959,0.545239,24.7,1
T256I,T,256,I,0.932,0.765385389328,0.573872,26.0,1
T256K,T,256,K,0.936,0.745698451996,0.583456,26.4,1
T256P,T,256,P,0.945,0.658309578896,0.563464,25.4,1
T256R,T,256,R,0.935,0.734037160873,0.583459,26.0,1
T256S,T,256,S,0.846,0.672398149967,0.266989,24.2,1
L257M,L,257,M,0.843,0.676450431347,0.473525,24.5,1
L257P,L,257,P,0.933,0.777184963226,0.586651,27.8,1
L257Q,L,257,Q,0.916,0.704273700714,0.584126,27.5,1
L257R,L,257,R,0.922,0.752893924713,0.574778,27.8,1
L257V,L,257,V,0.896,0.65448987484,0.532324,24.1,1
E258A,E,258,A,0.955,0.66879349947,0.543458,28.5,1
E258D,E,258,D,0.897,0.671800732613,0.425272,23.8,2
E258G,E,258,G,0.952,0.634052634239,0.549843,29.1,1
E258K,E,258,K,0.961,0.749386906624,0.58127,27.8,1
E258Q,E,258,Q,0.936,0.663307905197,0.396954,25.9,1
E258V,E,258,V,0.963,0.655923485756,0.567546,32.0,1
D259A,D,259,A,0.691,0.581425666809,0.347622,23.8,1
D259E,D,259,E,0.565,0.607867002487,0.211563,15.52,2
D259G,D,259,G,0.655,0.587353587151,0.332605,22.7,1
D259H,D,259,H,0.714,0.650170505047,0.331516,25.2,1
D259N,D,259,N,0.532,0.627447724342,0.143577,22.1,1
D259V,D,259,V,0.742,0.572683930397,0.398164,25.5,1
D259Y,D,259,Y,0.737,0.633062124252,0.355197,23.4,1
S260A,S,260,A,0.599,0.401729345322,0.191458,15.07,1
S260C,S,260,C,0.66,0.424764692783,0.280464,24.9,1
S260F,S,260,F,0.636,0.441260188818,0.325249,23.4,1
S260P,S,260,P,0.659,0.428762257099,0.30768,16.76,1
S260T,S,260,T,0.53,0.417704224586,0.163875,15.02,1
S260Y,S,260,Y,0.668,0.460459440947,0.325511,24.7,1
S261C,S,261,C,0.434,0.377453744411,0.0978505,25.1,1
S261G,S,261,G,0.384,0.342597365379,0.0751428,22.8,1
S261I,S,261,I,0.575,0.388223409653,0.0868065,31.0,1
S261N,S,261,N,0.284,0.391750842333,0.0299224,23.4,1
S261R,S,261,R,0.456,0.403241813183,0.166403,22.7,3
S261T,S,261,T,0.356,0.366574704647,0.052415,25.2,1
G262A,G,262,A,0.925,0.558227658272,0.568711,25.8,1
G262C,G,262,C,0.865,0.592853426933,0.5775,32.0,1
G262D,G,262,D,0.931,0.647100090981,0.569688,26.7,1
G262R,G,262,R,0.889,0.634755313396,0.559275,31.0,1
G262S,G,262,S,0.876,0.549366831779,0.540768,33.0,1
G262V,G,262,V,0.929,0.564261674881,0.576512,26.6,1
N263D,N,263,D,0.315,0.465129107237,-0.212129,21.6,1
N263H,N,263,H,0.315,0.437086760998,0.0809893,21.7,1
N263I,N,263,I,0.318,0.436995565891,0.0850298,19.74,1
N263K,N,263,K,0.213,0.478592693806,-0.0945737,0.7,2
N263S,N,263,S,0.243,0.394654929638,-0.0254468,15.76,1
N263T,N,263,T,0.338,0.430435240269,0.0685118,17.44,1
N263Y,N,263,Y,0.446,0.45376342535,0.159412,22.7,1
L264I,L,264,I,0.378,0.39193418622,0.116639,21.4,1
L264P,L,264,P,0.831,0.482539951801,0.382644,23.8,1
L264Q,L,264,Q,0.813,0.405032515526,0.347698,29.3,1
L264R,L,264,R,0.822,0.453418523073,0.394044,23.6,1
L264V,L,264,V,0.381,0.365718364716,0.0580477,14.99,1
L265M,L,265,M,0.87,0.521926105022,0.527209,25.7,1
L265P,L,265,P,0.948,0.63516920805,0.574854,32.0,1
L265Q,L,265,Q,0.964,0.54758888483,0.584177,32.0,1
L265R,L,265,R,0.965,0.605093717575,0.584143,31.0,1
L265V,L,265,V,0.889,0.49471566081,0.485215,25.5,1
G266A,G,266,A,0.96,0.655290484428,0.570268,27.1,1
G266E,G,266,E,0.973,0.718372762203,0.582542,28.2,1
G266R,G,266,R,0.963,0.727310419083,0.582236,29.1,2
G266V,G,266,V,0.974,0.670758485794,0.582542,29.3,1
R267G,R,267,G,0.946,0.594742655754,0.536921,30.0,1
R267L,R,267,L,0.911,0.622085690498,0.561215,32.0,1
R267P,R,267,P,0.927,0.634255111217,0.576331,32.0,1
R267Q,R,267,Q,0.902,0.544253587723,0.534336,32.0,1
R267W,R,267,W,0.917,0.674147903919,0.543131,26.6,1
N268D,N,268,D,0.221,0.352970808744,-0.0136439,15.47,1
N268H,N,268,H,0.404,0.336143016815,0.0656171,22.6,1
N268I,N,268,I,0.511,0.348447233438,0.199794,23.4,1
N268K,N,268,K,0.344,0.370699703693,0.0837572,23.5,2
N268S,N,268,S,0.327,0.317216396332,0.0557266,14.65,1
N268T,N,268,T,0.384,0.342560589314,0.105795,22.8,1
N268Y,N,268,Y,0.561,0.353497475386,0.152211,23.2,1
S269C,S,269,C,0.46,0.478555858135,0.137425,23.0,1
S269G,S,269,G,0.688,0.441429287195,0.235749,24.9,1
S269I,S,269,I,0.81,0.504601597786,0.308912,23.7,1
S269N,S,269,N,0.729,0.513376116753,0.149235,23.1,1
S269R,S,269,R,0.812,0.528897941113,0.382358,25.5,3
S269T,S,269,T,0.603,0.480905413628,0.173,16.74,1
F270C,F,270,C,0.929,0.711112260818,0.556308,31.0,1
F270I,F,270,I,0.938,0.69253385067,0.518909,29.9,1
F270L,F,270,L,0.935,0.716722607613,0.485455,31.0,3
F270S,F,270,S,0.945,0.687322616577,0.569316,32.0,1
F270V,F,270,V,0.926,0.676756739616,0.525671,29.9,1
F270Y,F,270,Y,0.936,0.705105185509,0.499907,28.8,1
E271A,E,271,A,0.95,0.627500236034,0.566356,29.9,1
E271D,E,271,D,0.844,0.621397912502,0.392361,24.3,2
E271G,E,271,G,0.967,0.593433380127,0.560348,32.0,1
E271K,E,271,K,0.935,0.699565887451,0.573901,29.8,1
E271Q,E,271,Q,0.924,0.610047221184,0.527745,28.5,1
E271V,E,271,V,0.972,0.612578868866,0.58119,32.0,1
V272A,V,272,A,0.658,0.545542836189,0.307153,25.1,1
V272E,V,272,E,0.806,0.536091446877,0.486724,25.7,1
V272G,V,272,G,0.707,0.464974880219,0.347787,25.8,1
V272L,V,272,L,0.878,0.533342838287,0.470042,26.0,2
V272M,V,272,M,0.907,0.560366272926,0.51421,26.7,1
R273C,R,273,C,0.901,0.733368992805,0.433271,31.0,1
R273G,R,273,G,0.902,0.657823204994,0.554478,28.8,1
R273H,R,273,H,0.868,0.680267095566,0.487327,24.8,1
R273L,R,273,L,0.921,0.687283277512,0.5772,28.1,1
R273P,R,273,P,0.932,0.693841576576,0.57871,28.8,1
R273S,R,273,S,0.906,0.667681515217,0.559385,27.1,1
V274A,V,274,A,0.847,0.430889248848,0.381747,27.1,1
V274D,V,274,D,0.889,0.426345050335,0.54013,28.6,1
V274F,V,274,F,0.773,0.400211811066,0.385401,21.1,1
V274G,V,274,G,0.865,0.365179240704,0.480777,27.9,1
V274I,V,274,I,0.367,0.317932397127,0.0357549,10.31,1
V274L,V,274,L,0.63,0.409484028816,0.211738,16.28,1
C275F,C,275,F,0.981,0.727299332619,0.583481,27.9,1
C275G,C,275,G,0.957,0.690985918045,0.586616,29.6,1
C275R,C,275,R,0.962,0.779009699821,0.586616,31.0,1
C275S,C,275,S,0.982,0.710456371307,0.586567,29.1,2
C275W,C,275,W,0.922,0.760671257973,0.551479,29.5,1
C275Y,C,275,Y,0.972,0.794268906116,0.583481,27.6,1
A276D,A,276,D,0.951,0.729721307755,0.581673,29.9,1
A276G,A,276,G,0.93,0.626156508923,0.449773,29.2,1
A276P,A,276,P,0.949,0.695344686508,0.560163,27.1,1
A276S,A,276,S,0.85,0.606026649475,0.395478,26.2,1
A276T,A,276,T,0.928,0.643109917641,0.490359,24.6,1
A276V,A,276,V,0.934,0.662824034691,0.53291,31.0,1
C277F,C,277,F,0.932,0.680254101753,0.566044,27.1,1
C277G,C,277,G,0.846,0.639214515686,0.436081,28.6,1
C277R,C,277,R,0.889,0.745264947414,0.585806,31.0,1
C277S,C,277,S,0.936,0.668211102486,0.583563,28.9,2
C277W,C,277,W,0.875,0.720313370228,0.482617,25.8,1
C277Y,C,277,Y,0.94,0.756224036217,0.566646,26.9,1
P278A,P,278,A,0.958,0.689028382301,0.560575,27.2,1
P278H,P,278,H,0.95,0.740395665169,0.58868,29.9,1
P278L,P,278,L,0.94,0.755932033062,0.571886,32.0,1
P278R,P,278,R,0.951,0.749688565731,0.58868,29.5,1
P278S,P,278,S,0.963,0.70209634304,0.583515,28.6,1
P278T,P,278,T,0.954,0.726811349392,0.579476,28.1,1
G279A,G,279,A,0.907,0.622527241707,0.377886,25.2,1
G279E,G,279,E,0.907,0.688080787659,0.357462,25.8,1
G279R,G,279,R,0.896,0.704544007778,0.400384,33.0,2
G279V,G,279,V,0.937,0.634691596031,0.501348,25.9,1
G279W,G,279,W,0.93,0.686606347561,0.465304,29.6,1
R280G,R,280,G,0.924,0.648388087749,0.539656,28.0,1
R280I,R,280,I,0.942,0.6717415452,0.581044,30.0,1
R280K,R,280,K,0.935,0.697676301003,0.57776,27.3,1
R280S,R,280,S,0.878,0.658967077732,0.493753,24.2,2
R280T,R,280,T,0.94,0.688244283199,0.580771,28.2,1
D281A,D,281,A,0.977,0.582042992115,0.583854,31.0,1
D281E,D,281,E,0.909,0.609211921692,0.545911,24.1,2
D281G,D,281,G,0.974,0.591819405556,0.583801,31.0,1
D281H,D,281,H,0.961,0.648333013058,0.565173,24.8,1
D281N,D,281,N,0.943,0.629432380199,0.162963,28.5,1
D281V,D,281,V,0.969,0.579308390617,0.583854,29.7,1
D281Y,D,281,Y,0.957,0.633146047592,0.583114,28.3,1
R282G,R,282,G,0.863,0.556604027748,0.501805,27.4,1
R282L,R,282,L,0.898,0.582586050034,0.416469,28.3,1
R282P,R,282,P,0.911,0.59557980299,0.55318,29.3,1
R282Q,R,282,Q,0.887,0.50440633297,0.49809,28.6,1
R282W,R,282,W,0.896,0.640371799469,0.542691,31.0,1
R283C,R,283,C,0.74,0.501645088196,0.201378,23.7,1
R283G,R,283,G,0.714,0.428097248077,0.339958,24.4,1
R283H,R,283,H,0.836,0.438737183809,0.234006,26.8,1
R283L,R,283,L,0.685,0.444855242968,0.281861,22.9,1
R283P,R,283,P,0.804,0.461902111769,0.35506,27.8,1
R283S,R,283,S,0.687,0.431220889091,0.284729,22.9,1
T284A,T,284,A,0.46,0.388999044895,0.120101,25.3,1
T284I,T,284,I,0.699,0.512910604477,0.29903,26.0,1
T284K,T,284,K,0.714,0.477359622717,0.283178,26.5,1
T284P,T,284,P,0.569,0.403530716896,0.293877,26.0,1
T284R,T,284,R,0.728,0.465811282396,0.297801,26.1,1
T284S,T,284,S,0.495,0.398785173893,0.178939,23.4,1
E285A,E,285,A,0.91,0.391296505928,0.345004,29.0,1
E285D,E,285,D,0.524,0.39506983757,0.111635,20.8,2
E285G,E,285,G,0.923,0.367336153984,0.361483,32.0,1
E285K,E,285,K,0.91,0.463644117117,0.474993,28.4,1
E285Q,E,285,Q,0.883,0.384707033634,0.414826,26.4,1
E285V,E,285,V,0.936,0.378945022821,0.481554,29.9,1
E286A,E,286,A,0.913,0.44940790534,0.53692,31.0,1
E286D,E,286,D,0.765,0.449234634638,0.295185,20.8,2
E286G,E,286,G,0.913,0.420659571886,0.427816,32.0,1
E286K,E,286,K,0.949,0.519395112991,0.566471,29.5,1
E286Q,E,286,Q,0.905,0.442573457956,0.351212,27.0,1
E286V,E,286,V,0.916,0.434215962887,0.447069,32.0,1
E287A,E,287,A,0.562,0.384711831808,0.211845,24.4,1
E287D,E,287,D,0.405,0.382753252983,0.0840364,5.247,2
E287G,E,287,G,0.626,0.375111758709,0.223868,25.6,1
E287K,E,287,K,0.583,0.430833995342,0.198359,23.7,1
E287Q,E,287,Q,0.623,0.382405102253,0.204575,24.6,1
E287V,E,287,V,0.644,0.369265973568,0.244149,27.7,1
N288D,N,288,D,0.513,0.497275203466,0.114992,24.1,1
N288H,N,288,H,0.554,0.467062562704,0.167204,24.1,1
N288I,N,288,I,0.718,0.469683051109,0.237229,24.7,1
N288K,N,288,K,0.679,0.513424038887,0.217172,23.0,2
N288S,N,288,S,0.48,0.428150415421,0.0928534,19.02,1
N288T,N,288,T,0.633,0.460072577,0.187065,24.2,1
N288Y,N,288,Y,0.665,0.488535284996,0.249137,24.7,1
L289F,L,289,F,0.344,0.39589202404,-0.00242514,7.772,1
L289H,L,289,H,0.399,0.443645298481,0.120422,19.49,1
L289I,L,289,I,0.349,0.414912104607,0.0471554,12.63,1
L289P,L,289,P,0.518,0.429830819368,0.155922,23.8,1
L289R,L,289,R,0.426,0.443007022142,0.111817,19.16,1
L289V,L,289,V,0.399,0.398412585258,0.093757,12.58,1
R290C,R,290,C,0.709,0.21709856391,0.150931,26.9,1
R290G,R,290,G,0.567,0.20612770319,0.241864,22.5,1
R290H,R,290,H,0.584,0.204295560718,0.0347643,1.365,1
R290L,R,290,L,0.651,0.206337422132,0.279941,3.822,1
R290P,R,290,P,0.613,0.211611807346,0.230939,13.39,1
R290S,R,290,S,0.605,0.206315100193,0.242854,22.4,1
K291E,K,291,E,0.557,0.419059813023,0.22313,24.5,1
K291M,K,291,M,0.796,0.383427321911,0.306282,26.4,1
K291N,K,291,N,0.568,0.438282907009,0.19388,18.71,2
K291Q,K,291,Q,0.61,0.399709105492,0.250922,21.0,1
K291R,K,291,R,0.694,0.385821342468,0.120845,25.3,1
K291T,K,291,T,0.791,0.435051620007,0.293972,25.6,1
K292E,K,292,E,0.51,0.400424867868,0.221091,22.2,1
K292I,K,292,I,0.832,0.396621346474,0.384261,23.5,1
K292N,K,292,N,0.45,0.414112269878,0.126405,12.77,2
K292Q,K,292,Q,0.492,0.378282397985,0.160599,21.2,1
K292R,K,292,R,0.473,0.37148052454,0.172479,21.2,1
K292T,K,292,T,0.58,0.403683245182,0.23434,21.3,1
G293A,G,293,A,0.254,0.279658436775,0.0512809,0.6,1
G293E,G,293,E,0.242,0.302774459124,0.0407485,0.565,1
G293R,G,293,R,0.402,0.31102207303,0.15888,15.55,2
G293V,G,293,V,0.528,0.282604962587,0.143286,4.48,1
G293W,G,293,W,0.675,0.304016977549,0.295779,18.15,1
E294A,E,294,A,0.371,0.247382938862,0.132219,13.41,1
E294D,E,294,D,0.324,0.247810229659,0.0868294,3.048,2
E294G,E,294,G,0.297,0.239218115807,0.0705084,16.2,1
E294K,E,294,K,0.371,0.266442805529,0.148809,13.63,1
E294Q,E,294,Q,0.321,0.244972705841,0.068367,12.33,1
E294V,E,294,V,0.355,0.238524019718,0.118179,14.93,1
P295A,P,295,A,0.35,0.230055034161,0.0977539,0.373,1
P295H,P,295,H,0.258,0.23647223413,0.0903465,10.75,1
P295L,P,295,L,0.337,0.239488899708,-0.105673,11.53,1
P295R,P,295,R,0.325,0.242036506534,0.148097,10.33,1
P295S,P,295,S,0.308,0.227664276958,0.0208388,0.251,1
P295T,P,295,T,0.391,0.232827723026,0.103543,0.262,1
H296D,H,296,D,0.423,0.311442434788,0.0854712,1.044,1
H296L,H,296,L,0.387,0.292966187,0.10766,4.553,1
H296N,H,296,N,0.283,0.310363173485,0.00102717,1.255,1
H296P,H,296,P,0.389,0.296015501022,0.10315,5.871,1
H296Q,H,296,Q,0.349,0.296868979931,0.0124645,1.1,2
H296R,H,296,R,0.328,0.309023499489,0.0255644,1.343,1
H296Y,H,296,Y,0.368,0.320227324963,0.0759058,3.532,1
H297D,H,297,D,0.378,0.282146930695,0.0600826,8.755,1
H297L,H,297,L,0.354,0.280706167221,0.0576021,6.702,1
H297N,H,297,N,0.336,0.283545941114,0.0263643,7.336,1
H297P,H,297,P,0.349,0.270422130823,0.0130458,2.144,1
H297Q,H,297,Q,0.296,0.270861685276,-0.0533938,0.001,2
H297R,H,297,R,0.294,0.281152307987,0.00050017,4.409,1
H297Y,H,297,Y,0.304,0.282232612371,0.0449569,13.5,1
E298A,E,298,A,0.375,0.246454775333,0.161773,14.71,1
E298D,E,298,D,0.308,0.243093892932,0.0516102,1.131,2
E298G,E,298,G,0.402,0.242157414556,0.166504,15.95,1
E298K,E,298,K,0.286,0.25668990612,-0.095386,1.312,1
E298Q,E,298,Q,0.191,0.244873449206,-0.0327143,0.802,1
E298V,E,298,V,0.414,0.238563939929,0.183532,15.64,1
L299M,L,299,M,0.391,0.239164233208,0.106868,10.16,1
L299P,L,299,P,0.338,0.255717307329,0.0134448,1.965,1
L299Q,L,299,Q,0.274,0.242558211088,0.0298542,0.572,1
L299R,L,299,R,0.352,0.252280980349,0.0913643,0.742,1
L299V,L,299,V,0.352,0.235112369061,0.0619741,7.597,1
P300A,P,300,A,0.392,0.264594048262,0.140354,6.669,1
P300H,P,300,H,0.465,0.279028564692,0.207257,22.8,1
P300L,P,300,L,0.499,0.281634479761,0.181322,20.3,1
P300R,P,300,R,0.476,0.279277324677,0.199319,16.48,1
P300S,P,300,S,0.302,0.264134407043,0.107245,8.322,1
P300T,P,300,T,0.296,0.274476110935,0.119756,7.343,1
P301A,P,301,A,0.368,0.248833209276,0.114661,6.419,1
P301L,P,301,L,0.328,0.267255067825,0.136194,12.16,1
P301Q,P,301,Q,0.359,0.250388413668,0.124809,9.364,1
P301R,P,301,R,0.368,0.265136063099,0.0997939,14.78,1
P301S,P,301,S,0.354,0.245327234268,0.0826364,7.93,1
P301T,P,301,T,0.31,0.251618027687,0.0816994,8.107,1
G302A,G,302,A,0.314,0.236403882504,0.0971409,14.1,1
G302E,G,302,E,0.331,0.247713685036,0.0990343,15.53,1
G302R,G,302,R,0.374,0.254878163338,0.0776978,10.84,2
G302V,G,302,V,0.503,0.23642320931,0.171241,22.6,1
G302W,G,302,W,0.479,0.250360250473,0.177575,22.0,1
S303C,S,303,C,0.479,0.350799828768,0.21913,25.0,1
S303G,S,303,G,0.37,0.334474265575,0.114992,20.5,1
S303I,S,303,I,0.629,0.362836450338,0.281574,23.1,1
S303N,S,303,N,0.264,0.361709326506,0.0856626,15.63,1
S303R,S,303,R,0.565,0.364955127239,0.223938,21.3,3
S303T,S,303,T,0.315,0.347563624382,0.107934,14.55,1
T304A,T,304,A,0.272,0.296673774719,-0.139685,14.47,1
T304I,T,304,I,0.253,0.348073005676,0.0907148,18.74,1
T304N,T,304,N,0.199,0.32118844986,0.0132505,17.44,1
T304P,T,304,P,0.425,0.307389557362,0.172922,18.06,1
T304S,T,304,S,0.282,0.298064082861,0.0319483,16.96,2
K305E,K,305,E,0.652,0.504384338856,0.238223,27.6,1
K305M,K,305,M,0.764,0.458160459995,0.403641,27.6,1
K305N,K,305,N,0.615,0.522430002689,0.221923,24.6,2
K305Q,K,305,Q,0.685,0.473388969898,0.271711,26.5,1
K305R,K,305,R,0.572,0.455433666706,0.218607,24.7,1
K305T,K,305,T,0.68,0.509003281593,0.265107,26.4,1
R306G,R,306,G,0.741,0.397464603186,0.370592,25.1,1
R306L,R,306,L,0.725,0.415810823441,0.390208,28.3,1
R306P,R,306,P,0.79,0.422370284796,0.484313,27.0,1
R306Q,R,306,Q,0.764,0.36836796999,0.292477,22.9,1
A307E,A,307,E,0.571,0.32269847393,0.221185,19.24,1
A307G,A,307,G,0.431,0.293417543173,0.197924,22.7,1
A307P,A,307,P,0.491,0.32544735074,0.179186,25.8,1
A307S,A,307,S,0.432,0.287665426731,0.127906,22.1,1
A307T,A,307,T,0.371,0.298551559448,0.0883429,22.3,1
A307V,A,307,V,0.427,0.306240975857,0.175746,21.6,1
L308M,L,308,M,0.406,0.3210760355,0.134097,15.4,1
L308P,L,308,P,0.564,0.400529831648,0.289088,24.7,1
L308Q,L,308,Q,0.533,0.346078544855,0.275928,26.8,1
L308R,L,308,R,0.559,0.375083804131,0.264436,21.6,1
L308V,L,308,V,0.427,0.305672138929,0.144913,18.98,1
P309A,P,309,A,0.443,0.358194947243,0.180243,16.01,1
P309H,P,309,H,0.444,0.389890253544,0.228567,23.9,1
P309L,P,309,L,0.535,0.398079365492,0.234614,20.8,1
P309R,P,309,R,0.44,0.396131575108,0.195963,19.69,1
P309S,P,309,S,0.607,0.358191370964,0.261912,17.48,1
P309T,P,309,T,0.546,0.374247670174,0.215348,16.88,1
N310D,N,310,D,0.34,0.279137253761,-0.0101046,9.949,1
N310H,N,310,H,0.35,0.271366119385,0.0448114,10.97,1
N310I,N,310,I,0.384,0.288055032492,0.0746659,9.536,1
N310K,N,310,K,0.196,0.285475611687,-0.0355747,0.987,2
N310S,N,310,S,0.352,0.256832093,-0.0618238,3.621,1
N310T,N,310,T,0.366,0.267612695694,-0.0434156,2.868,1
N310Y,N,310,Y,0.372,0.280889511108,0.0972094,16.43,1
N311D,N,311,D,0.22,0.272370487452,-0.0440728,1.445,1
N311H,N,311,H,0.234,0.260700315237,0.0264422,4.359,1
N311I,N,311,I,0.378,0.267014503479,0.0667637,1.011,1
N311K,N,311,K,0.311,0.273378819227,0.00501971,8.587,2
N311S,N,311,S,0.312,0.248020336032,-0.0525459,0.016,1
N311T,N,311,T,0.372,0.257087171078,-0.0391794,0.097,1
N311Y,N,311,Y,0.315,0.272616624832,0.0735235,10.67,1
T312A,T,312,A,0.478,0.333944648504,0.161147,15.92,1
T312I,T,312,I,0.52,0.40385055542,0.213302,21.3,1
T312N,T,312,N,0.455,0.375488489866,0.184249,19.7,1
T312P,T,312,P,0.356,0.345619976521,0.103654,17.39,1
T312S,T,312,S,0.405,0.342553019524,0.127163,15.09,2
S313C,S,313,C,0.458,0.35134601593,0.187224,23.2,1
S313G,S,313,G,0.316,0.333983123302,0.0787337,16.04,1
S313I,S,313,I,0.474,0.36081045866,0.18417,22.0,1
S313N,S,313,N,0.345,0.365561276674,0.0528619,15.33,1
S313R,S,313,R,0.574,0.371089726686,0.194083,18.84,3
S313T,S,313,T,0.318,0.351403027773,0.087543,14.27,1
S314A,S,314,A,0.399,0.32354426384,0.109377,15.18,1
S314C,S,314,C,0.43,0.327866852283,0.200526,16.69,1
S314F,S,314,F,0.526,0.340597361326,0.0940326,22.5,1
S314P,S,314,P,0.397,0.332121044397,0.142279,17.78,1
S314T,S,314,T,0.418,0.331386208534,0.135004,14.13,1
S314Y,S,314,Y,0.535,0.35292288661,0.222309,20.4,1
S315A,S,315,A,0.453,0.336779594421,0.163655,17.59,1
S315C,S,315,C,0.531,0.34115087986,0.230232,24.1,1
S315F,S,315,F,0.519,0.355954349041,0.236784,24.3,1
S315P,S,315,P,0.555,0.346128970385,0.204268,21.5,1
S315T,S,315,T,0.426,0.346934348345,-0.00949611,16.85,1
S315Y,S,315,Y,0.545,0.370955407619,0.239229,24.0,1
P316A,P,316,A,0.544,0.326123356819,0.193151,19.42,1
P316H,P,316,H,0.547,0.35267573595,0.201613,25.4,1
P316L,P,316,L,0.585,0.363594532013,0.241849,22.7,1
P316R,P,316,R,0.583,0.358194828033,0.230965,23.7,1
P316S,P,316,S,0.441,0.324032902718,0.180064,19.99,1
P316T,P,316,T,0.426,0.33768081665,0.149796,19.18,1
Q317E,Q,317,E,0.323,0.273062050343,0.0576585,7.992,1
Q317H,Q,317,H,0.397,0.284950762987,0.0685981,14.43,2
Q317K,Q,317,K,0.321,0.28510889411,0.0381818,9.142,1
Q317L,Q,317,L,0.395,0.270594596863,0.0935572,12.3,1
Q317P,Q,317,P,0.424,0.277894616127,0.0443686,10.57,1
Q317R,Q,317,R,0.366,0.280356824398,0.0450871,9.048,1
P318A,P,318,A,0.335,0.284030020237,0.103353,16.31,1
P318L,P,318,L,0.358,0.301683604717,0.139416,19.85,1
P318Q,P,318,Q,0.309,0.285937428474,0.0468338,13.08,1
P318R,P,318,R,0.336,0.307572841644,0.131488,18.53,1
P318S,P,318,S,0.302,0.274986416101,0.10174,15.64,1
P318T,P,318,T,0.329,0.284632503986,0.105144,15.77,1
K319E,K,319,E,0.787,0.523612737656,0.303686,24.7,1
K319M,K,319,M,0.863,0.476230919361,0.264702,26.7,1
K319N,K,319,N,0.839,0.54583966732,0.217999,26.8,2
K319Q,K,319,Q,0.815,0.495684027672,0.260416,26.3,1
K319R,K,319,R,0.718,0.478400051594,0.233003,23.9,1
K319T,K,319,T,0.855,0.531842947006,0.244106,26.0,1
K320E,K,320,E,0.759,0.447634577751,0.275986,24.4,1
K320M,K,320,M,0.789,0.412075579166,0.235283,25.2,1
K320N,K,320,N,0.706,0.466195940971,0.197566,24.3,2
K320Q,K,320,Q,0.743,0.422495365143,0.266417,28.0,1
K320R,K,320,R,0.605,0.413530737162,0.197208,22.9,1
K320T,K,320,T,0.8,0.463287055492,0.252709,23.3,1
K321E,K,321,E,0.722,0.517709851265,0.351444,24.4,1
K321I,K,321,I,0.741,0.505151987076,0.289743,25.7,1
K321N,K,321,N,0.6,0.537495136261,0.187089,19.1,2
K321Q,K,321,Q,0.727,0.492882162333,0.298964,26.5,1
K321R,K,321,R,0.589,0.48193603754,0.218971,22.4,1
K321T,K,321,T,0.7,0.533157348633,0.267594,22.7,1
P322A,P,322,A,0.429,0.338313728571,0.175032,16.06,1
P322L,P,322,L,0.367,0.374507248402,0.143384,15.85,1
P322Q,P,322,Q,0.531,0.335311114788,0.203516,19.9,1
P322R,P,322,R,0.505,0.375702828169,0.177603,15.14,1
P322S,P,322,S,0.474,0.329548120499,0.185019,17.77,1
P322T,P,322,T,0.555,0.348960399628,0.206427,17.28,1
L323M,L,323,M,0.362,0.311799645424,0.0974417,16.18,1
L323P,L,323,P,0.392,0.401582121849,0.139716,19.12,1
L323Q,L,323,Q,0.435,0.333923220634,0.185241,22.6,1
L323R,L,323,R,0.477,0.368903338909,0.192597,23.0,1
L323V,L,323,V,0.288,0.297127842903,0.0806266,12.91,1
D324A,D,324,A,0.811,0.410490632057,0.294994,27.1,1
D324E,D,324,E,0.615,0.42711904645,0.142397,22.8,2
D324G,D,324,G,0.808,0.411535918713,0.323382,32.0,1
D324H,D,324,H,0.634,0.467806130648,0.213002,25.1,1
D324N,D,324,N,0.665,0.447020113468,0.074677,23.8,1
D324V,D,324,V,0.809,0.405278742313,0.390845,28.5,1
D324Y,D,324,Y,0.768,0.461761951447,0.372013,26.4,1
G325A,G,325,A,0.271,0.367986083031,0.0737359,12.41,1
G325E,G,325,E,0.315,0.399953216314,0.0423755,8.621,1
G325R,G,325,R,0.463,0.425180435181,0.198796,23.3,2
G325V,G,325,V,0.68,0.371109932661,0.287457,18.35,1
E326A,E,326,A,0.883,0.473769128323,0.404923,27.8,1
E326D,E,326,D,0.702,0.472920238972,0.305755,22.2,2
E326G,E,326,G,0.894,0.444313585758,0.499001,28.5,1
E326K,E,326,K,0.842,0.552248835564,0.488412,25.2,1
E326Q,E,326,Q,0.792,0.461468040943,0.376598,26.3,1
E326V,E,326,V,0.874,0.455780118704,0.508173,29.9,1
Y327C,Y,327,C,0.658,0.599791407585,0.240866,27.6,1
Y327D,Y,327,D,0.723,0.597144007683,0.490731,27.2,1
Y327F,Y,327,F,0.604,0.53851878643,0.262707,24.0,1
Y327H,Y,327,H,0.732,0.606075167656,0.332774,23.0,1
Y327N,Y,327,N,0.718,0.600600004196,0.388877,24.8,1
Y327S,Y,327,S,0.696,0.554646492004,0.387925,24.5,1
F328C,F,328,C,0.912,0.674734055996,0.49931,24.1,1
F328I,F,328,I,0.903,0.649175882339,0.405686,26.8,1
F328L,F,328,L,0.845,0.681064009666,0.379728,27.2,3
F328S,F,328,S,0.859,0.652545809746,0.510204,26.0,1
F328V,F,328,V,0.932,0.635449767113,0.488517,26.8,1
F328Y,F,328,Y,0.61,0.671862840652,0.201365,22.4,1
T329A,T,329,A,0.835,0.503336310387,0.360264,25.6,1
T329I,T,329,I,0.758,0.612928271294,0.163074,21.7,1
T329N,T,329,N,0.78,0.570729970932,0.252006,24.3,1
T329P,T,329,P,0.86,0.510332286358,0.5374,24.5,1
T329S,T,329,S,0.771,0.51749587059,0.253357,23.8,2
L330F,L,330,F,0.856,0.509188234806,0.490054,25.3,1
L330H,L,330,H,0.943,0.585095286369,0.562044,26.8,1
L330I,L,330,I,0.772,0.528717517853,0.326217,24.9,1
L330P,L,330,P,0.957,0.624895691872,0.560924,27.5,1
L330R,L,330,R,0.943,0.593876004219,0.560835,27.5,1
L330V,L,330,V,0.813,0.468164592981,0.435444,24.9,1
Q331E,Q,331,E,0.522,0.430097162724,0.193903,18.61,1
Q331H,Q,331,H,0.582,0.454506099224,0.217811,33.0,2
Q331K,Q,331,K,0.467,0.445046395063,0.125897,18.27,1
Q331L,Q,331,L,0.761,0.40411901474,0.296045,26.9,1
Q331P,Q,331,P,0.741,0.430477708578,0.360912,23.9,1
Q331R,Q,331,R,0.592,0.438750386238,0.199913,24.0,1
I332F,I,332,F,0.869,0.62480533123,0.403861,25.5,1
I332L,I,332,L,0.743,0.609785795212,0.217078,24.2,1
I332M,I,332,M,0.798,0.5785831213,0.42141,19.95,1
I332N,I,332,N,0.926,0.679046034813,0.402092,27.7,1
I332S,I,332,S,0.949,0.630760252476,0.542402,28.3,1
I332T,I,332,T,0.945,0.703209400177,0.509548,26.1,1
I332V,I,332,V,0.416,0.527696311474,0.000781422,15.6,1
R333C,R,333,C,0.862,0.558148026466,0.255574,25.6,1
R333G,R,333,G,0.855,0.479465276003,0.343003,24.4,1
R333H,R,333,H,0.554,0.494957119226,-0.0635608,17.52,1
R333L,R,333,L,0.671,0.508807659149,0.213994,21.9,1
R333P,R,333,P,0.829,0.514392018318,0.437382,23.7,1
R333S,R,333,S,0.85,0.482622474432,0.330593,24.4,1
G334A,G,334,A,0.936,0.563282430172,0.542001,24.1,1
G334E,G,334,E,0.95,0.633699774742,0.563358,24.5,1
G334R,G,334,R,0.957,0.64413690567,0.563219,25.2,2
G334V,G,334,V,0.951,0.573892474174,0.561549,24.4,1
G334W,G,334,W,0.948,0.625045180321,0.563822,25.4,1
R335C,R,335,C,0.819,0.47083646059,0.357028,25.1,1
R335G,R,335,G,0.844,0.405618071556,0.44123,24.5,1
R335H,R,335,H,0.629,0.423370033503,0.0771313,16.74,1
R335L,R,335,L,0.775,0.42708620429,0.331541,20.5,1
R335P,R,335,P,0.875,0.435911864042,0.480094,23.2,1
R335S,R,335,S,0.832,0.415587425232,0.398051,23.5,1
E336A,E,336,A,0.35,0.32732385397,0.083735,21.7,1
E336D,E,336,D,0.399,0.323782294989,0.00542418,13.31,2
E336G,E,336,G,0.357,0.314083039761,0.127555,22.6,1
E336K,E,336,K,0.203,0.360759913921,-0.00965347,13.49,1
E336Q,E,336,Q,0.322,0.324062496424,0.00872333,15.88,1
E336V,E,336,V,0.476,0.309682041407,0.184599,23.6,1
R337C,R,337,C,0.715,0.494614958763,0.385848,20.5,1
R337G,R,337,G,0.752,0.432660102844,0.275404,23.7,1
R337H,R,337,H,0.693,0.443906903267,0.166855,21.8,1
R337L,R,337,L,0.765,0.45179194212,0.212182,23.2,1
R337P,R,337,P,0.792,0.460948288441,0.449102,23.4,1
R337S,R,337,S,0.725,0.436421632767,0.27281,23.2,1
F338C,F,338,C,0.584,0.549461483955,0.219907,21.4,1
F338I,F,338,I,0.691,0.529818713665,0.231393,25.4,1
F338L,F,338,L,0.681,0.551366567612,0.227908,25.4,3
F338S,F,338,S,0.61,0.526386380196,0.239976,21.9,1
F338V,F,338,V,0.695,0.504586875439,0.23325,25.3,1
F338Y,F,338,Y,0.26,0.541287302971,-0.025531,2.985,1
E339A,E,339,A,0.821,0.355690151453,0.263794,25.5,1
E339D,E,339,D,0.736,0.35129147768,0.151026,23.2,2
E339G,E,339,G,0.855,0.336388349533,0.297091,26.2,1
E339K,E,339,K,0.469,0.395630538464,-0.108876,17.57,1
E339Q,E,339,Q,0.698,0.345365256071,0.0675839,23.2,1
E339V,E,339,V,0.856,0.338021993637,0.333929,25.7,1
M340I,M,340,I,0.265,0.478349238634,0.00184865,19.68,3
M340K,M,340,K,0.837,0.526432037354,0.229067,25.3,1
M340L,M,340,L,0.421,0.473474919796,0.0462914,22.1,2
M340R,M,340,R,0.832,0.512314200401,0.241111,26.0,1
M340T,M,340,T,0.587,0.555365204811,0.102316,21.8,1
M340V,M,340,V,0.382,0.433448910713,0.0917806,21.5,1
F341C,F,341,C,0.82,0.540548086166,0.301411,29.8,1
F341I,F,341,I,0.244,0.513938426971,0.0570327,21.7,1
F341L,F,341,L,0.218,0.536423683167,-0.0485304,17.83,3
F341S,F,341,S,0.88,0.518816709518,0.352478,31.0,1
F341V,F,341,V,0.464,0.495132893324,0.144097,23.2,1
F341Y,F,341,Y,0.765,0.537305295467,0.207077,27.6,1
R342G,R,342,G,0.533,0.272748529911,0.107652,23.8,1
R342L,R,342,L,0.151,0.281759023666,-0.0362694,15.66,1
R342P,R,342,P,0.65,0.291410028934,0.338566,22.9,1
R342Q,R,342,Q,0.104,0.244699090719,-0.0279363,15.35,1
E343A,E,343,A,0.454,0.404924601316,0.108949,23.5,1
E343D,E,343,D,0.364,0.402996450663,0.0396973,18.18,2
E343G,E,343,G,0.407,0.385476112366,0.115476,24.1,1
E343K,E,343,K,0.137,0.440644741058,-0.0614659,15.77,1
E343Q,E,343,Q,0.197,0.391530662775,0.0212036,17.96,1
E343V,E,343,V,0.418,0.388102531433,0.142916,25.5,1
L344M,L,344,M,0.485,0.48660966754,0.0582913,21.9,1
L344P,L,344,P,0.862,0.570193588734,0.503596,29.6,1
L344Q,L,344,Q,0.813,0.511313378811,0.334737,29.2,1
L344R,L,344,R,0.858,0.544447302818,0.366177,29.0,1
L344V,L,344,V,0.261,0.465566933155,0.0344412,16.92,1
N345D,N,345,D,0.753,0.569388985634,0.146118,28.8,1
N345H,N,345,H,0.788,0.542463302612,0.16216,27.3,1
N345I,N,345,I,0.838,0.541201114655,0.2517,29.9,1
N345K,N,345,K,0.45,0.585070490837,0.00690911,23.3,2
N345S,N,345,S,0.663,0.496063888073,0.113935,27.6,1
N345T,N,345,T,0.826,0.531146287918,0.19256,28.4,1
N345Y,N,345,Y,0.856,0.561756849289,0.259897,29.9,1
E346A,E,346,A,0.803,0.467812806368,0.229523,28.1,1
E346D,E,346,D,0.238,0.46449688077,-0.0411148,7.038,2
E346G,E,346,G,0.859,0.439209997654,0.26771,32.0,1
E346K,E,346,K,0.816,0.531803488731,0.227799,28.1,1
E346Q,E,346,Q,0.753,0.449788510799,0.186234,26.3,1
E346V,E,346,V,0.861,0.449338078499,0.318353,31.0,1
A347D,A,347,D,0.812,0.52608114481,0.325727,26.0,1
A347G,A,347,G,0.329,0.429811060429,0.031007,22.4,1
A347P,A,347,P,0.776,0.492757052183,0.359727,25.1,1
A347S,A,347,S,0.342,0.414416134357,-0.0119411,22.7,1
A347T,A,347,T,0.648,0.441069334745,0.152476,24.8,1
A347V,A,347,V,0.774,0.460784614086,0.180904,25.3,1
L348F,L,348,F,0.714,0.529540717602,0.210745,24.4,2
L348M,L,348,M,0.712,0.518833756447,0.197699,23.7,1
L348S,L,348,S,0.948,0.556433081627,0.54416,30.0,1
L348V,L,348,V,0.811,0.489373862743,0.238102,23.4,1
L348W,L,348,W,0.926,0.611604452133,0.514416,31.0,1
E349A,E,349,A,0.863,0.546237528324,0.41968,31.0,1
E349D,E,349,D,0.653,0.550519585609,0.183969,22.8,2
E349G,E,349,G,0.864,0.514183700085,0.490233,32.0,1
E349K,E,349,K,0.875,0.623602867126,0.448053,27.2,1
E349Q,E,349,Q,0.761,0.541988611221,0.259676,25.6,1
E349V,E,349,V,0.871,0.531751811504,0.511245,32.0,1
L350F,L,350,F,0.453,0.48421356082,0.0535233,19.93,1
L350H,L,350,H,0.817,0.546474993229,0.29382,29.2,1
L350I,L,350,I,0.421,0.496386766434,0.0879892,22.6,1
L350P,L,350,P,0.864,0.575255095959,0.403862,30.0,1
L350R,L,350,R,0.818,0.551158905029,0.283275,29.4,1
L350V,L,350,V,0.438,0.456540375948,-0.0307088,22.4,1
K351E,K,351,E,0.458,0.481677889824,0.0654236,23.5,1
K351M,K,351,M,0.224,0.441665232182,0.00360648,22.2,1
K351N,K,351,N,0.463,0.503453910351,0.0110388,23.6,2
K351Q,K,351,Q,0.205,0.458914935589,0.0311031,21.0,1
K351R,K,351,R,0.367,0.445577859879,-0.0223781,23.2,1
K351T,K,351,T,0.409,0.494709849358,0.0990241,23.1,1
D352A,D,352,A,0.595,0.454901397228,0.15877,26.0,1
D352E,D,352,E,0.312,0.47070479393,-0.0823448,23.0,2
D352G,D,352,G,0.655,0.454751163721,0.187309,32.0,1
D352H,D,352,H,0.656,0.510427474976,0.191529,27.5,1
D352N,D,352,N,0.536,0.491221368313,0.025641,27.1,1
D352V,D,352,V,0.72,0.446365356445,0.239874,31.0,1
D352Y,D,352,Y,0.699,0.499883890152,0.224299,28.4,1
A353D,A,353,D,0.662,0.426474571228,0.180048,24.1,1
A353G,A,353,G,0.284,0.368937194347,0.0771039,22.4,1
A353P,A,353,P,0.584,0.406825006008,0.249726,26.4,1
A353S,A,353,S,0.281,0.361084938049,0.063106,22.2,1
A353T,A,353,T,0.301,0.378566771746,0.111381,22.8,1
A353V,A,353,V,0.274,0.385952472687,0.0201384,22.4,1
Q354E,Q,354,E,0.208,0.307905972004,-0.0305741,16.03,1
Q354H,Q,354,H,0.151,0.31382727623,-0.0288615,14.38,2
Q354K,Q,354,K,0.21,0.315830558538,-0.0757499,17.16,1
Q354L,Q,354,L,0.186,0.294475972652,-0.0487643,15.82,1
Q354P,Q,354,P,0.293,0.307934701443,0.077081,16.22,1
Q354R,Q,354,R,0.173,0.311472892761,-0.0861869,14.85,1
A355D,A,355,D,0.21,0.317110061646,-0.0350518,13.5,1
A355G,A,355,G,0.295,0.281330108643,-0.0905206,15.24,1
A355P,A,355,P,0.284,0.304369211197,-0.0713947,13.14,1
A355S,A,355,S,0.212,0.273611009121,-0.116971,9.826,1
A355T,A,355,T,0.241,0.280012071133,-0.138069,12.81,1
A355V,A,355,V,0.353,0.291603922844,-0.0216854,19.54,1
G356A,G,356,A,0.172,0.291709065437,-0.152274,0.988,1
G356E,G,356,E,0.174,0.310187995434,-0.157115,1.403,1
G356R,G,356,R,0.138,0.316866934299,-0.0762185,14.42,2
G356V,G,356,V,0.168,0.295870780945,-0.0312354,5.871,1
G356W,G,356,W,0.265,0.313334524632,0.0222889,23.1,1
K357E,K,357,E,0.114,0.352686464787,-0.0269087,14.51,1
K357M,K,357,M,0.365,0.33625215292,0.0763166,22.9,1
K357N,K,357,N,0.336,0.363823890686,-0.0283658,17.71,2
K357Q,K,357,Q,0.106,0.339249014854,-0.0355955,14.67,1
K357R,K,357,R,0.136,0.335154384375,-0.0461899,15.91,1
K357T,K,357,T,0.191,0.361187160015,0.0416619,15.0,1
E358A,E,358,A,0.355,0.33643335104,0.0776818,21.9,1
E358D,E,358,D,0.163,0.333142220974,-0.0646655,11.68,2
E358G,E,358,G,0.316,0.326381117105,0.082564,23.2,1
E358K,E,358,K,0.304,0.357691496611,0.0979618,21.3,1
E358Q,E,358,Q,0.354,0.329716980457,-0.0224874,18.76,1
E358V,E,358,V,0.481,0.327478677034,-0.0959181,22.8,1
P359A,P,359,A,0.366,0.288595736027,0.073795,10.36,1
P359L,P,359,L,0.539,0.305742144585,0.28093,20.5,1
P359Q,P,359,Q,0.365,0.289950966835,0.123717,18.55,1
P359R,P,359,R,0.379,0.30353474617,0.159748,22.5,1
P359S,P,359,S,0.331,0.28532063961,-0.00692448,10.29,1
P359T,P,359,T,0.312,0.292104959488,0.0305838,10.14,1
G360A,G,360,A,0.301,0.256979584694,-0.332614,0.165,1
G360E,G,360,E,0.254,0.2639285326,-0.122649,0.428,1
G360R,G,360,R,0.354,0.265764266253,0.0348019,13.56,2
G360V,G,360,V,0.325,0.256064116955,-0.123809,0.487,1
G360W,G,360,W,0.376,0.266843557358,0.0898132,16.05,1
G361A,G,361,A,0.372,0.265902489424,0.0405508,7.86,1
G361E,G,361,E,0.283,0.277472496033,-0.0165546,7.271,1
G361R,G,361,R,0.364,0.283556967974,0.0576174,14.03,2
G361V,G,361,V,0.359,0.264029979706,0.0720289,12.65,1
G361W,G,361,W,0.376,0.281758487225,0.118146,23.0,1
S362C,S,362,C,0.444,0.316605091095,0.178607,22.5,1
S362G,S,362,G,0.43,0.307054311037,0.156202,19.2,1
S362I,S,362,I,0.54,0.326344132423,0.0991154,5.171,1
S362N,S,362,N,0.345,0.32492762804,-0.0326925,2.024,1
S362R,S,362,R,0.551,0.323030233383,0.197757,17.5,3
S362T,S,362,T,0.346,0.317062020302,0.076389,2.186,1
R363G,R,363,G,0.328,0.271131813526,0.104119,16.5,1
R363K,R,363,K,0.266,0.283325403929,-0.0161536,5.444,1
R363M,R,363,M,0.475,0.276617586613,0.15037,18.74,1
R363S,R,363,S,0.455,0.270886838436,0.0999391,17.84,2
R363T,R,363,T,0.456,0.286187559366,0.0704764,13.65,1
R363W,R,363,W,0.486,0.295908182859,0.140576,22.4,1
A364D,A,364,D,0.445,0.359641909599,0.111703,17.93,1
A364G,A,364,G,0.451,0.325970709324,0.012885,19.03,1
A364P,A,364,P,0.274,0.350708991289,0.00451498,10.42,1
A364S,A,364,S,0.378,0.318721830845,0.0333538,7.927,1
A364T,A,364,T,0.343,0.330199599266,-0.053682,9.02,1
A364V,A,364,V,0.422,0.334909647703,-0.00677968,19.23,1
H365D,H,365,D,0.563,0.423414975405,0.202578,19.82,1
H365L,H,365,L,0.523,0.402160704136,0.147653,20.3,1
H365N,H,365,N,0.476,0.425042510033,0.0987921,18.86,1
H365P,H,365,P,0.528,0.395314335823,0.185348,22.8,1
H365Q,H,365,Q,0.33,0.41015791893,0.0583589,9.665,2
H365R,H,365,R,0.492,0.423098117113,0.14819,19.21,1
H365Y,H,365,Y,0.714,0.426338642836,0.259631,22.1,1
S366A,S,366,A,0.585,0.330119013786,0.0606055,16.95,1
S366C,S,366,C,0.454,0.339355945587,0.0903604,21.2,1
S366F,S,366,F,0.461,0.356654703617,0.104151,23.1,1
S366P,S,366,P,0.327,0.35077637434,0.0693869,19.53,1
S366T,S,366,T,0.398,0.3460303545,0.076398,16.37,1
S366Y,S,366,Y,0.477,0.371913313866,0.128263,22.8,1
S367C,S,367,C,0.517,0.412435919046,0.151516,23.2,1
S367G,S,367,G,0.514,0.390513211489,0.132058,22.9,1
S367I,S,367,I,0.557,0.429980903864,0.163208,24.9,1
S367N,S,367,N,0.427,0.438356935978,-0.0253243,22.5,1
S367R,S,367,R,0.5,0.441764622927,0.168792,23.1,3
S367T,S,367,T,0.462,0.419359385967,0.109134,22.8,1
H368D,H,368,D,0.338,0.353688985109,0.073504,19.2,1
H368L,H,368,L,0.399,0.332282245159,0.0882691,17.12,1
H368N,H,368,N,0.284,0.352751553059,0.0170203,17.55,1
H368P,H,368,P,0.377,0.333525717258,0.0576515,19.98,1
H368Q,H,368,Q,0.271,0.34065926075,-0.0297261,14.2,2
H368R,H,368,R,0.361,0.35062789917,0.034499,17.26,1
H368Y,H,368,Y,0.345,0.350060641766,-0.0142196,14.39,1
L369M,L,369,M,0.418,0.37006598711,0.0913775,22.8,1
L369P,L,369,P,0.34,0.463712573051,0.0830701,17.24,1
L369Q,L,369,Q,0.495,0.390864998102,0.144694,20.6,1
L369R,L,369,R,0.503,0.435370534658,0.144258,16.67,1
L369V,L,369,V,0.448,0.347966521978,0.0811549,16.86,1
K370E,K,370,E,0.702,0.54374229908,0.290303,25.6,1
K370M,K,370,M,0.609,0.495107293129,0.235055,28.0,1
K370N,K,370,N,0.417,0.565069794655,0.0900255,19.21,2
K370Q,K,370,Q,0.49,0.515632152557,0.189842,26.3,1
K370R,K,370,R,0.479,0.499302625656,0.154449,23.3,1
K370T,K,370,T,0.62,0.554525732994,0.23383,23.7,1
S371A,S,371,A,0.295,0.344740211964,-0.0137337,15.45,1
S371C,S,371,C,0.39,0.361300706863,0.0751421,23.8,1
S371F,S,371,F,0.422,0.373067080975,0.057158,24.3,1
S371P,S,371,P,0.316,0.366675674915,0.00612174,17.13,1
S371T,S,371,T,0.351,0.360286921263,-0.0255303,14.07,1
S371Y,S,371,Y,0.466,0.386449247599,0.0974847,25.7,1
K372E,K,372,E,0.55,0.521427512169,0.176766,24.5,1
K372I,K,372,I,0.647,0.498877227306,0.218344,27.8,1
K372N,K,372,N,0.508,0.546101868153,0.0834328,24.2,2
K372Q,K,372,Q,0.486,0.489139527082,0.180808,24.3,1
K372R,K,372,R,0.517,0.469993710518,0.127804,22.3,1
K372T,K,372,T,0.608,0.537176072598,0.200866,26.1,1
K373E,K,373,E,0.502,0.557150423527,0.189328,22.7,1
K373M,K,373,M,0.613,0.506259799004,0.19338,26.2,1
K373N,K,373,N,0.47,0.58030295372,0.10165,24.8,2
K373Q,K,373,Q,0.472,0.526201367378,0.164672,23.7,1
K373R,K,373,R,0.407,0.513170957565,0.0912536,22.3,1
K373T,K,373,T,0.552,0.568496584892,0.178929,25.6,1
G374A,G,374,A,0.489,0.453703701496,0.121234,16.84,1
G374C,G,374,C,0.605,0.479600667953,0.215157,24.4,1
G374D,G,374,D,0.469,0.523452043533,0.15194,17.43,1
G374R,G,374,R,0.368,0.517907738686,0.127545,19.68,1
G374S,G,374,S,0.546,0.4468075037,0.174755,20.4,1
G374V,G,374,V,0.612,0.453745901585,0.187517,23.1,1
Q375E,Q,375,E,0.374,0.308062165976,0.0636296,17.63,1
Q375H,Q,375,H,0.446,0.325591504574,0.0604209,3.331,2
Q375K,Q,375,K,0.339,0.325100600719,0.0653143,21.1,1
Q375L,Q,375,L,0.357,0.304014921188,0.120309,19.36,1
Q375P,Q,375,P,0.353,0.314277201891,0.0630845,18.55,1
Q375R,Q,375,R,0.383,0.319855839014,0.0704646,18.03,1
S376A,S,376,A,0.41,0.415885031223,0.0906173,20.2,1
S376C,S,376,C,0.481,0.418580949306,0.117629,23.1,1
S376F,S,376,F,0.557,0.442935019732,0.171995,25.1,1
S376P,S,376,P,0.379,0.439170092344,0.0842703,22.2,1
S376T,S,376,T,0.379,0.438573926687,0.0959741,20.2,1
S376Y,S,376,Y,0.583,0.465260028839,0.177312,24.7,1
T377A,T,377,A,0.283,0.348729550838,0.0613329,17.18,1
T377I,T,377,I,0.477,0.435134202242,0.149297,24.0,1
T377N,T,377,N,0.482,0.399981975555,0.0955357,22.9,1
T377P,T,377,P,0.349,0.365192770958,0.0646126,19.38,1
T377S,T,377,S,0.394,0.360318958759,0.0967152,22.5,2
S378A,S,378,A,0.506,0.348331689835,0.109311,22.4,1
S378C,S,378,C,0.498,0.358366310596,0.180137,26.6,1
S378F,S,378,F,0.585,0.376813590527,0.18176,27.2,1
S378P,S,378,P,0.449,0.373956769705,0.0974243,23.3,1
S378T,S,378,T,0.497,0.364190429449,0.129568,22.1,1
S378Y,S,378,Y,0.6,0.39599737525,0.175081,26.2,1
R379C,R,379,C,0.31,0.237259373069,0.0037302,21.6,1
R379G,R,379,G,0.428,0.225634261966,0.149668,19.57,1
R379H,R,379,H,0.338,0.226260513067,0.115408,22.4,1
R379L,R,379,L,0.345,0.227972269058,0.111109,22.4,1
R379P,R,379,P,0.409,0.237757652998,0.155586,23.0,1
R379S,R,379,S,0.363,0.223176598549,0.0612869,17.74,1
H380D,H,380,D,0.615,0.496747255325,0.278685,21.0,1
H380L,H,380,L,0.529,0.465938925743,0.187404,20.8,1
H380N,H,380,N,0.411,0.498228192329,0.140964,19.22,1
H380P,H,380,P,0.586,0.464981079102,0.254171,21.0,1
H380Q,H,380,Q,0.427,0.478348135948,0.155566,19.4,2
H380R,H,380,R,0.42,0.4920322299,0.149204,17.36,1
H380Y,H,380,Y,0.615,0.498673558235,0.207319,21.9,1
K381E,K,381,E,0.598,0.465903431177,0.226004,24.2,1
K381I,K,381,I,0.692,0.454354912043,0.218902,25.9,1
K381N,K,381,N,0.646,0.488581240177,0.124536,25.7,2
K381Q,K,381,Q,0.67,0.438153713942,0.211839,26.1,1
K381R,K,381,R,0.532,0.421440452337,0.0880728,23.1,1
K381T,K,381,T,0.697,0.480547577143,0.208766,24.9,1
K382E,K,382,E,0.725,0.469398856163,0.209119,26.0,1
K382I,K,382,I,0.667,0.460948705673,0.203276,25.7,1
K382N,K,382,N,0.301,0.488600075245,0.0630747,17.5,2
K382Q,K,382,Q,0.622,0.444667369127,0.195416,25.7,1
K382R,K,382,R,0.419,0.434724330902,0.0438026,21.0,1
K382T,K,382,T,0.645,0.48609495163,0.187265,24.7,1
L383F,L,383,F,0.426,0.296078622341,-0.0359972,13.56,1
L383H,L,383,H,0.416,0.325687974691,0.0702021,17.48,1
L383I,L,383,I,0.25,0.316026449203,-0.0131455,0.937,1
L383P,L,383,P,0.274,0.336672484875,-0.0491019,7.337,1
L383R,L,383,R,0.298,0.327843785286,0.0626027,11.7,1
L383V,L,383,V,0.26,0.28143030405,-0.0134928,0.5,1
M384I,M,384,I,0.232,0.362871348858,0.0595695,8.836,3
M384K,M,384,K,0.38,0.396453559399,0.158119,12.81,1
M384L,M,384,L,0.263,0.356584966183,0.0233756,7.687,2
M384R,M,384,R,0.483,0.385366439819,0.160481,14.28,1
M384T,M,384,T,0.329,0.424399971962,0.0234903,10.65,1
M384V,M,384,V,0.355,0.328563123941,0.114651,14.73,1
F385C,F,385,C,0.353,0.374966979027,0.0952795,22.5,1
F385I,F,385,I,0.249,0.364884436131,-0.0377168,6.128,1
F385L,F,385,L,0.286,0.372449755669,-0.0475961,10.36,3
F385S,F,385,S,0.362,0.365078777075,0.0957446,19.37,1
F385V,F,385,V,0.228,0.342095315456,-0.0533799,0.951,1
F385Y,F,385,Y,0.366,0.378307074308,0.0722447,17.15,1
K386E,K,386,E,0.749,0.514094948769,0.330783,25.7,1
K386M,K,386,M,0.77,0.460299283266,0.247877,26.9,1
K386N,K,386,N,0.668,0.536083579063,0.143298,24.5,2
K386Q,K,386,Q,0.646,0.485069513321,0.212009,25.4,1
K386R,K,386,R,0.577,0.468840092421,0.202293,25.8,1
K386T,K,386,T,0.761,0.528747320175,0.244845,25.5,1
T387A,T,387,A,0.386,0.277672022581,0.00801881,21.2,1
T387I,T,387,I,0.331,0.305722147226,-0.0248181,14.56,1
T387K,T,387,K,0.381,0.30193951726,-0.0444042,9.99,1
T387P,T,387,P,0.462,0.290392398834,0.0821533,22.3,1
T387R,T,387,R,0.353,0.293063610792,-0.0523739,6.848,1
T387S,T,387,S,0.355,0.280117720366,-0.019718,20.2,1
E388A,E,388,A,0.547,0.442219823599,0.14211,24.6,1
E388D,E,388,D,0.48,0.440566658974,0.0616893,7.604,2
E388G,E,388,G,0.55,0.414940178394,0.162679,25.3,1
E388K,E,388,K,0.615,0.502665162086,0.186694,25.1,1
E388Q,E,388,Q,0.493,0.428069353104,0.100541,24.2,1
E388V,E,388,V,0.465,0.425265610218,0.108286,23.0,1
G389A,G,389,A,0.366,0.414583861828,0.0622553,15.29,1
G389E,G,389,E,0.39,0.464991152287,0.151284,15.79,1
G389R,G,389,R,0.446,0.478481084108,0.150431,17.17,2
G389V,G,389,V,0.356,0.412866175175,0.0843176,15.97,1
G389W,G,389,W,0.471,0.465532720089,0.181772,23.7,1
P390A,P,390,A,0.348,0.389106988907,0.108806,19.24,1
P390H,P,390,H,0.385,0.440018266439,0.156354,23.8,1
P390L,P,390,L,0.316,0.453241109848,0.0699257,20.2,1
P390R,P,390,R,0.364,0.454209834337,0.144531,23.6,1
P390S,P,390,S,0.352,0.389797687531,0.0627426,19.45,1
P390T,P,390,T,0.433,0.415598511696,0.137807,19.05,1
D391A,D,391,A,0.665,0.464631557465,0.249311,26.5,1
D391E,D,391,E,0.586,0.484137833118,0.190948,23.4,2
D391G,D,391,G,0.668,0.465289264917,0.277239,26.7,1
D391H,D,391,H,0.619,0.529365956783,0.285762,25.5,1
D391N,D,391,N,0.455,0.508045911789,0.0858325,22.8,1
D391V,D,391,V,0.7,0.45691639185,0.342831,26.7,1
D391Y,D,391,Y,0.697,0.514016509056,0.353305,26.2,1
S392A,S,392,A,0.6,0.526552677155,0.214944,25.6,1
S392L,S,392,L,0.612,0.545731902122,0.272264,27.9,1
S392P,S,392,P,0.67,0.549298524857,0.307428,26.7,1
S392T,S,392,T,0.613,0.547284126282,0.215064,25.0,1
D393A,D,393,A,0.675,0.539742231369,0.235401,26.1,1
D393E,D,393,E,0.521,0.564927458763,0.161434,19.16,2
D393G,D,393,G,0.674,0.545315086842,0.267878,26.2,1
D393H,D,393,H,0.609,0.602985858917,0.235796,24.9,1
D393N,D,393,N,0.535,0.584887206554,0.116195,24.9,1
D393V,D,393,V,0.69,0.534295022488,0.311981,26.3,1
D393Y,D,393,Y,0.646,0.592544317245,0.225841,25.0,1
