key,wt,pos,alt,esm1b_llr
M1A,M,1,A,-6.11
M1C,M,1,C,-8.401
M1D,M,1,D,-7.114
M1E,M,1,E,-6.962
M1F,M,1,F,-7.961
M1G,M,1,G,-6.374
M1H,M,1,H,-8.452
M1I,M,1,I,-7.966
M1K,M,1,K,-7.585
M1L,M,1,L,-6.495
M1N,M,1,N,-7.82
M1P,M,1,P,-5.708
M1Q,M,1,Q,-7.221
M1R,M,1,R,-7.114
M1S,M,1,S,-6.291
M1T,M,1,T,-6.43
M1V,M,1,V,-6.699
M1W,M,1,W,-8.523
M1Y,M,1,Y,-8.339
E2A,E,2,A,-3.35
E2C,E,2,C,-7.358
E2D,E,2,D,-4.214
E2F,E,2,F,-6.394
E2G,E,2,G,-5.4
E2H,E,2,H,-7.795
E2I,E,2,I,-7.215
E2K,E,2,K,-6.93
E2L,E,2,L,-5.266
E2M,E,2,M,-5.513
E2N,E,2,N,-5.915
E2P,E,2,P,-4.891
E2Q,E,2,Q,-5.786
E2R,E,2,R,-7.038
E2S,E,2,S,-4.527
E2T,E,2,T,-5.426
E2V,E,2,V,-6.149
E2W,E,2,W,-6.898
E2Y,E,2,Y,-7.669
E3A,E,3,A,-2.987
E3C,E,3,C,-5.243
E3D,E,3,D,-3.092
E3F,E,3,F,-4.414
E3G,E,3,G,-2.629
E3H,E,3,H,-4.138
E3I,E,3,I,-4.855
E3K,E,3,K,-3.983
E3L,E,3,L,-3.309
E3M,E,3,M,-4.908
E3N,E,3,N,-3.498
E3P,E,3,P,-2.376
E3Q,E,3,Q,-3.524
E3R,E,3,R,-3.582
E3S,E,3,S,-2.625
E3T,E,3,T,-3.313
E3V,E,3,V,-3.732
E3W,E,3,W,-5.249
E3Y,E,3,Y,-5.324
P4A,P,4,A,-4.03
P4C,P,4,C,-5.652
P4D,P,4,D,-4.888
P4E,P,4,E,-4.393
P4F,P,4,F,-5.231
P4G,P,4,G,-3.874
P4H,P,4,H,-5.291
P4I,P,4,I,-5.521
P4K,P,4,K,-4.427
P4L,P,4,L,-3.661
P4M,P,4,M,-5.063
P4N,P,4,N,-4.858
P4Q,P,4,Q,-4.234
P4R,P,4,R,-4.35
P4S,P,4,S,-3.611
P4T,P,4,T,-4.252
P4V,P,4,V,-4.42
P4W,P,4,W,-6.17
P4Y,P,4,Y,-6.24
Q5A,Q,5,A,-2.846
Q5C,Q,5,C,-3.718
Q5D,Q,5,D,-3.7
Q5E,Q,5,E,-3.356
Q5F,Q,5,F,-3.537
Q5G,Q,5,G,-2.17
Q5H,Q,5,H,-4.278
Q5I,Q,5,I,-4.967
Q5K,Q,5,K,-3.772
Q5L,Q,5,L,-2.605
Q5M,Q,5,M,-4.393
Q5N,Q,5,N,-4.526
Q5P,Q,5,P,-2.545
Q5R,Q,5,R,-3.063
Q5S,Q,5,S,-2.235
Q5T,Q,5,T,-3.576
Q5V,Q,5,V,-3.396
Q5W,Q,5,W,-4.126
Q5Y,Q,5,Y,-4.963
S6A,S,6,A,-3.091
S6C,S,6,C,-5.237
S6D,S,6,D,-4.276
S6E,S,6,E,-3.347
S6F,S,6,F,-4.962
S6G,S,6,G,-2.961
S6H,S,6,H,-5.269
S6I,S,6,I,-4.993
S6K,S,6,K,-3.928
S6L,S,6,L,-3.024
S6M,S,6,M,-4.217
S6N,S,6,N,-4.925
S6P,S,6,P,-2.647
S6Q,S,6,Q,-3.518
S6R,S,6,R,-3.433
S6T,S,6,T,-3.725
S6V,S,6,V,-3.603
S6W,S,6,W,-4.885
S6Y,S,6,Y,-5.701
D7A,D,7,A,-2.593
D7C,D,7,C,-4.057
D7E,D,7,E,-2.764
D7F,D,7,F,-3.135
D7G,D,7,G,-2.303
D7H,D,7,H,-3.931
D7I,D,7,I,-4.08
D7K,D,7,K,-3.659
D7L,D,7,L,-1.726
D7M,D,7,M,-4.037
D7N,D,7,N,-3.938
D7P,D,7,P,-1.701
D7Q,D,7,Q,-2.295
D7R,D,7,R,-3.189
D7S,D,7,S,-1.818
D7T,D,7,T,-3.073
D7V,D,7,V,-2.799
D7W,D,7,W,-3.757
D7Y,D,7,Y,-4.396
P8A,P,8,A,-4.447
P8C,P,8,C,-5.714
P8D,P,8,D,-5.4
P8E,P,8,E,-5.408
P8F,P,8,F,-4.792
P8G,P,8,G,-3.763
P8H,P,8,H,-5.606
P8I,P,8,I,-5.528
P8K,P,8,K,-5.485
P8L,P,8,L,-3.53
P8M,P,8,M,-4.973
P8N,P,8,N,-5.838
P8Q,P,8,Q,-4.847
P8R,P,8,R,-4.664
P8S,P,8,S,-3.493
P8T,P,8,T,-4.827
P8V,P,8,V,-4.497
P8W,P,8,W,-5.668
P8Y,P,8,Y,-6.237
S9A,S,9,A,-3.429
S9C,S,9,C,-4.845
S9D,S,9,D,-4.42
S9E,S,9,E,-3.994
S9F,S,9,F,-4.069
S9G,S,9,G,-3.181
S9H,S,9,H,-5.188
S9I,S,9,I,-5.46
S9K,S,9,K,-4.392
S9L,S,9,L,-3.051
S9M,S,9,M,-4.477
S9N,S,9,N,-5.181
S9P,S,9,P,-3.239
S9Q,S,9,Q,-3.941
S9R,S,9,R,-4.186
S9T,S,9,T,-4.221
S9V,S,9,V,-4.092
S9W,S,9,W,-4.863
S9Y,S,9,Y,-5.155
V10A,V,10,A,-2.363
V10C,V,10,C,-4.576
V10D,V,10,D,-3.737
V10E,V,10,E,-2.88
V10F,V,10,F,-4.108
V10G,V,10,G,-2.496
V10H,V,10,H,-4.631
V10I,V,10,I,-4.733
V10K,V,10,K,-3.553
V10L,V,10,L,-1.956
V10M,V,10,M,-3.425
V10N,V,10,N,-4.449
V10P,V,10,P,-2.009
V10Q,V,10,Q,-2.453
V10R,V,10,R,-3.375
V10S,V,10,S,-2.052
V10T,V,10,T,-3.011
V10W,V,10,W,-4.009
V10Y,V,10,Y,-5.54
E11A,E,11,A,-3.311
E11C,E,11,C,-4.674
E11D,E,11,D,-3.41
E11F,E,11,F,-3.141
E11G,E,11,G,-3.178
E11H,E,11,H,-4.993
E11I,E,11,I,-4.165
E11K,E,11,K,-5.372
E11L,E,11,L,-2.018
E11M,E,11,M,-4.128
E11N,E,11,N,-4.698
E11P,E,11,P,-2.666
E11Q,E,11,Q,-3.809
E11R,E,11,R,-4.883
E11S,E,11,S,-3.085
E11T,E,11,T,-4.044
E11V,E,11,V,-3.584
E11W,E,11,W,-4.848
E11Y,E,11,Y,-4.835
P12A,P,12,A,-3.974
P12C,P,12,C,-6.388
P12D,P,12,D,-3.692
P12E,P,12,E,-3.839
P12F,P,12,F,-4.641
P12G,P,12,G,-3.903
P12H,P,12,H,-5.659
P12I,P,12,I,-4.679
P12K,P,12,K,-5.863
P12L,P,12,L,-3.189
P12M,P,12,M,-5.032
P12N,P,12,N,-5.043
P12Q,P,12,Q,-4.45
P12R,P,12,R,-5.481
P12S,P,12,S,-3.868
P12T,P,12,T,-4.569
P12V,P,12,V,-4.053
P12W,P,12,W,-6.061
P12Y,P,12,Y,-6.11
P13A,P,13,A,-3.722
P13C,P,13,C,-4.702
P13D,P,13,D,-3.456
P13E,P,13,E,-3.341
P13F,P,13,F,-3.432
P13G,P,13,G,-3.579
P13H,P,13,H,-4.832
P13I,P,13,I,-4.189
P13K,P,13,K,-5.285
P13L,P,13,L,-2.384
P13M,P,13,M,-4.622
P13N,P,13,N,-4.824
P13Q,P,13,Q,-3.71
P13R,P,13,R,-4.614
P13S,P,13,S,-3.125
P13T,P,13,T,-4.007
P13V,P,13,V,-3.377
P13W,P,13,W,-5.16
P13Y,P,13,Y,-4.855
L14A,L,14,A,-5.071
L14C,L,14,C,-6.438
L14D,L,14,D,-4.506
L14E,L,14,E,-4.992
L14F,L,14,F,-4.39
L14G,L,14,G,-4.777
L14H,L,14,H,-6.652
L14I,L,14,I,-4.822
L14K,L,14,K,-7.382
L14M,L,14,M,-5.751
L14N,L,14,N,-6.074
L14P,L,14,P,-4.562
L14Q,L,14,Q,-5.946
L14R,L,14,R,-6.978
L14S,L,14,S,-4.432
L14T,L,14,T,-5.585
L14V,L,14,V,-4.684
L14W,L,14,W,-6.419
L14Y,L,14,Y,-6.605
S15A,S,15,A,-4.597
S15C,S,15,C,-5.786
S15D,S,15,D,-3.302
S15E,S,15,E,-3.808
S15F,S,15,F,-4.638
S15G,S,15,G,-4.03
S15H,S,15,H,-5.985
S15I,S,15,I,-5.584
S15K,S,15,K,-6.421
S15L,S,15,L,-3.59
S15M,S,15,M,-5.754
S15N,S,15,N,-5.012
S15P,S,15,P,-3.612
S15Q,S,15,Q,-4.754
S15R,S,15,R,-6.443
S15T,S,15,T,-4.358
S15V,S,15,V,-5.048
S15W,S,15,W,-5.889
S15Y,S,15,Y,-5.87
Q16A,Q,16,A,-3.336
Q16C,Q,16,C,-5.892
Q16D,Q,16,D,-3.047
Q16E,Q,16,E,-2.451
Q16F,Q,16,F,-4.602
Q16G,Q,16,G,-3.878
Q16H,Q,16,H,-5.553
Q16I,Q,16,I,-5.823
Q16K,Q,16,K,-5.6
Q16L,Q,16,L,-3.095
Q16M,Q,16,M,-4.289
Q16N,Q,16,N,-5.005
Q16P,Q,16,P,-2.527
Q16R,Q,16,R,-5.417
Q16S,Q,16,S,-2.829
Q16T,Q,16,T,-3.75
Q16V,Q,16,V,-4.559
Q16W,Q,16,W,-5.316
Q16Y,Q,16,Y,-5.556
E17A,E,17,A,-5.072
E17C,E,17,C,-7.261
E17D,E,17,D,-3.222
E17F,E,17,F,-5.568
E17G,E,17,G,-5.37
E17H,E,17,H,-6.654
E17I,E,17,I,-5.759
E17K,E,17,K,-7.264
E17L,E,17,L,-4.764
E17M,E,17,M,-6.361
E17N,E,17,N,-6.101
E17P,E,17,P,-5.322
E17Q,E,17,Q,-5.505
E17R,E,17,R,-7.205
E17S,E,17,S,-5.136
E17T,E,17,T,-5.805
E17V,E,17,V,-5.368
E17W,E,17,W,-7.273
E17Y,E,17,Y,-6.638
T18A,T,18,A,-2.801
T18C,T,18,C,-4.848
T18D,T,18,D,-0.439
T18E,T,18,E,-1.1
T18F,T,18,F,-3.619
T18G,T,18,G,-3.612
T18H,T,18,H,-4.162
T18I,T,18,I,-4.396
T18K,T,18,K,-5.932
T18L,T,18,L,-2.972
T18M,T,18,M,-4.283
T18N,T,18,N,-3.459
T18P,T,18,P,-3.378
T18Q,T,18,Q,-2.723
T18R,T,18,R,-5.983
T18S,T,18,S,-2.722
T18V,T,18,V,-3.576
T18W,T,18,W,-5.27
T18Y,T,18,Y,-4.427
F19A,F,19,A,-3.853
F19C,F,19,C,-4.315
F19D,F,19,D,-3.913
F19E,F,19,E,-4.019
F19G,F,19,G,-4.609
F19H,F,19,H,-5.622
F19I,F,19,I,-4.662
F19K,F,19,K,-7.076
F19L,F,19,L,-2.795
F19M,F,19,M,-4.361
F19N,F,19,N,-5.337
F19P,F,19,P,-3.925
F19Q,F,19,Q,-4.729
F19R,F,19,R,-6.524
F19S,F,19,S,-3.392
F19T,F,19,T,-4.244
F19V,F,19,V,-4.139
F19W,F,19,W,-4.686
F19Y,F,19,Y,-4.782
S20A,S,20,A,-3.815
S20C,S,20,C,-6.323
S20D,S,20,D,-3.566
S20E,S,20,E,-3.064
S20F,S,20,F,-5.405
S20G,S,20,G,-4.706
S20H,S,20,H,-6.036
S20I,S,20,I,-6.381
S20K,S,20,K,-6.46
S20L,S,20,L,-3.716
S20M,S,20,M,-5.018
S20N,S,20,N,-5.394
S20P,S,20,P,-4.282
S20Q,S,20,Q,-4.018
S20R,S,20,R,-5.957
S20T,S,20,T,-4.49
S20V,S,20,V,-5.496
S20W,S,20,W,-6.25
S20Y,S,20,Y,-6.153
D21A,D,21,A,-6.408
D21C,D,21,C,-8.494
D21E,D,21,E,-3.474
D21F,D,21,F,-7.66
D21G,D,21,G,-6.861
D21H,D,21,H,-7.406
D21I,D,21,I,-8.679
D21K,D,21,K,-8.06
D21L,D,21,L,-6.868
D21M,D,21,M,-8.51
D21N,D,21,N,-6.845
D21P,D,21,P,-8.022
D21Q,D,21,Q,-5.955
D21R,D,21,R,-8.204
D21S,D,21,S,-5.543
D21T,D,21,T,-6.756
D21V,D,21,V,-7.661
D21W,D,21,W,-8.386
D21Y,D,21,Y,-7.864
L22A,L,22,A,-5.93
L22C,L,22,C,-6.727
L22D,L,22,D,-7.023
L22E,L,22,E,-7.539
L22F,L,22,F,-4.104
L22G,L,22,G,-7.982
L22H,L,22,H,-8.175
L22I,L,22,I,-4.488
L22K,L,22,K,-10.199
L22M,L,22,M,-5.721
L22N,L,22,N,-8.578
L22P,L,22,P,-6.322
L22Q,L,22,Q,-8.077
L22R,L,22,R,-10.036
L22S,L,22,S,-6.848
L22T,L,22,T,-6.509
L22V,L,22,V,-5.009
L22W,L,22,W,-6.462
L22Y,L,22,Y,-6.418
W23A,W,23,A,-3.627
W23C,W,23,C,-3.896
W23D,W,23,D,-2.732
W23E,W,23,E,-2.215
W23F,W,23,F,-1.476
W23G,W,23,G,-3.993
W23H,W,23,H,-4.965
W23I,W,23,I,-3.948
W23K,W,23,K,-5.357
W23L,W,23,L,-1.524
W23M,W,23,M,-3.431
W23N,W,23,N,-4.656
W23P,W,23,P,-4.29
W23Q,W,23,Q,-3.795
W23R,W,23,R,-5.333
W23S,W,23,S,-3.183
W23T,W,23,T,-4.058
W23V,W,23,V,-3.636
W23Y,W,23,Y,-2.62
K24A,K,24,A,-3.326
K24C,K,24,C,-5.642
K24D,K,24,D,-3.147
K24E,K,24,E,-3.418
K24F,K,24,F,-5.478
K24G,K,24,G,-3.284
K24H,K,24,H,-4.886
K24I,K,24,I,-6.07
K24L,K,24,L,-3.866
K24M,K,24,M,-4.862
K24N,K,24,N,-3.304
K24P,K,24,P,-3.237
K24Q,K,24,Q,-3.272
K24R,K,24,R,-3.792
K24S,K,24,S,-2.699
K24T,K,24,T,-3.752
K24V,K,24,V,-5.192
K24W,K,24,W,-6.623
K24Y,K,24,Y,-6.055
L25A,L,25,A,-3.678
L25C,L,25,C,-4.726
L25D,L,25,D,-2.216
L25E,L,25,E,-2.42
L25F,L,25,F,-4.383
L25G,L,25,G,-3.517
L25H,L,25,H,-4.25
L25I,L,25,I,-4.772
L25K,L,25,K,-4.437
L25M,L,25,M,-4.911
L25N,L,25,N,-3.401
L25P,L,25,P,-4.988
L25Q,L,25,Q,-3.158
L25R,L,25,R,-5.097
L25S,L,25,S,-2.455
L25T,L,25,T,-3.502
L25V,L,25,V,-4.449
L25W,L,25,W,-6.483
L25Y,L,25,Y,-4.786
L26A,L,26,A,-5.589
L26C,L,26,C,-6.08
L26D,L,26,D,-3.809
L26E,L,26,E,-4.66
L26F,L,26,F,-3.875
L26G,L,26,G,-5.054
L26H,L,26,H,-6.63
L26I,L,26,I,-5.152
L26K,L,26,K,-7.361
L26M,L,26,M,-6.172
L26N,L,26,N,-5.434
L26P,L,26,P,-4.817
L26Q,L,26,Q,-5.884
L26R,L,26,R,-7.572
L26S,L,26,S,-5.041
L26T,L,26,T,-5.744
L26V,L,26,V,-5.182
L26W,L,26,W,-6.899
L26Y,L,26,Y,-5.738
P27A,P,27,A,-3.697
P27C,P,27,C,-5.002
P27D,P,27,D,-2.306
P27E,P,27,E,-2.022
P27F,P,27,F,-4.693
P27G,P,27,G,-3.14
P27H,P,27,H,-5.187
P27I,P,27,I,-5.392
P27K,P,27,K,-5.176
P27L,P,27,L,-3.746
P27M,P,27,M,-4.623
P27N,P,27,N,-3.499
P27Q,P,27,Q,-3.201
P27R,P,27,R,-5.601
P27S,P,27,S,-2.906
P27T,P,27,T,-3.375
P27V,P,27,V,-4.267
P27W,P,27,W,-6.886
P27Y,P,27,Y,-5.563
E28A,E,28,A,-4.936
E28C,E,28,C,-6.716
E28D,E,28,D,-3.706
E28F,E,28,F,-6.304
E28G,E,28,G,-4.464
E28H,E,28,H,-6.702
E28I,E,28,I,-6.666
E28K,E,28,K,-6.76
E28L,E,28,L,-5.144
E28M,E,28,M,-6.587
E28N,E,28,N,-5.534
E28P,E,28,P,-4.285
E28Q,E,28,Q,-5.224
E28R,E,28,R,-7.061
E28S,E,28,S,-4.409
E28T,E,28,T,-5.248
E28V,E,28,V,-5.709
E28W,E,28,W,-7.388
E28Y,E,28,Y,-7.416
N29A,N,29,A,-3.043
N29C,N,29,C,-5.182
N29D,N,29,D,-1.694
N29E,N,29,E,-1.991
N29F,N,29,F,-4.494
N29G,N,29,G,-2.527
N29H,N,29,H,-4.422
N29I,N,29,I,-4.871
N29K,N,29,K,-4.502
N29L,N,29,L,-3.652
N29M,N,29,M,-4.715
N29P,N,29,P,-2.703
N29Q,N,29,Q,-3.317
N29R,N,29,R,-4.871
N29S,N,29,S,-2.713
N29T,N,29,T,-3.26
N29V,N,29,V,-3.958
N29W,N,29,W,-6.325
N29Y,N,29,Y,-5.306
N30A,N,30,A,-2.355
N30C,N,30,C,-4.542
N30D,N,30,D,-1.92
N30E,N,30,E,-1.629
N30F,N,30,F,-4.074
N30G,N,30,G,-2.153
N30H,N,30,H,-4.426
N30I,N,30,I,-4.434
N30K,N,30,K,-4.302
N30L,N,30,L,-2.887
N30M,N,30,M,-3.532
N30P,N,30,P,-1.597
N30Q,N,30,Q,-2.624
N30R,N,30,R,-4.518
N30S,N,30,S,-2.072
N30T,N,30,T,-2.503
N30V,N,30,V,-3.348
N30W,N,30,W,-5.5
N30Y,N,30,Y,-5.11
V31A,V,31,A,-2.758
V31C,V,31,C,-4.483
V31D,V,31,D,-1.902
V31E,V,31,E,-2.28
V31F,V,31,F,-3.255
V31G,V,31,G,-2.423
V31H,V,31,H,-4.151
V31I,V,31,I,-3.794
V31K,V,31,K,-4.598
V31L,V,31,L,-2.214
V31M,V,31,M,-4.02
V31N,V,31,N,-3.253
V31P,V,31,P,-1.857
V31Q,V,31,Q,-3.157
V31R,V,31,R,-4.735
V31S,V,31,S,-2.232
V31T,V,31,T,-3.03
V31W,V,31,W,-5.471
V31Y,V,31,Y,-4.737
L32A,L,32,A,-3.823
L32C,L,32,C,-5.381
L32D,L,32,D,-3.411
L32E,L,32,E,-3.756
L32F,L,32,F,-4.406
L32G,L,32,G,-3.622
L32H,L,32,H,-5.552
L32I,L,32,I,-5.383
L32K,L,32,K,-5.669
L32M,L,32,M,-5.169
L32N,L,32,N,-4.719
L32P,L,32,P,-3.376
L32Q,L,32,Q,-4.45
L32R,L,32,R,-6.033
L32S,L,32,S,-3.512
L32T,L,32,T,-4.268
L32V,L,32,V,-4.571
L32W,L,32,W,-6.129
L32Y,L,32,Y,-5.801
S33A,S,33,A,-3.506
S33C,S,33,C,-5.268
S33D,S,33,D,-2.667
S33E,S,33,E,-2.945
S33F,S,33,F,-4.001
S33G,S,33,G,-3.208
S33H,S,33,H,-5.233
S33I,S,33,I,-4.889
S33K,S,33,K,-5.69
S33L,S,33,L,-3.172
S33M,S,33,M,-4.988
S33N,S,33,N,-4.285
S33P,S,33,P,-1.907
S33Q,S,33,Q,-3.834
S33R,S,33,R,-5.716
S33T,S,33,T,-4.068
S33V,S,33,V,-4.163
S33W,S,33,W,-5.762
S33Y,S,33,Y,-5.422
P34A,P,34,A,-4.481
P34C,P,34,C,-5.698
P34D,P,34,D,-3.23
P34E,P,34,E,-3.386
P34F,P,34,F,-5.132
P34G,P,34,G,-4.277
P34H,P,34,H,-5.705
P34I,P,34,I,-5.871
P34K,P,34,K,-6.435
P34L,P,34,L,-4.145
P34M,P,34,M,-5.869
P34N,P,34,N,-5.123
P34Q,P,34,Q,-4.331
P34R,P,34,R,-6.068
P34S,P,34,S,-3.558
P34T,P,34,T,-4.594
P34V,P,34,V,-5.081
P34W,P,34,W,-6.727
P34Y,P,34,Y,-6.014
L35A,L,35,A,-3.813
L35C,L,35,C,-5.501
L35D,L,35,D,-3.204
L35E,L,35,E,-3.351
L35F,L,35,F,-4.229
L35G,L,35,G,-3.597
L35H,L,35,H,-5.713
L35I,L,35,I,-5.438
L35K,L,35,K,-6.243
L35M,L,35,M,-5.536
L35N,L,35,N,-5.027
L35P,L,35,P,-3.573
L35Q,L,35,Q,-4.579
L35R,L,35,R,-5.945
L35S,L,35,S,-3.279
L35T,L,35,T,-4.272
L35V,L,35,V,-4.297
L35W,L,35,W,-6.429
L35Y,L,35,Y,-5.771
P36A,P,36,A,-4.373
P36C,P,36,C,-5.966
P36D,P,36,D,-2.673
P36E,P,36,E,-3.327
P36F,P,36,F,-4.898
P36G,P,36,G,-3.651
P36H,P,36,H,-5.48
P36I,P,36,I,-6.145
P36K,P,36,K,-6.541
P36L,P,36,L,-4.106
P36M,P,36,M,-5.942
P36N,P,36,N,-4.65
P36Q,P,36,Q,-4.385
P36R,P,36,R,-6.321
P36S,P,36,S,-3.537
P36T,P,36,T,-4.452
P36V,P,36,V,-5.105
P36W,P,36,W,-6.171
P36Y,P,36,Y,-5.921
S37A,S,37,A,-3.828
S37C,S,37,C,-5.318
S37D,S,37,D,-3.562
S37E,S,37,E,-3.52
S37F,S,37,F,-4.353
S37G,S,37,G,-3.26
S37H,S,37,H,-5.406
S37I,S,37,I,-5.397
S37K,S,37,K,-6.11
S37L,S,37,L,-3.517
S37M,S,37,M,-5.205
S37N,S,37,N,-5.018
S37P,S,37,P,-3.213
S37Q,S,37,Q,-4.195
S37R,S,37,R,-5.558
S37T,S,37,T,-4.327
S37V,S,37,V,-4.456
S37W,S,37,W,-6.271
S37Y,S,37,Y,-5.138
Q38A,Q,38,A,-2.678
Q38C,Q,38,C,-4.47
Q38D,Q,38,D,-3.003
Q38E,Q,38,E,-2.846
Q38F,Q,38,F,-3.703
Q38G,Q,38,G,-2.641
Q38H,Q,38,H,-4.766
Q38I,Q,38,I,-4.285
Q38K,Q,38,K,-5.106
Q38L,Q,38,L,-2.238
Q38M,Q,38,M,-3.722
Q38N,Q,38,N,-4.345
Q38P,Q,38,P,-2.165
Q38R,Q,38,R,-4.942
Q38S,Q,38,S,-2.258
Q38T,Q,38,T,-3.183
Q38V,Q,38,V,-3.266
Q38W,Q,38,W,-4.963
Q38Y,Q,38,Y,-5.392
A39C,A,39,C,-5.753
A39D,A,39,D,-2.903
A39E,A,39,E,-3.278
A39F,A,39,F,-3.889
A39G,A,39,G,-2.966
A39H,A,39,H,-5.063
A39I,A,39,I,-4.818
A39K,A,39,K,-5.534
A39L,A,39,L,-3.197
A39M,A,39,M,-4.656
A39N,A,39,N,-4.012
A39P,A,39,P,-3.152
A39Q,A,39,Q,-4.179
A39R,A,39,R,-5.481
A39S,A,39,S,-3.206
A39T,A,39,T,-3.777
A39V,A,39,V,-4.062
A39W,A,39,W,-5.993
A39Y,A,39,Y,-5.147
M40A,M,40,A,-2.248
M40C,M,40,C,-4.448
M40D,M,40,D,-2.821
M40E,M,40,E,-2.409
M40F,M,40,F,-2.849
M40G,M,40,G,-2.309
M40H,M,40,H,-4.462
M40I,M,40,I,-4.009
M40K,M,40,K,-4.344
M40L,M,40,L,-1.922
M40N,M,40,N,-4.042
M40P,M,40,P,-1.862
M40Q,M,40,Q,-2.8
M40R,M,40,R,-4.404
M40S,M,40,S,-2.409
M40T,M,40,T,-2.893
M40V,M,40,V,-2.88
M40W,M,40,W,-3.736
M40Y,M,40,Y,-4.171
D41A,D,41,A,-2.768
D41C,D,41,C,-5.342
D41E,D,41,E,-3.21
D41F,D,41,F,-4.309
D41G,D,41,G,-3.043
D41H,D,41,H,-5.348
D41I,D,41,I,-5.15
D41K,D,41,K,-4.625
D41L,D,41,L,-3.201
D41M,D,41,M,-3.753
D41N,D,41,N,-4.198
D41P,D,41,P,-2.61
D41Q,D,41,Q,-3.731
D41R,D,41,R,-4.846
D41S,D,41,S,-2.943
D41T,D,41,T,-3.356
D41V,D,41,V,-4.058
D41W,D,41,W,-6.236
D41Y,D,41,Y,-5.151
D42A,D,42,A,-4.347
D42C,D,42,C,-5.699
D42E,D,42,E,-3.856
D42F,D,42,F,-5.329
D42G,D,42,G,-4.003
D42H,D,42,H,-5.205
D42I,D,42,I,-5.94
D42K,D,42,K,-5.106
D42L,D,42,L,-4.385
D42M,D,42,M,-5.427
D42N,D,42,N,-4.14
D42P,D,42,P,-3.057
D42Q,D,42,Q,-4.178
D42R,D,42,R,-5.598
D42S,D,42,S,-3.231
D42T,D,42,T,-4.215
D42V,D,42,V,-5.239
D42W,D,42,W,-7.211
D42Y,D,42,Y,-5.779
L43A,L,43,A,-4.181
L43C,L,43,C,-5.323
L43D,L,43,D,-5.599
L43E,L,43,E,-6.025
L43F,L,43,F,-3.911
L43G,L,43,G,-4.61
L43H,L,43,H,-5.734
L43I,L,43,I,-4.618
L43K,L,43,K,-5.122
L43M,L,43,M,-5.186
L43N,L,43,N,-5.232
L43P,L,43,P,-3.531
L43Q,L,43,Q,-5.002
L43R,L,43,R,-5.378
L43S,L,43,S,-3.953
L43T,L,43,T,-4.403
L43V,L,43,V,-4.475
L43W,L,43,W,-6.299
L43Y,L,43,Y,-5.005
M44A,M,44,A,-1.544
M44C,M,44,C,-2.706
M44D,M,44,D,-3.307
M44E,M,44,E,-3.37
M44F,M,44,F,-2.402
M44G,M,44,G,-0.699
M44H,M,44,H,-3.035
M44I,M,44,I,-2.988
M44K,M,44,K,-2.736
M44L,M,44,L,-1.496
M44N,M,44,N,-2.211
M44P,M,44,P,-1.483
M44Q,M,44,Q,-2.111
M44R,M,44,R,-2.656
M44S,M,44,S,-1.313
M44T,M,44,T,-1.892
M44V,M,44,V,-1.955
M44W,M,44,W,-4.889
M44Y,M,44,Y,-3.996
L45A,L,45,A,-6.47
L45C,L,45,C,-7.257
L45D,L,45,D,-8.33
L45E,L,45,E,-8.612
L45F,L,45,F,-4.2
L45G,L,45,G,-7.256
L45H,L,45,H,-8.418
L45I,L,45,I,-3.724
L45K,L,45,K,-7.892
L45M,L,45,M,-5.357
L45N,L,45,N,-7.831
L45P,L,45,P,-5.14
L45Q,L,45,Q,-7.66
L45R,L,45,R,-8.096
L45S,L,45,S,-6.905
L45T,L,45,T,-6.707
L45V,L,45,V,-4.579
L45W,L,45,W,-8.081
L45Y,L,45,Y,-7.856
S46A,S,46,A,-5.217
S46C,S,46,C,-6.38
S46D,S,46,D,-6.874
S46E,S,46,E,-7.676
S46F,S,46,F,-7.401
S46G,S,46,G,-5.232
S46H,S,46,H,-6.055
S46I,S,46,I,-6.947
S46K,S,46,K,-5.161
S46L,S,46,L,-5.748
S46M,S,46,M,-7.207
S46N,S,46,N,-4.744
S46P,S,46,P,-4.872
S46Q,S,46,Q,-5.875
S46R,S,46,R,-5.17
S46T,S,46,T,-3.721
S46V,S,46,V,-6.684
S46W,S,46,W,-9.812
S46Y,S,46,Y,-7.997
P47A,P,47,A,-4.055
P47C,P,47,C,-4.728
P47D,P,47,D,-5.314
P47E,P,47,E,-5.828
P47F,P,47,F,-3.935
P47G,P,47,G,-4.788
P47H,P,47,H,-4.282
P47I,P,47,I,-5.012
P47K,P,47,K,-3.305
P47L,P,47,L,-3.137
P47M,P,47,M,-4.614
P47N,P,47,N,-3.631
P47Q,P,47,Q,-3.613
P47R,P,47,R,-3.833
P47S,P,47,S,-3.39
P47T,P,47,T,-4.148
P47V,P,47,V,-4.506
P47W,P,47,W,-5.201
P47Y,P,47,Y,-4.483
D48A,D,48,A,-2.412
D48C,D,48,C,-5.261
D48E,D,48,E,-2.519
D48F,D,48,F,-3.626
D48G,D,48,G,-3.791
D48H,D,48,H,-4.969
D48I,D,48,I,-5.491
D48K,D,48,K,-3.995
D48L,D,48,L,-3.672
D48M,D,48,M,-4.723
D48N,D,48,N,-4.402
D48P,D,48,P,-4.242
D48Q,D,48,Q,-2.891
D48R,D,48,R,-4.445
D48S,D,48,S,-2.405
D48T,D,48,T,-3.891
D48V,D,48,V,-4.373
D48W,D,48,W,-6.149
D48Y,D,48,Y,-5.056
D49A,D,49,A,-5.026
D49C,D,49,C,-6.606
D49E,D,49,E,-4.577
D49F,D,49,F,-5.454
D49G,D,49,G,-6.221
D49H,D,49,H,-5.787
D49I,D,49,I,-5.922
D49K,D,49,K,-6.992
D49L,D,49,L,-5.402
D49M,D,49,M,-6.117
D49N,D,49,N,-5.534
D49P,D,49,P,-7.291
D49Q,D,49,Q,-4.519
D49R,D,49,R,-7.206
D49S,D,49,S,-5.394
D49T,D,49,T,-5.594
D49V,D,49,V,-5.102
D49W,D,49,W,-8.022
D49Y,D,49,Y,-5.669
I50A,I,50,A,-5.142
I50C,I,50,C,-5.697
I50D,I,50,D,-7.769
I50E,I,50,E,-7.514
I50F,I,50,F,-1.843
I50G,I,50,G,-6.496
I50H,I,50,H,-6.864
I50K,I,50,K,-7.7
I50L,I,50,L,-1.582
I50M,I,50,M,-3.817
I50N,I,50,N,-7.817
I50P,I,50,P,-5.311
I50Q,I,50,Q,-6.081
I50R,I,50,R,-6.783
I50S,I,50,S,-5.695
I50T,I,50,T,-5.596
I50V,I,50,V,-3.673
I50W,I,50,W,-5.186
I50Y,I,50,Y,-3.53
E51A,E,51,A,-1.3
E51C,E,51,C,-2.786
E51D,E,51,D,-3.443
E51F,E,51,F,-1.893
E51G,E,51,G,-1.136
E51H,E,51,H,-3.082
E51I,E,51,I,-2.45
E51K,E,51,K,-2.989
E51L,E,51,L,-0.545
E51M,E,51,M,-2.249
E51N,E,51,N,-2.446
E51P,E,51,P,-2.821
E51Q,E,51,Q,-2.139
E51R,E,51,R,-2.611
E51S,E,51,S,-0.411
E51T,E,51,T,-1.567
E51V,E,51,V,-2.298
E51W,E,51,W,-4.935
E51Y,E,51,Y,-3.031
Q52A,Q,52,A,-3.802
Q52C,Q,52,C,-5.732
Q52D,Q,52,D,-5.832
Q52E,Q,52,E,-5.679
Q52F,Q,52,F,-6.061
Q52G,Q,52,G,-4.884
Q52H,Q,52,H,-4.637
Q52I,Q,52,I,-7.277
Q52K,Q,52,K,-1.583
Q52L,Q,52,L,-4.907
Q52M,Q,52,M,-6.216
Q52N,Q,52,N,-4.51
Q52P,Q,52,P,-5.0
Q52R,Q,52,R,-1.835
Q52S,Q,52,S,-3.125
Q52T,Q,52,T,-4.119
Q52V,Q,52,V,-6.096
Q52W,Q,52,W,-7.172
Q52Y,Q,52,Y,-6.647
W53A,W,53,A,-4.121
W53C,W,53,C,-2.428
W53D,W,53,D,-6.248
W53E,W,53,E,-6.709
W53F,W,53,F,-0.969
W53G,W,53,G,-5.3
W53H,W,53,H,-4.016
W53I,W,53,I,-2.454
W53K,W,53,K,-5.828
W53L,W,53,L,-1.004
W53M,W,53,M,-3.953
W53N,W,53,N,-5.724
W53P,W,53,P,-4.682
W53Q,W,53,Q,-5.34
W53R,W,53,R,-5.474
W53S,W,53,S,-3.842
W53T,W,53,T,-4.878
W53V,W,53,V,-3.222
W53Y,W,53,Y,-1.443
F54A,F,54,A,-5.638
F54C,F,54,C,-5.387
F54D,F,54,D,-7.749
F54E,F,54,E,-7.924
F54G,F,54,G,-6.026
F54H,F,54,H,-7.264
F54I,F,54,I,-4.371
F54K,F,54,K,-3.832
F54L,F,54,L,-2.491
F54M,F,54,M,-5.069
F54N,F,54,N,-6.561
F54P,F,54,P,-5.724
F54Q,F,54,Q,-6.267
F54R,F,54,R,-5.225
F54S,F,54,S,-5.886
F54T,F,54,T,-5.76
F54V,F,54,V,-4.91
F54W,F,54,W,-6.278
F54Y,F,54,Y,-6.857
T55A,T,55,A,-3.544
T55C,T,55,C,-5.173
T55D,T,55,D,-5.365
T55E,T,55,E,-4.883
T55F,T,55,F,-5.028
T55G,T,55,G,-3.419
T55H,T,55,H,-4.129
T55I,T,55,I,-5.031
T55K,T,55,K,-2.071
T55L,T,55,L,-2.635
T55M,T,55,M,-4.182
T55N,T,55,N,-3.55
T55P,T,55,P,-3.41
T55Q,T,55,Q,-2.833
T55R,T,55,R,-1.935
T55S,T,55,S,-2.717
T55V,T,55,V,-4.379
T55W,T,55,W,-6.022
T55Y,T,55,Y,-5.776
E56A,E,56,A,-2.422
E56C,E,56,C,-4.521
E56D,E,56,D,-4.034
E56F,E,56,F,-3.316
E56G,E,56,G,-2.367
E56H,E,56,H,-4.269
E56I,E,56,I,-4.49
E56K,E,56,K,-3.629
E56L,E,56,L,-2.504
E56M,E,56,M,-3.766
E56N,E,56,N,-3.988
E56P,E,56,P,-2.115
E56Q,E,56,Q,-2.597
E56R,E,56,R,-3.627
E56S,E,56,S,-2.254
E56T,E,56,T,-2.971
E56V,E,56,V,-3.128
E56W,E,56,W,-5.614
E56Y,E,56,Y,-5.187
D57A,D,57,A,-2.089
D57C,D,57,C,-4.78
D57E,D,57,E,-3.169
D57F,D,57,F,-3.851
D57G,D,57,G,-2.508
D57H,D,57,H,-3.939
D57I,D,57,I,-3.266
D57K,D,57,K,-3.586
D57L,D,57,L,-1.822
D57M,D,57,M,-3.567
D57N,D,57,N,-3.189
D57P,D,57,P,-2.266
D57Q,D,57,Q,-2.767
D57R,D,57,R,-3.943
D57S,D,57,S,-2.566
D57T,D,57,T,-2.372
D57V,D,57,V,-2.507
D57W,D,57,W,-6.19
D57Y,D,57,Y,-5.411
P58A,P,58,A,-4.551
P58C,P,58,C,-6.087
P58D,P,58,D,-5.888
P58E,P,58,E,-5.376
P58F,P,58,F,-5.101
P58G,P,58,G,-4.426
P58H,P,58,H,-5.854
P58I,P,58,I,-6.253
P58K,P,58,K,-4.829
P58L,P,58,L,-3.537
P58M,P,58,M,-5.316
P58N,P,58,N,-6.424
P58Q,P,58,Q,-4.562
P58R,P,58,R,-4.487
P58S,P,58,S,-4.42
P58T,P,58,T,-4.763
P58V,P,58,V,-5.095
P58W,P,58,W,-6.416
P58Y,P,58,Y,-6.553
G59A,G,59,A,-3.209
G59C,G,59,C,-5.029
G59D,G,59,D,-4.973
G59E,G,59,E,-4.392
G59F,G,59,F,-3.627
G59H,G,59,H,-5.351
G59I,G,59,I,-5.068
G59K,G,59,K,-4.212
G59L,G,59,L,-2.915
G59M,G,59,M,-4.82
G59N,G,59,N,-5.507
G59P,G,59,P,-3.12
G59Q,G,59,Q,-4.095
G59R,G,59,R,-4.337
G59S,G,59,S,-3.653
G59T,G,59,T,-4.305
G59V,G,59,V,-3.482
G59W,G,59,W,-5.43
G59Y,G,59,Y,-5.848
P60A,P,60,A,-4.042
P60C,P,60,C,-6.539
P60D,P,60,D,-5.3
P60E,P,60,E,-4.594
P60F,P,60,F,-5.313
P60G,P,60,G,-3.858
P60H,P,60,H,-6.488
P60I,P,60,I,-6.315
P60K,P,60,K,-4.892
P60L,P,60,L,-3.462
P60M,P,60,M,-5.366
P60N,P,60,N,-6.327
P60Q,P,60,Q,-4.594
P60R,P,60,R,-4.988
P60S,P,60,S,-4.515
P60T,P,60,T,-4.78
P60V,P,60,V,-4.845
P60W,P,60,W,-6.121
P60Y,P,60,Y,-7.123
D61A,D,61,A,-1.218
D61C,D,61,C,-3.676
D61E,D,61,E,-1.828
D61F,D,61,F,-3.523
D61G,D,61,G,-1.468
D61H,D,61,H,-4.106
D61I,D,61,I,-4.192
D61K,D,61,K,-2.936
D61L,D,61,L,-1.382
D61M,D,61,M,-2.942
D61N,D,61,N,-4.445
D61P,D,61,P,-0.411
D61Q,D,61,Q,-1.716
D61R,D,61,R,-2.67
D61S,D,61,S,-1.491
D61T,D,61,T,-2.052
D61V,D,61,V,-2.263
D61W,D,61,W,-3.573
D61Y,D,61,Y,-4.678
E62A,E,62,A,-2.441
E62C,E,62,C,-5.104
E62D,E,62,D,-4.32
E62F,E,62,F,-4.403
E62G,E,62,G,-2.724
E62H,E,62,H,-5.114
E62I,E,62,I,-4.924
E62K,E,62,K,-4.434
E62L,E,62,L,-2.637
E62M,E,62,M,-4.114
E62N,E,62,N,-5.502
E62P,E,62,P,-1.739
E62Q,E,62,Q,-3.28
E62R,E,62,R,-4.215
E62S,E,62,S,-2.946
E62T,E,62,T,-3.2
E62V,E,62,V,-3.422
E62W,E,62,W,-5.013
E62Y,E,62,Y,-6.173
A63C,A,63,C,-6.657
A63D,A,63,D,-4.86
A63E,A,63,E,-4.095
A63F,A,63,F,-4.999
A63G,A,63,G,-3.807
A63H,A,63,H,-6.167
A63I,A,63,I,-5.438
A63K,A,63,K,-5.389
A63L,A,63,L,-3.716
A63M,A,63,M,-5.309
A63N,A,63,N,-6.234
A63P,A,63,P,-3.38
A63Q,A,63,Q,-4.642
A63R,A,63,R,-5.397
A63S,A,63,S,-4.456
A63T,A,63,T,-4.664
A63V,A,63,V,-4.326
A63W,A,63,W,-6.331
A63Y,A,63,Y,-6.642
P64A,P,64,A,-4.22
P64C,P,64,C,-6.183
P64D,P,64,D,-5.91
P64E,P,64,E,-5.149
P64F,P,64,F,-3.398
P64G,P,64,G,-4.535
P64H,P,64,H,-6.091
P64I,P,64,I,-5.75
P64K,P,64,K,-5.883
P64L,P,64,L,-3.352
P64M,P,64,M,-5.478
P64N,P,64,N,-6.832
P64Q,P,64,Q,-4.828
P64R,P,64,R,-5.401
P64S,P,64,S,-4.472
P64T,P,64,T,-5.137
P64V,P,64,V,-4.523
P64W,P,64,W,-5.584
P64Y,P,64,Y,-5.501
R65A,R,65,A,-1.647
R65C,R,65,C,-4.468
R65D,R,65,D,-4.004
R65E,R,65,E,-2.961
R65F,R,65,F,-3.973
R65G,R,65,G,-2.434
R65H,R,65,H,-4.763
R65I,R,65,I,-4.639
R65K,R,65,K,-3.353
R65L,R,65,L,-2.202
R65M,R,65,M,-4.104
R65N,R,65,N,-5.182
R65P,R,65,P,-1.235
R65Q,R,65,Q,-3.022
R65S,R,65,S,-2.478
R65T,R,65,T,-3.166
R65V,R,65,V,-2.641
R65W,R,65,W,-4.595
R65Y,R,65,Y,-5.634
M66A,M,66,A,0.488
M66C,M,66,C,-2.858
M66D,M,66,D,-1.222
M66E,M,66,E,-0.241
M66F,M,66,F,-2.763
M66G,M,66,G,-0.432
M66H,M,66,H,-2.705
M66I,M,66,I,-2.933
M66K,M,66,K,-2.427
M66L,M,66,L,-0.991
M66N,M,66,N,-2.998
M66P,M,66,P,0.204
M66Q,M,66,Q,-1.011
M66R,M,66,R,-1.931
M66S,M,66,S,-1.217
M66T,M,66,T,-1.211
M66V,M,66,V,-0.931
M66W,M,66,W,-3.451
M66Y,M,66,Y,-3.784
P67A,P,67,A,-4.58
P67C,P,67,C,-8.127
P67D,P,67,D,-5.633
P67E,P,67,E,-3.425
P67F,P,67,F,-6.996
P67G,P,67,G,-5.338
P67H,P,67,H,-7.505
P67I,P,67,I,-7.657
P67K,P,67,K,-6.34
P67L,P,67,L,-4.797
P67M,P,67,M,-6.318
P67N,P,67,N,-7.836
P67Q,P,67,Q,-4.953
P67R,P,67,R,-6.529
P67S,P,67,S,-5.496
P67T,P,67,T,-5.55
P67V,P,67,V,-5.494
P67W,P,67,W,-7.088
P67Y,P,67,Y,-8.042
E68A,E,68,A,-2.123
E68C,E,68,C,-5.809
E68D,E,68,D,-4.345
E68F,E,68,F,-5.547
E68G,E,68,G,-3.856
E68H,E,68,H,-5.727
E68I,E,68,I,-5.574
E68K,E,68,K,-6.107
E68L,E,68,L,-3.595
E68M,E,68,M,-5.104
E68N,E,68,N,-6.43
E68P,E,68,P,-1.696
E68Q,E,68,Q,-4.059
E68R,E,68,R,-5.232
E68S,E,68,S,-3.206
E68T,E,68,T,-3.451
E68V,E,68,V,-3.687
E68W,E,68,W,-5.793
E68Y,E,68,Y,-6.519
A69C,A,69,C,-7.678
A69D,A,69,D,-5.051
A69E,A,69,E,-3.525
A69F,A,69,F,-6.891
A69G,A,69,G,-4.656
A69H,A,69,H,-6.756
A69I,A,69,I,-6.708
A69K,A,69,K,-6.146
A69L,A,69,L,-4.331
A69M,A,69,M,-5.4
A69N,A,69,N,-6.714
A69P,A,69,P,-2.856
A69Q,A,69,Q,-4.767
A69R,A,69,R,-6.072
A69S,A,69,S,-4.726
A69T,A,69,T,-4.834
A69V,A,69,V,-4.663
A69W,A,69,W,-7.213
A69Y,A,69,Y,-7.535
A70C,A,70,C,-7.099
A70D,A,70,D,-6.403
A70E,A,70,E,-4.572
A70F,A,70,F,-6.641
A70G,A,70,G,-4.891
A70H,A,70,H,-6.913
A70I,A,70,I,-7.134
A70K,A,70,K,-6.658
A70L,A,70,L,-4.281
A70M,A,70,M,-6.077
A70N,A,70,N,-7.307
A70P,A,70,P,-2.709
A70Q,A,70,Q,-4.556
A70R,A,70,R,-5.897
A70S,A,70,S,-4.622
A70T,A,70,T,-5.229
A70V,A,70,V,-4.882
A70W,A,70,W,-7.512
A70Y,A,70,Y,-7.845
P71A,P,71,A,-2.398
P71C,P,71,C,-7.386
P71D,P,71,D,-5.91
P71E,P,71,E,-4.733
P71F,P,71,F,-6.571
P71G,P,71,G,-5.041
P71H,P,71,H,-7.235
P71I,P,71,I,-6.148
P71K,P,71,K,-7.112
P71L,P,71,L,-4.865
P71M,P,71,M,-5.82
P71N,P,71,N,-7.098
P71Q,P,71,Q,-5.574
P71R,P,71,R,-6.644
P71S,P,71,S,-4.819
P71T,P,71,T,-4.028
P71V,P,71,V,-3.954
P71W,P,71,W,-8.089
P71Y,P,71,Y,-8.045
P72A,P,72,A,-4.001
P72C,P,72,C,-7.836
P72D,P,72,D,-6.529
P72E,P,72,E,-4.915
P72F,P,72,F,-7.556
P72G,P,72,G,-6.006
P72H,P,72,H,-7.313
P72I,P,72,I,-7.665
P72K,P,72,K,-7.179
P72L,P,72,L,-5.612
P72M,P,72,M,-6.946
P72N,P,72,N,-8.12
P72Q,P,72,Q,-5.696
P72R,P,72,R,-6.703
P72S,P,72,S,-5.114
P72T,P,72,T,-5.545
P72V,P,72,V,-5.253
P72W,P,72,W,-8.617
P72Y,P,72,Y,-8.013
V73A,V,73,A,-0.509
V73C,V,73,C,-5.873
V73D,V,73,D,-5.449
V73E,V,73,E,-3.533
V73F,V,73,F,-7.087
V73G,V,73,G,-4.174
V73H,V,73,H,-6.45
V73I,V,73,I,-6.21
V73K,V,73,K,-6.058
V73L,V,73,L,-4.087
V73M,V,73,M,-5.412
V73N,V,73,N,-7.174
V73P,V,73,P,-1.265
V73Q,V,73,Q,-4.417
V73R,V,73,R,-5.128
V73S,V,73,S,-3.18
V73T,V,73,T,-3.136
V73W,V,73,W,-7.293
V73Y,V,73,Y,-7.806
A74C,A,74,C,-8.051
A74D,A,74,D,-7.16
A74E,A,74,E,-6.796
A74F,A,74,F,-7.926
A74G,A,74,G,-7.121
A74H,A,74,H,-8.314
A74I,A,74,I,-8.066
A74K,A,74,K,-9.497
A74L,A,74,L,-6.132
A74M,A,74,M,-8.034
A74N,A,74,N,-8.601
A74P,A,74,P,-4.591
A74Q,A,74,Q,-7.292
A74R,A,74,R,-8.609
A74S,A,74,S,-5.483
A74T,A,74,T,-5.744
A74V,A,74,V,-6.029
A74W,A,74,W,-9.895
A74Y,A,74,Y,-8.661
P75A,P,75,A,-5.659
P75C,P,75,C,-9.778
P75D,P,75,D,-9.215
P75E,P,75,E,-7.525
P75F,P,75,F,-9.918
P75G,P,75,G,-8.196
P75H,P,75,H,-9.121
P75I,P,75,I,-10.161
P75K,P,75,K,-9.724
P75L,P,75,L,-6.977
P75M,P,75,M,-9.062
P75N,P,75,N,-10.726
P75Q,P,75,Q,-7.698
P75R,P,75,R,-8.832
P75S,P,75,S,-6.234
P75T,P,75,T,-7.118
P75V,P,75,V,-7.655
P75W,P,75,W,-10.865
P75Y,P,75,Y,-10.824
A76C,A,76,C,-8.27
A76D,A,76,D,-7.712
A76E,A,76,E,-6.79
A76F,A,76,F,-9.257
A76G,A,76,G,-6.53
A76H,A,76,H,-9.024
A76I,A,76,I,-6.636
A76K,A,76,K,-8.421
A76L,A,76,L,-6.624
A76M,A,76,M,-6.725
A76N,A,76,N,-7.738
A76P,A,76,P,-5.052
A76Q,A,76,Q,-7.819
A76R,A,76,R,-7.901
A76S,A,76,S,-5.259
A76T,A,76,T,-2.937
A76V,A,76,V,-5.406
A76W,A,76,W,-10.939
A76Y,A,76,Y,-10.465
P77A,P,77,A,-6.057
P77C,P,77,C,-10.007
P77D,P,77,D,-9.721
P77E,P,77,E,-8.038
P77F,P,77,F,-10.204
P77G,P,77,G,-9.078
P77H,P,77,H,-8.818
P77I,P,77,I,-10.481
P77K,P,77,K,-9.862
P77L,P,77,L,-7.015
P77M,P,77,M,-9.951
P77N,P,77,N,-11.043
P77Q,P,77,Q,-7.832
P77R,P,77,R,-8.583
P77S,P,77,S,-6.855
P77T,P,77,T,-7.446
P77V,P,77,V,-7.879
P77W,P,77,W,-11.27
P77Y,P,77,Y,-10.335
A78C,A,78,C,-8.833
A78D,A,78,D,-8.534
A78E,A,78,E,-6.798
A78F,A,78,F,-9.9
A78G,A,78,G,-6.933
A78H,A,78,H,-10.084
A78I,A,78,I,-7.798
A78K,A,78,K,-9.124
A78L,A,78,L,-6.836
A78M,A,78,M,-7.548
A78N,A,78,N,-9.949
A78P,A,78,P,-5.324
A78Q,A,78,Q,-8.144
A78R,A,78,R,-8.485
A78S,A,78,S,-6.327
A78T,A,78,T,-5.882
A78V,A,78,V,-4.536
A78W,A,78,W,-11.063
A78Y,A,78,Y,-11.116
A79C,A,79,C,-8.762
A79D,A,79,D,-8.396
A79E,A,79,E,-7.448
A79F,A,79,F,-9.088
A79G,A,79,G,-7.601
A79H,A,79,H,-9.276
A79I,A,79,I,-8.782
A79K,A,79,K,-9.74
A79L,A,79,L,-7.179
A79M,A,79,M,-8.675
A79N,A,79,N,-9.362
A79P,A,79,P,-5.047
A79Q,A,79,Q,-8.029
A79R,A,79,R,-9.094
A79S,A,79,S,-6.157
A79T,A,79,T,-5.804
A79V,A,79,V,-6.179
A79W,A,79,W,-10.87
A79Y,A,79,Y,-9.347
P80A,P,80,A,-5.885
P80C,P,80,C,-9.448
P80D,P,80,D,-9.525
P80E,P,80,E,-8.194
P80F,P,80,F,-9.51
P80G,P,80,G,-8.32
P80H,P,80,H,-8.843
P80I,P,80,I,-10.143
P80K,P,80,K,-10.235
P80L,P,80,L,-6.871
P80M,P,80,M,-9.775
P80N,P,80,N,-10.777
P80Q,P,80,Q,-7.977
P80R,P,80,R,-8.754
P80S,P,80,S,-6.275
P80T,P,80,T,-7.403
P80V,P,80,V,-7.666
P80W,P,80,W,-10.391
P80Y,P,80,Y,-10.602
T81A,T,81,A,0.237
T81C,T,81,C,-6.982
T81D,T,81,D,-5.196
T81E,T,81,E,-4.295
T81F,T,81,F,-7.036
T81G,T,81,G,-4.141
T81H,T,81,H,-7.239
T81I,T,81,I,-5.961
T81K,T,81,K,-7.416
T81L,T,81,L,-5.131
T81M,T,81,M,-6.439
T81N,T,81,N,-7.211
T81P,T,81,P,-3.31
T81Q,T,81,Q,-6.07
T81R,T,81,R,-6.728
T81S,T,81,S,-3.872
T81V,T,81,V,-2.703
T81W,T,81,W,-8.795
T81Y,T,81,Y,-8.905
P82A,P,82,A,-5.857
P82C,P,82,C,-9.329
P82D,P,82,D,-9.641
P82E,P,82,E,-7.849
P82F,P,82,F,-9.935
P82G,P,82,G,-8.609
P82H,P,82,H,-8.642
P82I,P,82,I,-10.337
P82K,P,82,K,-9.607
P82L,P,82,L,-6.811
P82M,P,82,M,-9.42
P82N,P,82,N,-10.782
P82Q,P,82,Q,-7.511
P82R,P,82,R,-8.244
P82S,P,82,S,-6.419
P82T,P,82,T,-7.247
P82V,P,82,V,-7.573
P82W,P,82,W,-10.661
P82Y,P,82,Y,-9.993
A83C,A,83,C,-8.654
A83D,A,83,D,-8.293
A83E,A,83,E,-6.58
A83F,A,83,F,-9.709
A83G,A,83,G,-6.643
A83H,A,83,H,-9.772
A83I,A,83,I,-7.974
A83K,A,83,K,-8.923
A83L,A,83,L,-6.677
A83M,A,83,M,-7.571
A83N,A,83,N,-9.796
A83P,A,83,P,-5.034
A83Q,A,83,Q,-7.66
A83R,A,83,R,-8.182
A83S,A,83,S,-5.991
A83T,A,83,T,-5.848
A83V,A,83,V,-4.595
A83W,A,83,W,-10.506
A83Y,A,83,Y,-10.75
A84C,A,84,C,-8.537
A84D,A,84,D,-8.268
A84E,A,84,E,-7.437
A84F,A,84,F,-8.923
A84G,A,84,G,-7.331
A84H,A,84,H,-8.973
A84I,A,84,I,-8.793
A84K,A,84,K,-9.594
A84L,A,84,L,-7.093
A84M,A,84,M,-8.701
A84N,A,84,N,-9.246
A84P,A,84,P,-4.905
A84Q,A,84,Q,-7.801
A84R,A,84,R,-8.745
A84S,A,84,S,-6.071
A84T,A,84,T,-5.791
A84V,A,84,V,-6.176
A84W,A,84,W,-10.519
A84Y,A,84,Y,-9.239
P85A,P,85,A,-5.667
P85C,P,85,C,-9.382
P85D,P,85,D,-9.423
P85E,P,85,E,-7.878
P85F,P,85,F,-10.284
P85G,P,85,G,-8.037
P85H,P,85,H,-9.341
P85I,P,85,I,-10.495
P85K,P,85,K,-10.078
P85L,P,85,L,-7.145
P85M,P,85,M,-9.398
P85N,P,85,N,-10.907
P85Q,P,85,Q,-7.847
P85R,P,85,R,-8.763
P85S,P,85,S,-6.252
P85T,P,85,T,-7.333
P85V,P,85,V,-7.58
P85W,P,85,W,-10.967
P85Y,P,85,Y,-11.193
A86C,A,86,C,-7.818
A86D,A,86,D,-7.799
A86E,A,86,E,-7.006
A86F,A,86,F,-8.796
A86G,A,86,G,-6.197
A86H,A,86,H,-8.215
A86I,A,86,I,-7.767
A86K,A,86,K,-8.603
A86L,A,86,L,-6.716
A86M,A,86,M,-7.702
A86N,A,86,N,-8.12
A86P,A,86,P,-5.488
A86Q,A,86,Q,-7.146
A86R,A,86,R,-7.62
A86S,A,86,S,-5.321
A86T,A,86,T,-4.446
A86V,A,86,V,-5.639
A86W,A,86,W,-9.748
A86Y,A,86,Y,-9.189
P87A,P,87,A,-5.403
P87C,P,87,C,-9.031
P87D,P,87,D,-9.044
P87E,P,87,E,-7.577
P87F,P,87,F,-9.725
P87G,P,87,G,-7.753
P87H,P,87,H,-8.689
P87I,P,87,I,-10.025
P87K,P,87,K,-9.05
P87L,P,87,L,-6.55
P87M,P,87,M,-8.561
P87N,P,87,N,-10.35
P87Q,P,87,Q,-7.163
P87R,P,87,R,-7.748
P87S,P,87,S,-6.088
P87T,P,87,T,-7.11
P87V,P,87,V,-7.095
P87W,P,87,W,-10.27
P87Y,P,87,Y,-10.187
A88C,A,88,C,-7.053
A88D,A,88,D,-6.462
A88E,A,88,E,-5.816
A88F,A,88,F,-7.522
A88G,A,88,G,-5.073
A88H,A,88,H,-7.451
A88I,A,88,I,-7.515
A88K,A,88,K,-7.894
A88L,A,88,L,-5.722
A88M,A,88,M,-7.449
A88N,A,88,N,-7.583
A88P,A,88,P,-4.945
A88Q,A,88,Q,-5.898
A88R,A,88,R,-6.755
A88S,A,88,S,-4.649
A88T,A,88,T,-5.339
A88V,A,88,V,-5.134
A88W,A,88,W,-8.44
A88Y,A,88,Y,-7.978
P89A,P,89,A,-3.893
P89C,P,89,C,-6.542
P89D,P,89,D,-5.801
P89E,P,89,E,-5.89
P89F,P,89,F,-6.048
P89G,P,89,G,-5.531
P89H,P,89,H,-5.847
P89I,P,89,I,-6.774
P89K,P,89,K,-7.18
P89L,P,89,L,-4.709
P89M,P,89,M,-6.868
P89N,P,89,N,-6.971
P89Q,P,89,Q,-5.513
P89R,P,89,R,-6.093
P89S,P,89,S,-4.147
P89T,P,89,T,-4.877
P89V,P,89,V,-5.163
P89W,P,89,W,-7.458
P89Y,P,89,Y,-6.588
S90A,S,90,A,-2.353
S90C,S,90,C,-5.531
S90D,S,90,D,-4.849
S90E,S,90,E,-4.31
S90F,S,90,F,-6.093
S90G,S,90,G,-4.059
S90H,S,90,H,-5.815
S90I,S,90,I,-6.453
S90K,S,90,K,-6.601
S90L,S,90,L,-4.459
S90M,S,90,M,-6.103
S90N,S,90,N,-6.201
S90P,S,90,P,-3.411
S90Q,S,90,Q,-4.62
S90R,S,90,R,-5.345
S90T,S,90,T,-4.209
S90V,S,90,V,-4.098
S90W,S,90,W,-6.612
S90Y,S,90,Y,-6.242
W91A,W,91,A,0.339
W91C,W,91,C,-2.561
W91D,W,91,D,-2.221
W91E,W,91,E,-1.536
W91F,W,91,F,-1.861
W91G,W,91,G,-1.215
W91H,W,91,H,-2.3
W91I,W,91,I,-2.623
W91K,W,91,K,-3.63
W91L,W,91,L,-0.573
W91M,W,91,M,-2.449
W91N,W,91,N,-2.718
W91P,W,91,P,-0.402
W91Q,W,91,Q,-1.01
W91R,W,91,R,-2.514
W91S,W,91,S,-0.705
W91T,W,91,T,-0.639
W91V,W,91,V,-0.529
W91Y,W,91,Y,-1.999
P92A,P,92,A,-4.305
P92C,P,92,C,-6.108
P92D,P,92,D,-3.907
P92E,P,92,E,-4.03
P92F,P,92,F,-6.273
P92G,P,92,G,-4.933
P92H,P,92,H,-5.612
P92I,P,92,I,-6.052
P92K,P,92,K,-6.327
P92L,P,92,L,-4.528
P92M,P,92,M,-6.139
P92N,P,92,N,-5.172
P92Q,P,92,Q,-4.706
P92R,P,92,R,-5.764
P92S,P,92,S,-3.583
P92T,P,92,T,-4.321
P92V,P,92,V,-4.951
P92W,P,92,W,-7.615
P92Y,P,92,Y,-6.211
L93A,L,93,A,-3.072
L93C,L,93,C,-4.717
L93D,L,93,D,-4.294
L93E,L,93,E,-4.089
L93F,L,93,F,-4.346
L93G,L,93,G,-3.869
L93H,L,93,H,-4.848
L93I,L,93,I,-5.152
L93K,L,93,K,-6.307
L93M,L,93,M,-5.242
L93N,L,93,N,-5.252
L93P,L,93,P,-2.762
L93Q,L,93,Q,-3.912
L93R,L,93,R,-5.228
L93S,L,93,S,-2.391
L93T,L,93,T,-3.59
L93V,L,93,V,-3.759
L93W,L,93,W,-5.443
L93Y,L,93,Y,-4.418
S94A,S,94,A,-4.04
S94C,S,94,C,-5.44
S94D,S,94,D,-3.634
S94E,S,94,E,-3.998
S94F,S,94,F,-5.144
S94G,S,94,G,-4.74
S94H,S,94,H,-5.023
S94I,S,94,I,-5.546
S94K,S,94,K,-6.801
S94L,S,94,L,-3.904
S94M,S,94,M,-5.965
S94N,S,94,N,-4.367
S94P,S,94,P,-2.544
S94Q,S,94,Q,-4.506
S94R,S,94,R,-5.872
S94T,S,94,T,-3.873
S94V,S,94,V,-4.427
S94W,S,94,W,-6.584
S94Y,S,94,Y,-5.121
S95A,S,95,A,-4.653
S95C,S,95,C,-6.037
S95D,S,95,D,-5.095
S95E,S,95,E,-5.559
S95F,S,95,F,-5.638
S95G,S,95,G,-5.381
S95H,S,95,H,-5.394
S95I,S,95,I,-6.619
S95K,S,95,K,-7.541
S95L,S,95,L,-4.656
S95M,S,95,M,-6.676
S95N,S,95,N,-4.667
S95P,S,95,P,-3.453
S95Q,S,95,Q,-5.195
S95R,S,95,R,-6.515
S95T,S,95,T,-4.285
S95V,S,95,V,-5.344
S95W,S,95,W,-6.891
S95Y,S,95,Y,-5.956
S96A,S,96,A,-3.51
S96C,S,96,C,-5.188
S96D,S,96,D,-5.635
S96E,S,96,E,-5.443
S96F,S,96,F,-4.725
S96G,S,96,G,-5.349
S96H,S,96,H,-5.32
S96I,S,96,I,-3.948
S96K,S,96,K,-7.373
S96L,S,96,L,-2.986
S96M,S,96,M,-4.892
S96N,S,96,N,-5.706
S96P,S,96,P,-2.569
S96Q,S,96,Q,-4.701
S96R,S,96,R,-6.064
S96T,S,96,T,-3.253
S96V,S,96,V,-3.045
S96W,S,96,W,-6.657
S96Y,S,96,Y,-5.641
V97A,V,97,A,-3.57
V97C,V,97,C,-5.671
V97D,V,97,D,-5.126
V97E,V,97,E,-4.389
V97F,V,97,F,-4.567
V97G,V,97,G,-4.468
V97H,V,97,H,-5.347
V97I,V,97,I,-4.299
V97K,V,97,K,-6.763
V97L,V,97,L,-2.83
V97M,V,97,M,-4.673
V97N,V,97,N,-5.832
V97P,V,97,P,-3.418
V97Q,V,97,Q,-3.907
V97R,V,97,R,-5.886
V97S,V,97,S,-3.805
V97T,V,97,T,-4.023
V97W,V,97,W,-6.478
V97Y,V,97,Y,-5.835
P98A,P,98,A,-6.851
P98C,P,98,C,-9.046
P98D,P,98,D,-8.574
P98E,P,98,E,-8.57
P98F,P,98,F,-8.04
P98G,P,98,G,-8.636
P98H,P,98,H,-8.471
P98I,P,98,I,-6.934
P98K,P,98,K,-10.038
P98L,P,98,L,-5.563
P98M,P,98,M,-7.971
P98N,P,98,N,-8.641
P98Q,P,98,Q,-7.561
P98R,P,98,R,-9.442
P98S,P,98,S,-6.377
P98T,P,98,T,-6.121
P98V,P,98,V,-6.252
P98W,P,98,W,-9.456
P98Y,P,98,Y,-9.461
S99A,S,99,A,-3.572
S99C,S,99,C,-5.924
S99D,S,99,D,-5.649
S99E,S,99,E,-5.693
S99F,S,99,F,-6.12
S99G,S,99,G,-5.547
S99H,S,99,H,-6.697
S99I,S,99,I,-4.229
S99K,S,99,K,-7.58
S99L,S,99,L,-4.149
S99M,S,99,M,-5.487
S99N,S,99,N,-5.563
S99P,S,99,P,-3.63
S99Q,S,99,Q,-5.771
S99R,S,99,R,-7.471
S99T,S,99,T,-3.029
S99V,S,99,V,-2.529
S99W,S,99,W,-8.223
S99Y,S,99,Y,-7.315
Q100A,Q,100,A,-3.83
Q100C,Q,100,C,-5.352
Q100D,Q,100,D,-3.636
Q100E,Q,100,E,-4.158
Q100F,Q,100,F,-6.158
Q100G,Q,100,G,-4.832
Q100H,Q,100,H,-4.28
Q100I,Q,100,I,-5.684
Q100K,Q,100,K,-5.755
Q100L,Q,100,L,-4.015
Q100M,Q,100,M,-5.508
Q100N,Q,100,N,-0.757
Q100P,Q,100,P,-3.155
Q100R,Q,100,R,-6.0
Q100S,Q,100,S,-2.041
Q100T,Q,100,T,-2.328
Q100V,Q,100,V,-4.457
Q100W,Q,100,W,-6.856
Q100Y,Q,100,Y,-6.64
K101A,K,101,A,-1.165
K101C,K,101,C,-3.926
K101D,K,101,D,-0.233
K101E,K,101,E,-0.692
K101F,K,101,F,-4.909
K101G,K,101,G,-2.619
K101H,K,101,H,-2.451
K101I,K,101,I,-4.445
K101L,K,101,L,-2.434
K101M,K,101,M,-4.489
K101N,K,101,N,-1.47
K101P,K,101,P,0.404
K101Q,K,101,Q,-1.412
K101R,K,101,R,-3.701
K101S,K,101,S,0.141
K101T,K,101,T,-0.507
K101V,K,101,V,-3.008
K101W,K,101,W,-4.73
K101Y,K,101,Y,-4.989
T102A,T,102,A,-3.594
T102C,T,102,C,-5.733
T102D,T,102,D,-1.473
T102E,T,102,E,-4.566
T102F,T,102,F,-7.529
T102G,T,102,G,-5.302
T102H,T,102,H,-5.315
T102I,T,102,I,-7.205
T102K,T,102,K,-7.312
T102L,T,102,L,-5.336
T102M,T,102,M,-7.121
T102N,T,102,N,-2.653
T102P,T,102,P,-0.499
T102Q,T,102,Q,-5.537
T102R,T,102,R,-7.281
T102S,T,102,S,-0.977
T102V,T,102,V,-6.414
T102W,T,102,W,-9.898
T102Y,T,102,Y,-7.556
Y103A,Y,103,A,-10.304
Y103C,Y,103,C,-7.711
Y103D,Y,103,D,-10.029
Y103E,Y,103,E,-10.304
Y103F,Y,103,F,-5.863
Y103G,Y,103,G,-10.971
Y103H,Y,103,H,-4.821
Y103I,Y,103,I,-11.308
Y103K,Y,103,K,-12.33
Y103L,Y,103,L,-8.692
Y103M,Y,103,M,-11.636
Y103N,Y,103,N,-10.102
Y103P,Y,103,P,-9.005
Y103Q,Y,103,Q,-8.962
Y103R,Y,103,R,-10.201
Y103S,Y,103,S,-8.723
Y103T,Y,103,T,-10.609
Y103V,Y,103,V,-10.395
Y103W,Y,103,W,-5.954
Q104A,Q,104,A,-4.833
Q104C,Q,104,C,-7.717
Q104D,Q,104,D,-7.573
Q104E,Q,104,E,-5.598
Q104F,Q,104,F,-9.714
Q104G,Q,104,G,-7.615
Q104H,Q,104,H,-5.913
Q104I,Q,104,I,-8.722
Q104K,Q,104,K,-4.336
Q104L,Q,104,L,-5.855
Q104M,Q,104,M,-8.4
Q104N,Q,104,N,-7.272
Q104P,Q,104,P,-0.675
Q104R,Q,104,R,-4.686
Q104S,Q,104,S,-3.917
Q104T,Q,104,T,-4.205
Q104V,Q,104,V,-7.5
Q104W,Q,104,W,-9.523
Q104Y,Q,104,Y,-10.017
G105A,G,105,A,-10.874
G105C,G,105,C,-11.003
G105D,G,105,D,-10.674
G105E,G,105,E,-11.209
G105F,G,105,F,-15.632
G105H,G,105,H,-13.052
G105I,G,105,I,-15.428
G105K,G,105,K,-13.639
G105L,G,105,L,-14.239
G105M,G,105,M,-15.273
G105N,G,105,N,-12.372
G105P,G,105,P,-12.77
G105Q,G,105,Q,-12.7
G105R,G,105,R,-11.355
G105S,G,105,S,-10.092
G105T,G,105,T,-12.605
G105V,G,105,V,-12.971
G105W,G,105,W,-13.172
G105Y,G,105,Y,-14.542
S106A,S,106,A,-3.986
S106C,S,106,C,-8.088
S106D,S,106,D,-1.058
S106E,S,106,E,-1.605
S106F,S,106,F,-8.68
S106G,S,106,G,-5.55
S106H,S,106,H,-5.726
S106I,S,106,I,-8.543
S106K,S,106,K,-6.838
S106L,S,106,L,-5.973
S106M,S,106,M,-8.805
S106N,S,106,N,-3.139
S106P,S,106,P,-0.029
S106Q,S,106,Q,-4.796
S106R,S,106,R,-7.513
S106T,S,106,T,-3.953
S106V,S,106,V,-7.239
S106W,S,106,W,-10.773
S106Y,S,106,Y,-8.858
Y107A,Y,107,A,-10.134
Y107C,Y,107,C,-5.782
Y107D,Y,107,D,-10.127
Y107E,Y,107,E,-10.336
Y107F,Y,107,F,-5.834
Y107G,Y,107,G,-10.837
Y107H,Y,107,H,-2.827
Y107I,Y,107,I,-10.196
Y107K,Y,107,K,-11.881
Y107L,Y,107,L,-6.794
Y107M,Y,107,M,-9.564
Y107N,Y,107,N,-7.612
Y107P,Y,107,P,-9.225
Y107Q,Y,107,Q,-8.176
Y107R,Y,107,R,-9.26
Y107S,Y,107,S,-8.298
Y107T,Y,107,T,-10.232
Y107V,Y,107,V,-9.579
Y107W,Y,107,W,-9.322
G108A,G,108,A,-9.492
G108C,G,108,C,-11.34
G108D,G,108,D,-9.78
G108E,G,108,E,-10.293
G108F,G,108,F,-14.025
G108H,G,108,H,-11.493
G108I,G,108,I,-14.461
G108K,G,108,K,-11.313
G108L,G,108,L,-12.371
G108M,G,108,M,-14.009
G108N,G,108,N,-10.799
G108P,G,108,P,-11.012
G108Q,G,108,Q,-11.063
G108R,G,108,R,-10.08
G108S,G,108,S,-9.387
G108T,G,108,T,-11.159
G108V,G,108,V,-12.579
G108W,G,108,W,-13.269
G108Y,G,108,Y,-13.736
F109A,F,109,A,-15.769
F109C,F,109,C,-12.642
F109D,F,109,D,-17.272
F109E,F,109,E,-17.785
F109G,F,109,G,-16.261
F109H,F,109,H,-14.149
F109I,F,109,I,-13.138
F109K,F,109,K,-17.055
F109L,F,109,L,-8.783
F109M,F,109,M,-13.768
F109N,F,109,N,-16.585
F109P,F,109,P,-13.951
F109Q,F,109,Q,-15.11
F109R,F,109,R,-15.112
F109S,F,109,S,-13.81
F109T,F,109,T,-15.939
F109V,F,109,V,-12.807
F109W,F,109,W,-13.101
F109Y,F,109,Y,-10.78
R110A,R,110,A,-9.05
R110C,R,110,C,-7.723
R110D,R,110,D,-9.804
R110E,R,110,E,-8.706
R110F,R,110,F,-10.106
R110G,R,110,G,-8.409
R110H,R,110,H,-7.095
R110I,R,110,I,-11.174
R110K,R,110,K,-5.879
R110L,R,110,L,-8.705
R110M,R,110,M,-10.187
R110N,R,110,N,-7.585
R110P,R,110,P,-9.824
R110Q,R,110,Q,-6.421
R110S,R,110,S,-6.32
R110T,R,110,T,-7.2
R110V,R,110,V,-10.771
R110W,R,110,W,-7.257
R110Y,R,110,Y,-10.229
L111A,L,111,A,-9.715
L111C,L,111,C,-10.445
L111D,L,111,D,-14.808
L111E,L,111,E,-14.607
L111F,L,111,F,-5.328
L111G,L,111,G,-12.695
L111H,L,111,H,-13.015
L111I,L,111,I,-6.886
L111K,L,111,K,-14.678
L111M,L,111,M,-5.494
L111N,L,111,N,-14.081
L111P,L,111,P,-11.542
L111Q,L,111,Q,-13.511
L111R,L,111,R,-14.038
L111S,L,111,S,-11.482
L111T,L,111,T,-10.552
L111V,L,111,V,-5.157
L111W,L,111,W,-11.867
L111Y,L,111,Y,-9.745
G112A,G,112,A,-6.422
G112C,G,112,C,-6.247
G112D,G,112,D,-9.615
G112E,G,112,E,-7.991
G112F,G,112,F,-10.399
G112H,G,112,H,-7.716
G112I,G,112,I,-10.573
G112K,G,112,K,-8.12
G112L,G,112,L,-8.177
G112M,G,112,M,-9.373
G112N,G,112,N,-7.005
G112P,G,112,P,-9.461
G112Q,G,112,Q,-6.015
G112R,G,112,R,-5.015
G112S,G,112,S,-5.094
G112T,G,112,T,-7.016
G112V,G,112,V,-8.299
G112W,G,112,W,-9.922
G112Y,G,112,Y,-11.259
F113A,F,113,A,-14.138
F113C,F,113,C,-12.704
F113D,F,113,D,-16.401
F113E,F,113,E,-16.613
F113G,F,113,G,-15.646
F113H,F,113,H,-14.379
F113I,F,113,I,-13.057
F113K,F,113,K,-15.865
F113L,F,113,L,-9.169
F113M,F,113,M,-13.143
F113N,F,113,N,-15.628
F113P,F,113,P,-13.434
F113Q,F,113,Q,-14.847
F113R,F,113,R,-14.829
F113S,F,113,S,-12.344
F113T,F,113,T,-13.333
F113V,F,113,V,-12.753
F113W,F,113,W,-13.716
F113Y,F,113,Y,-11.964
L114A,L,114,A,-5.548
L114C,L,114,C,-7.282
L114D,L,114,D,-10.354
L114E,L,114,E,-10.135
L114F,L,114,F,-7.36
L114G,L,114,G,-7.61
L114H,L,114,H,-7.464
L114I,L,114,I,-6.443
L114K,L,114,K,-8.905
L114M,L,114,M,-5.572
L114N,L,114,N,-6.541
L114P,L,114,P,-4.381
L114Q,L,114,Q,-6.662
L114R,L,114,R,-8.76
L114S,L,114,S,-4.533
L114T,L,114,T,-4.644
L114V,L,114,V,-5.067
L114W,L,114,W,-9.882
L114Y,L,114,Y,-9.283
H115A,H,115,A,-7.513
H115C,H,115,C,-7.291
H115D,H,115,D,-8.015
H115E,H,115,E,-8.378
H115F,H,115,F,-6.962
H115G,H,115,G,-7.809
H115I,H,115,I,-8.765
H115K,H,115,K,-5.364
H115L,H,115,L,-5.47
H115M,H,115,M,-8.552
H115N,H,115,N,-3.118
H115P,H,115,P,-6.034
H115Q,H,115,Q,-3.29
H115R,H,115,R,-6.421
H115S,H,115,S,-4.525
H115T,H,115,T,-6.022
H115V,H,115,V,-8.46
H115W,H,115,W,-9.658
H115Y,H,115,Y,-6.519
S116A,S,116,A,-5.44
S116C,S,116,C,-7.709
S116D,S,116,D,-9.705
S116E,S,116,E,-9.301
S116F,S,116,F,-9.885
S116G,S,116,G,-2.845
S116H,S,116,H,-8.245
S116I,S,116,I,-10.612
S116K,S,116,K,-9.022
S116L,S,116,L,-8.049
S116M,S,116,M,-9.642
S116N,S,116,N,-6.511
S116P,S,116,P,-6.875
S116Q,S,116,Q,-5.936
S116R,S,116,R,-8.24
S116T,S,116,T,-5.833
S116V,S,116,V,-8.435
S116W,S,116,W,-10.192
S116Y,S,116,Y,-10.41
G117A,G,117,A,-8.926
G117C,G,117,C,-11.682
G117D,G,117,D,-11.108
G117E,G,117,E,-10.633
G117F,G,117,F,-13.317
G117H,G,117,H,-13.23
G117I,G,117,I,-14.048
G117K,G,117,K,-12.601
G117L,G,117,L,-11.943
G117M,G,117,M,-13.07
G117N,G,117,N,-11.384
G117P,G,117,P,-10.21
G117Q,G,117,Q,-11.77
G117R,G,117,R,-11.559
G117S,G,117,S,-8.006
G117T,G,117,T,-9.589
G117V,G,117,V,-11.673
G117W,G,117,W,-12.919
G117Y,G,117,Y,-14.534
T118A,T,118,A,-5.726
T118C,T,118,C,-8.405
T118D,T,118,D,-10.081
T118E,T,118,E,-9.872
T118F,T,118,F,-9.548
T118G,T,118,G,-7.838
T118H,T,118,H,-9.376
T118I,T,118,I,-7.905
T118K,T,118,K,-8.44
T118L,T,118,L,-7.49
T118M,T,118,M,-7.56
T118N,T,118,N,-7.308
T118P,T,118,P,-7.393
T118Q,T,118,Q,-7.818
T118R,T,118,R,-9.294
T118S,T,118,S,-4.309
T118V,T,118,V,-6.556
T118W,T,118,W,-11.149
T118Y,T,118,Y,-11.093
A119C,A,119,C,-11.821
A119D,A,119,D,-13.106
A119E,A,119,E,-11.574
A119F,A,119,F,-13.619
A119G,A,119,G,-9.398
A119H,A,119,H,-14.313
A119I,A,119,I,-12.732
A119K,A,119,K,-13.511
A119L,A,119,L,-12.125
A119M,A,119,M,-12.479
A119N,A,119,N,-13.323
A119P,A,119,P,-11.246
A119Q,A,119,Q,-11.453
A119R,A,119,R,-13.275
A119S,A,119,S,-7.994
A119T,A,119,T,-9.025
A119V,A,119,V,-8.302
A119W,A,119,W,-14.007
A119Y,A,119,Y,-14.979
K120A,K,120,A,-14.677
K120C,K,120,C,-14.77
K120D,K,120,D,-15.892
K120E,K,120,E,-13.476
K120F,K,120,F,-17.641
K120G,K,120,G,-14.112
K120H,K,120,H,-13.867
K120I,K,120,I,-15.904
K120L,K,120,L,-14.815
K120M,K,120,M,-14.122
K120N,K,120,N,-12.679
K120P,K,120,P,-15.363
K120Q,K,120,Q,-11.193
K120R,K,120,R,-8.641
K120S,K,120,S,-13.194
K120T,K,120,T,-12.28
K120V,K,120,V,-15.405
K120W,K,120,W,-15.062
K120Y,K,120,Y,-17.074
S121A,S,121,A,-7.522
S121C,S,121,C,-10.823
S121D,S,121,D,-12.415
S121E,S,121,E,-13.845
S121F,S,121,F,-13.579
S121G,S,121,G,-9.833
S121H,S,121,H,-12.592
S121I,S,121,I,-14.735
S121K,S,121,K,-13.087
S121L,S,121,L,-12.79
S121M,S,121,M,-14.029
S121N,S,121,N,-8.539
S121P,S,121,P,-12.233
S121Q,S,121,Q,-13.097
S121R,S,121,R,-13.278
S121T,S,121,T,-8.561
S121V,S,121,V,-13.11
S121W,S,121,W,-14.82
S121Y,S,121,Y,-13.726
V122A,V,122,A,-7.205
V122C,V,122,C,-11.571
V122D,V,122,D,-15.189
V122E,V,122,E,-13.97
V122F,V,122,F,-7.084
V122G,V,122,G,-13.532
V122H,V,122,H,-14.015
V122I,V,122,I,-5.962
V122K,V,122,K,-11.937
V122L,V,122,L,-7.65
V122M,V,122,M,-9.509
V122N,V,122,N,-13.485
V122P,V,122,P,-13.4
V122Q,V,122,Q,-13.851
V122R,V,122,R,-12.987
V122S,V,122,S,-10.64
V122T,V,122,T,-8.491
V122W,V,122,W,-13.234
V122Y,V,122,Y,-11.024
T123A,T,123,A,-8.523
T123C,T,123,C,-11.496
T123D,T,123,D,-13.469
T123E,T,123,E,-13.809
T123F,T,123,F,-12.676
T123G,T,123,G,-11.208
T123H,T,123,H,-11.389
T123I,T,123,I,-11.164
T123K,T,123,K,-10.64
T123L,T,123,L,-10.985
T123M,T,123,M,-9.04
T123N,T,123,N,-9.699
T123P,T,123,P,-10.051
T123Q,T,123,Q,-11.306
T123R,T,123,R,-11.763
T123S,T,123,S,-7.169
T123V,T,123,V,-11.422
T123W,T,123,W,-13.71
T123Y,T,123,Y,-13.074
C124A,C,124,A,-8.519
C124D,C,124,D,-13.097
C124E,C,124,E,-13.629
C124F,C,124,F,-9.632
C124G,C,124,G,-10.286
C124H,C,124,H,-11.84
C124I,C,124,I,-12.169
C124K,C,124,K,-13.023
C124L,C,124,L,-10.064
C124M,C,124,M,-11.672
C124N,C,124,N,-11.444
C124P,C,124,P,-10.565
C124Q,C,124,Q,-11.258
C124R,C,124,R,-10.962
C124S,C,124,S,-8.358
C124T,C,124,T,-7.631
C124V,C,124,V,-9.689
C124W,C,124,W,-6.54
C124Y,C,124,Y,-10.901
T125A,T,125,A,-9.631
T125C,T,125,C,-14.482
T125D,T,125,D,-15.385
T125E,T,125,E,-15.807
T125F,T,125,F,-14.857
T125G,T,125,G,-13.657
T125H,T,125,H,-14.912
T125I,T,125,I,-11.547
T125K,T,125,K,-14.045
T125L,T,125,L,-11.432
T125M,T,125,M,-10.161
T125N,T,125,N,-12.517
T125P,T,125,P,-13.075
T125Q,T,125,Q,-13.6
T125R,T,125,R,-13.694
T125S,T,125,S,-9.776
T125V,T,125,V,-11.323
T125W,T,125,W,-16.358
T125Y,T,125,Y,-16.653
Y126A,Y,126,A,-12.423
Y126C,Y,126,C,-11.648
Y126D,Y,126,D,-13.269
Y126E,Y,126,E,-14.571
Y126F,Y,126,F,-9.197
Y126G,Y,126,G,-13.948
Y126H,Y,126,H,-10.216
Y126I,Y,126,I,-15.005
Y126K,Y,126,K,-15.403
Y126L,Y,126,L,-12.561
Y126M,Y,126,M,-15.193
Y126N,Y,126,N,-11.81
Y126P,Y,126,P,-11.738
Y126Q,Y,126,Q,-12.737
Y126R,Y,126,R,-13.846
Y126S,Y,126,S,-11.399
Y126T,Y,126,T,-12.662
Y126V,Y,126,V,-12.964
Y126W,Y,126,W,-13.352
S127A,S,127,A,-11.084
S127C,S,127,C,-12.256
S127D,S,127,D,-14.677
S127E,S,127,E,-15.256
S127F,S,127,F,-13.749
S127G,S,127,G,-11.901
S127H,S,127,H,-14.027
S127I,S,127,I,-15.911
S127K,S,127,K,-15.907
S127L,S,127,L,-12.551
S127M,S,127,M,-15.482
S127N,S,127,N,-12.296
S127P,S,127,P,-12.813
S127Q,S,127,Q,-14.036
S127R,S,127,R,-14.312
S127T,S,127,T,-11.307
S127V,S,127,V,-13.851
S127W,S,127,W,-13.942
S127Y,S,127,Y,-14.75
P128A,P,128,A,-9.587
P128C,P,128,C,-13.577
P128D,P,128,D,-14.616
P128E,P,128,E,-13.4
P128F,P,128,F,-14.605
P128G,P,128,G,-12.309
P128H,P,128,H,-11.201
P128I,P,128,I,-14.631
P128K,P,128,K,-13.753
P128L,P,128,L,-10.268
P128M,P,128,M,-13.934
P128N,P,128,N,-13.939
P128Q,P,128,Q,-10.258
P128R,P,128,R,-11.444
P128S,P,128,S,-9.439
P128T,P,128,T,-10.314
P128V,P,128,V,-12.983
P128W,P,128,W,-15.031
P128Y,P,128,Y,-15.109
A129C,A,129,C,-5.843
A129D,A,129,D,-4.044
A129E,A,129,E,-2.396
A129F,A,129,F,-5.503
A129G,A,129,G,-4.652
A129H,A,129,H,-3.638
A129I,A,129,I,-4.337
A129K,A,129,K,-2.363
A129L,A,129,L,-0.722
A129M,A,129,M,-4.259
A129N,A,129,N,-3.237
A129P,A,129,P,-5.554
A129Q,A,129,Q,-1.582
A129R,A,129,R,-3.537
A129S,A,129,S,-3.297
A129T,A,129,T,-2.841
A129V,A,129,V,-3.091
A129W,A,129,W,-6.309
A129Y,A,129,Y,-7.291
L130A,L,130,A,-12.085
L130C,L,130,C,-14.333
L130D,L,130,D,-14.543
L130E,L,130,E,-11.12
L130F,L,130,F,-9.343
L130G,L,130,G,-14.441
L130H,L,130,H,-12.396
L130I,L,130,I,-8.546
L130K,L,130,K,-12.221
L130M,L,130,M,-8.772
L130N,L,130,N,-14.147
L130P,L,130,P,-11.924
L130Q,L,130,Q,-9.993
L130R,L,130,R,-12.481
L130S,L,130,S,-12.779
L130T,L,130,T,-11.79
L130V,L,130,V,-8.151
L130W,L,130,W,-13.435
L130Y,L,130,Y,-14.119
N131A,N,131,A,-12.114
N131C,N,131,C,-11.787
N131D,N,131,D,-11.262
N131E,N,131,E,-12.955
N131F,N,131,F,-12.784
N131G,N,131,G,-10.439
N131H,N,131,H,-9.904
N131I,N,131,I,-12.697
N131K,N,131,K,-7.565
N131L,N,131,L,-11.67
N131M,N,131,M,-12.367
N131P,N,131,P,-12.712
N131Q,N,131,Q,-10.619
N131R,N,131,R,-9.524
N131S,N,131,S,-8.253
N131T,N,131,T,-10.103
N131V,N,131,V,-13.007
N131W,N,131,W,-13.895
N131Y,N,131,Y,-12.832
K132A,K,132,A,-16.272
K132C,K,132,C,-16.149
K132D,K,132,D,-17.981
K132E,K,132,E,-13.96
K132F,K,132,F,-18.206
K132G,K,132,G,-15.814
K132H,K,132,H,-15.745
K132I,K,132,I,-16.493
K132L,K,132,L,-15.668
K132M,K,132,M,-14.56
K132N,K,132,N,-13.817
K132P,K,132,P,-17.145
K132Q,K,132,Q,-13.492
K132R,K,132,R,-9.451
K132S,K,132,S,-15.018
K132T,K,132,T,-13.786
K132V,K,132,V,-16.277
K132W,K,132,W,-15.502
K132Y,K,132,Y,-18.216
M133A,M,133,A,-8.188
M133C,M,133,C,-7.036
M133D,M,133,D,-11.376
M133E,M,133,E,-10.636
M133F,M,133,F,-5.259
M133G,M,133,G,-10.196
M133H,M,133,H,-8.818
M133I,M,133,I,-3.849
M133K,M,133,K,-7.649
M133L,M,133,L,1.198
M133N,M,133,N,-8.252
M133P,M,133,P,-8.197
M133Q,M,133,Q,-7.424
M133R,M,133,R,-7.38
M133S,M,133,S,-7.899
M133T,M,133,T,-6.997
M133V,M,133,V,-3.955
M133W,M,133,W,-8.645
M133Y,M,133,Y,-9.035
F134A,F,134,A,-12.42
F134C,F,134,C,-10.928
F134D,F,134,D,-15.262
F134E,F,134,E,-14.839
F134G,F,134,G,-13.349
F134H,F,134,H,-12.397
F134I,F,134,I,-9.608
F134K,F,134,K,-14.25
F134L,F,134,L,-8.995
F134M,F,134,M,-11.204
F134N,F,134,N,-14.08
F134P,F,134,P,-14.299
F134Q,F,134,Q,-14.657
F134R,F,134,R,-14.183
F134S,F,134,S,-11.947
F134T,F,134,T,-12.435
F134V,F,134,V,-7.077
F134W,F,134,W,-13.509
F134Y,F,134,Y,-6.171
C135A,C,135,A,-14.245
C135D,C,135,D,-17.249
C135E,C,135,E,-17.795
C135F,C,135,F,-12.122
C135G,C,135,G,-13.628
C135H,C,135,H,-16.385
C135I,C,135,I,-10.574
C135K,C,135,K,-17.265
C135L,C,135,L,-9.91
C135M,C,135,M,-13.782
C135N,C,135,N,-16.171
C135P,C,135,P,-16.166
C135Q,C,135,Q,-17.272
C135R,C,135,R,-14.36
C135S,C,135,S,-12.332
C135T,C,135,T,-12.887
C135V,C,135,V,-9.192
C135W,C,135,W,-13.934
C135Y,C,135,Y,-13.591
Q136A,Q,136,A,-13.136
Q136C,Q,136,C,-13.775
Q136D,Q,136,D,-14.19
Q136E,Q,136,E,-12.391
Q136F,Q,136,F,-13.787
Q136G,Q,136,G,-12.795
Q136H,Q,136,H,-10.408
Q136I,Q,136,I,-15.441
Q136K,Q,136,K,-12.203
Q136L,Q,136,L,-11.42
Q136M,Q,136,M,-13.72
Q136N,Q,136,N,-12.781
Q136P,Q,136,P,-11.507
Q136R,Q,136,R,-10.851
Q136S,Q,136,S,-12.045
Q136T,Q,136,T,-11.566
Q136V,Q,136,V,-13.497
Q136W,Q,136,W,-13.89
Q136Y,Q,136,Y,-13.007
L137A,L,137,A,-11.153
L137C,L,137,C,-13.335
L137D,L,137,D,-15.026
L137E,L,137,E,-13.776
L137F,L,137,F,-11.007
L137G,L,137,G,-10.1
L137H,L,137,H,-13.654
L137I,L,137,I,-6.988
L137K,L,137,K,-12.272
L137M,L,137,M,-7.498
L137N,L,137,N,-12.3
L137P,L,137,P,-11.833
L137Q,L,137,Q,-11.801
L137R,L,137,R,-11.06
L137S,L,137,S,-11.216
L137T,L,137,T,-10.322
L137V,L,137,V,-7.808
L137W,L,137,W,-12.862
L137Y,L,137,Y,-14.166
A138C,A,138,C,-11.439
A138D,A,138,D,-12.268
A138E,A,138,E,-11.943
A138F,A,138,F,-12.343
A138G,A,138,G,-9.513
A138H,A,138,H,-12.96
A138I,A,138,I,-12.559
A138K,A,138,K,-11.766
A138L,A,138,L,-11.818
A138M,A,138,M,-11.942
A138N,A,138,N,-9.441
A138P,A,138,P,-11.245
A138Q,A,138,Q,-12.877
A138R,A,138,R,-11.869
A138S,A,138,S,-6.739
A138T,A,138,T,-8.151
A138V,A,138,V,-9.566
A138W,A,138,W,-14.397
A138Y,A,138,Y,-12.885
K139A,K,139,A,-13.745
K139C,K,139,C,-13.682
K139D,K,139,D,-14.997
K139E,K,139,E,-12.333
K139F,K,139,F,-15.827
K139G,K,139,G,-13.927
K139H,K,139,H,-12.515
K139I,K,139,I,-14.184
K139L,K,139,L,-14.153
K139M,K,139,M,-12.687
K139N,K,139,N,-11.421
K139P,K,139,P,-15.171
K139Q,K,139,Q,-11.165
K139R,K,139,R,-8.421
K139S,K,139,S,-13.056
K139T,K,139,T,-11.135
K139V,K,139,V,-13.426
K139W,K,139,W,-14.304
K139Y,K,139,Y,-14.565
T140A,T,140,A,-8.958
T140C,T,140,C,-13.903
T140D,T,140,D,-13.917
T140E,T,140,E,-15.08
T140F,T,140,F,-13.108
T140G,T,140,G,-13.55
T140H,T,140,H,-13.497
T140I,T,140,I,-9.137
T140K,T,140,K,-12.126
T140L,T,140,L,-11.051
T140M,T,140,M,-8.76
T140N,T,140,N,-10.247
T140P,T,140,P,-11.977
T140Q,T,140,Q,-13.048
T140R,T,140,R,-13.291
T140S,T,140,S,-9.311
T140V,T,140,V,-9.433
T140W,T,140,W,-15.109
T140Y,T,140,Y,-14.572
C141A,C,141,A,-13.412
C141D,C,141,D,-16.508
C141E,C,141,E,-16.493
C141F,C,141,F,-10.57
C141G,C,141,G,-13.976
C141H,C,141,H,-14.602
C141I,C,141,I,-13.801
C141K,C,141,K,-17.114
C141L,C,141,L,-12.379
C141M,C,141,M,-14.863
C141N,C,141,N,-15.139
C141P,C,141,P,-15.912
C141Q,C,141,Q,-15.575
C141R,C,141,R,-13.335
C141S,C,141,S,-10.594
C141T,C,141,T,-12.427
C141V,C,141,V,-12.149
C141W,C,141,W,-11.891
C141Y,C,141,Y,-10.388
P142A,P,142,A,-10.34
P142C,P,142,C,-11.95
P142D,P,142,D,-11.935
P142E,P,142,E,-12.803
P142F,P,142,F,-13.037
P142G,P,142,G,-11.575
P142H,P,142,H,-8.581
P142I,P,142,I,-13.136
P142K,P,142,K,-8.638
P142L,P,142,L,-9.944
P142M,P,142,M,-12.067
P142N,P,142,N,-7.7
P142Q,P,142,Q,-6.779
P142R,P,142,R,-8.875
P142S,P,142,S,-9.016
P142T,P,142,T,-8.703
P142V,P,142,V,-12.155
P142W,P,142,W,-13.175
P142Y,P,142,Y,-11.497
V143A,V,143,A,-9.934
V143C,V,143,C,-13.872
V143D,V,143,D,-14.898
V143E,V,143,E,-14.377
V143F,V,143,F,-12.328
V143G,V,143,G,-13.64
V143H,V,143,H,-16.031
V143I,V,143,I,-5.757
V143K,V,143,K,-14.835
V143L,V,143,L,-8.409
V143M,V,143,M,-9.866
V143N,V,143,N,-14.971
V143P,V,143,P,-12.993
V143Q,V,143,Q,-14.639
V143R,V,143,R,-14.875
V143S,V,143,S,-13.39
V143T,V,143,T,-11.04
V143W,V,143,W,-16.397
V143Y,V,143,Y,-16.088
Q144A,Q,144,A,-12.848
Q144C,Q,144,C,-12.698
Q144D,Q,144,D,-11.225
Q144E,Q,144,E,-7.688
Q144F,Q,144,F,-12.856
Q144G,Q,144,G,-11.607
Q144H,Q,144,H,-8.61
Q144I,Q,144,I,-14.603
Q144K,Q,144,K,-11.4
Q144L,Q,144,L,-9.646
Q144M,Q,144,M,-12.736
Q144N,Q,144,N,-11.277
Q144P,Q,144,P,-14.183
Q144R,Q,144,R,-9.902
Q144S,Q,144,S,-11.444
Q144T,Q,144,T,-12.898
Q144V,Q,144,V,-12.667
Q144W,Q,144,W,-10.892
Q144Y,Q,144,Y,-12.938
L145A,L,145,A,-11.794
L145C,L,145,C,-13.415
L145D,L,145,D,-16.297
L145E,L,145,E,-15.311
L145F,L,145,F,-7.666
L145G,L,145,G,-15.059
L145H,L,145,H,-14.207
L145I,L,145,I,-5.715
L145K,L,145,K,-13.9
L145M,L,145,M,-7.591
L145N,L,145,N,-15.691
L145P,L,145,P,-12.458
L145Q,L,145,Q,-13.65
L145R,L,145,R,-11.948
L145S,L,145,S,-13.379
L145T,L,145,T,-11.501
L145V,L,145,V,-6.311
L145W,L,145,W,-13.135
L145Y,L,145,Y,-14.5
W146A,W,146,A,-10.502
W146C,W,146,C,-6.569
W146D,W,146,D,-11.512
W146E,W,146,E,-10.888
W146F,W,146,F,-10.708
W146G,W,146,G,-8.83
W146H,W,146,H,-8.351
W146I,W,146,I,-13.472
W146K,W,146,K,-7.635
W146L,W,146,L,-8.233
W146M,W,146,M,-11.363
W146N,W,146,N,-10.698
W146P,W,146,P,-15.519
W146Q,W,146,Q,-7.809
W146R,W,146,R,-5.428
W146S,W,146,S,-7.713
W146T,W,146,T,-11.241
W146V,W,146,V,-11.207
W146Y,W,146,Y,-11.254
V147A,V,147,A,-8.633
V147C,V,147,C,-11.198
V147D,V,147,D,-14.987
V147E,V,147,E,-15.284
V147F,V,147,F,-9.427
V147G,V,147,G,-13.051
V147H,V,147,H,-14.887
V147I,V,147,I,-6.044
V147K,V,147,K,-15.362
V147L,V,147,L,-9.475
V147M,V,147,M,-9.097
V147N,V,147,N,-14.292
V147P,V,147,P,-12.072
V147Q,V,147,Q,-15.005
V147R,V,147,R,-14.587
V147S,V,147,S,-11.479
V147T,V,147,T,-9.357
V147W,V,147,W,-14.383
V147Y,V,147,Y,-12.285
D148A,D,148,A,-4.421
D148C,D,148,C,-6.032
D148E,D,148,E,-4.163
D148F,D,148,F,-7.304
D148G,D,148,G,-3.724
D148H,D,148,H,-3.336
D148I,D,148,I,-7.594
D148K,D,148,K,-5.014
D148L,D,148,L,-2.232
D148M,D,148,M,-6.072
D148N,D,148,N,-3.137
D148P,D,148,P,-6.143
D148Q,D,148,Q,-2.181
D148R,D,148,R,-3.846
D148S,D,148,S,-3.422
D148T,D,148,T,-4.691
D148V,D,148,V,-5.708
D148W,D,148,W,-6.698
D148Y,D,148,Y,-8.046
S149A,S,149,A,-5.774
S149C,S,149,C,-6.037
S149D,S,149,D,-9.968
S149E,S,149,E,-9.736
S149F,S,149,F,-9.58
S149G,S,149,G,-6.17
S149H,S,149,H,-7.747
S149I,S,149,I,-10.514
S149K,S,149,K,-8.429
S149L,S,149,L,-9.432
S149M,S,149,M,-9.834
S149N,S,149,N,-7.546
S149P,S,149,P,-6.932
S149Q,S,149,Q,-7.527
S149R,S,149,R,-7.088
S149T,S,149,T,-4.231
S149V,S,149,V,-8.643
S149W,S,149,W,-10.48
S149Y,S,149,Y,-8.946
T150A,T,150,A,-1.37
T150C,T,150,C,-5.163
T150D,T,150,D,-4.343
T150E,T,150,E,-3.088
T150F,T,150,F,-6.781
T150G,T,150,G,-4.758
T150H,T,150,H,-5.513
T150I,T,150,I,-6.2
T150K,T,150,K,-5.747
T150L,T,150,L,-3.166
T150M,T,150,M,-5.537
T150N,T,150,N,-5.946
T150P,T,150,P,-0.235
T150Q,T,150,Q,-3.377
T150R,T,150,R,-4.39
T150S,T,150,S,-3.288
T150V,T,150,V,-3.493
T150W,T,150,W,-7.779
T150Y,T,150,Y,-7.083
P151A,P,151,A,-9.755
P151C,P,151,C,-10.958
P151D,P,151,D,-18.894
P151E,P,151,E,-16.927
P151F,P,151,F,-13.256
P151G,P,151,G,-15.66
P151H,P,151,H,-13.373
P151I,P,151,I,-14.165
P151K,P,151,K,-17.379
P151L,P,151,L,-8.778
P151M,P,151,M,-13.847
P151N,P,151,N,-18.422
P151Q,P,151,Q,-12.191
P151R,P,151,R,-13.21
P151S,P,151,S,-11.507
P151T,P,151,T,-12.109
P151V,P,151,V,-11.896
P151W,P,151,W,-14.143
P151Y,P,151,Y,-14.469
P152A,P,152,A,-9.016
P152C,P,152,C,-13.007
P152D,P,152,D,-14.307
P152E,P,152,E,-13.074
P152F,P,152,F,-14.013
P152G,P,152,G,-13.21
P152H,P,152,H,-11.7
P152I,P,152,I,-13.685
P152K,P,152,K,-14.041
P152L,P,152,L,-9.279
P152M,P,152,M,-13.624
P152N,P,152,N,-15.014
P152Q,P,152,Q,-10.518
P152R,P,152,R,-11.724
P152S,P,152,S,-9.977
P152T,P,152,T,-10.709
P152V,P,152,V,-11.467
P152W,P,152,W,-15.424
P152Y,P,152,Y,-14.629
P153A,P,153,A,-7.263
P153C,P,153,C,-11.626
P153D,P,153,D,-13.054
P153E,P,153,E,-11.462
P153F,P,153,F,-13.427
P153G,P,153,G,-11.364
P153H,P,153,H,-10.817
P153I,P,153,I,-12.866
P153K,P,153,K,-12.533
P153L,P,153,L,-7.888
P153M,P,153,M,-12.518
P153N,P,153,N,-13.165
P153Q,P,153,Q,-8.847
P153R,P,153,R,-10.391
P153S,P,153,S,-8.496
P153T,P,153,T,-9.554
P153V,P,153,V,-10.482
P153W,P,153,W,-14.54
P153Y,P,153,Y,-14.073
G154A,G,154,A,-9.575
G154C,G,154,C,-11.766
G154D,G,154,D,-10.433
G154E,G,154,E,-10.765
G154F,G,154,F,-14.903
G154H,G,154,H,-12.606
G154I,G,154,I,-15.471
G154K,G,154,K,-13.21
G154L,G,154,L,-13.053
G154M,G,154,M,-13.001
G154N,G,154,N,-10.719
G154P,G,154,P,-14.101
G154Q,G,154,Q,-12.335
G154R,G,154,R,-10.594
G154S,G,154,S,-9.831
G154T,G,154,T,-11.773
G154V,G,154,V,-12.414
G154W,G,154,W,-13.218
G154Y,G,154,Y,-14.635
T155A,T,155,A,-6.939
T155C,T,155,C,-9.337
T155D,T,155,D,-14.452
T155E,T,155,E,-14.511
T155F,T,155,F,-12.334
T155G,T,155,G,-11.759
T155H,T,155,H,-13.797
T155I,T,155,I,-10.218
T155K,T,155,K,-14.651
T155L,T,155,L,-9.992
T155M,T,155,M,-10.193
T155N,T,155,N,-12.833
T155P,T,155,P,-13.823
T155Q,T,155,Q,-13.833
T155R,T,155,R,-12.628
T155S,T,155,S,-5.671
T155V,T,155,V,-9.863
T155W,T,155,W,-13.75
T155Y,T,155,Y,-13.587
R156A,R,156,A,-10.473
R156C,R,156,C,-9.006
R156D,R,156,D,-15.86
R156E,R,156,E,-12.994
R156F,R,156,F,-11.488
R156G,R,156,G,-10.819
R156H,R,156,H,-8.451
R156I,R,156,I,-11.786
R156K,R,156,K,-6.941
R156L,R,156,L,-7.271
R156M,R,156,M,-9.768
R156N,R,156,N,-12.843
R156P,R,156,P,-12.335
R156Q,R,156,Q,-8.047
R156S,R,156,S,-10.72
R156T,R,156,T,-10.25
R156V,R,156,V,-9.627
R156W,R,156,W,-8.672
R156Y,R,156,Y,-11.196
V157A,V,157,A,-9.716
V157C,V,157,C,-14.418
V157D,V,157,D,-18.495
V157E,V,157,E,-15.875
V157F,V,157,F,-11.977
V157G,V,157,G,-14.93
V157H,V,157,H,-17.154
V157I,V,157,I,-5.801
V157K,V,157,K,-15.432
V157L,V,157,L,-7.776
V157M,V,157,M,-8.957
V157N,V,157,N,-16.562
V157P,V,157,P,-12.817
V157Q,V,157,Q,-15.748
V157R,V,157,R,-14.98
V157S,V,157,S,-13.976
V157T,V,157,T,-9.706
V157W,V,157,W,-14.557
V157Y,V,157,Y,-16.422
R158A,R,158,A,-14.455
R158C,R,158,C,-10.036
R158D,R,158,D,-17.761
R158E,R,158,E,-15.019
R158F,R,158,F,-14.654
R158G,R,158,G,-12.273
R158H,R,158,H,-10.057
R158I,R,158,I,-14.756
R158K,R,158,K,-8.043
R158L,R,158,L,-11.888
R158M,R,158,M,-12.634
R158N,R,158,N,-14.428
R158P,R,158,P,-13.913
R158Q,R,158,Q,-9.301
R158S,R,158,S,-11.695
R158T,R,158,T,-11.636
R158V,R,158,V,-14.385
R158W,R,158,W,-8.783
R158Y,R,158,Y,-15.057
A159C,A,159,C,-13.859
A159D,A,159,D,-16.237
A159E,A,159,E,-15.422
A159F,A,159,F,-15.69
A159G,A,159,G,-10.498
A159H,A,159,H,-18.915
A159I,A,159,I,-12.405
A159K,A,159,K,-18.497
A159L,A,159,L,-14.008
A159M,A,159,M,-13.532
A159N,A,159,N,-16.938
A159P,A,159,P,-12.418
A159Q,A,159,Q,-18.316
A159R,A,159,R,-17.982
A159S,A,159,S,-10.517
A159T,A,159,T,-8.448
A159V,A,159,V,-8.022
A159W,A,159,W,-18.997
A159Y,A,159,Y,-18.036
M160A,M,160,A,-10.92
M160C,M,160,C,-14.54
M160D,M,160,D,-16.713
M160E,M,160,E,-15.66
M160F,M,160,F,-11.373
M160G,M,160,G,-14.762
M160H,M,160,H,-14.456
M160I,M,160,I,-6.044
M160K,M,160,K,-14.116
M160L,M,160,L,-8.245
M160N,M,160,N,-13.549
M160P,M,160,P,-15.956
M160Q,M,160,Q,-13.698
M160R,M,160,R,-13.179
M160S,M,160,S,-11.451
M160T,M,160,T,-5.769
M160V,M,160,V,-7.355
M160W,M,160,W,-14.665
M160Y,M,160,Y,-15.153
A161C,A,161,C,-11.315
A161D,A,161,D,-16.069
A161E,A,161,E,-15.128
A161F,A,161,F,-13.389
A161G,A,161,G,-10.502
A161H,A,161,H,-15.138
A161I,A,161,I,-11.494
A161K,A,161,K,-16.445
A161L,A,161,L,-9.256
A161M,A,161,M,-11.1
A161N,A,161,N,-14.957
A161P,A,161,P,-6.612
A161Q,A,161,Q,-14.331
A161R,A,161,R,-14.89
A161S,A,161,S,-9.051
A161T,A,161,T,-6.841
A161V,A,161,V,-7.668
A161W,A,161,W,-16.346
A161Y,A,161,Y,-16.024
I162A,I,162,A,-9.425
I162C,I,162,C,-14.442
I162D,I,162,D,-13.777
I162E,I,162,E,-12.654
I162F,I,162,F,-11.028
I162G,I,162,G,-13.049
I162H,I,162,H,-15.113
I162K,I,162,K,-12.827
I162L,I,162,L,-8.26
I162M,I,162,M,-7.883
I162N,I,162,N,-13.224
I162P,I,162,P,-14.677
I162Q,I,162,Q,-14.042
I162R,I,162,R,-13.625
I162S,I,162,S,-12.55
I162T,I,162,T,-9.169
I162V,I,162,V,-3.189
I162W,I,162,W,-15.419
I162Y,I,162,Y,-15.365
Y163A,Y,163,A,-13.484
Y163C,Y,163,C,-10.486
Y163D,Y,163,D,-14.827
Y163E,Y,163,E,-16.089
Y163F,Y,163,F,-3.93
Y163G,Y,163,G,-14.733
Y163H,Y,163,H,-10.243
Y163I,Y,163,I,-13.815
Y163K,Y,163,K,-15.434
Y163L,Y,163,L,-10.584
Y163M,Y,163,M,-13.451
Y163N,Y,163,N,-12.86
Y163P,Y,163,P,-14.239
Y163Q,Y,163,Q,-13.897
Y163R,Y,163,R,-14.061
Y163S,Y,163,S,-10.542
Y163T,Y,163,T,-12.774
Y163V,Y,163,V,-12.64
Y163W,Y,163,W,-12.515
K164A,K,164,A,-13.408
K164C,K,164,C,-15.15
K164D,K,164,D,-15.407
K164E,K,164,E,-13.905
K164F,K,164,F,-16.989
K164G,K,164,G,-14.54
K164H,K,164,H,-15.094
K164I,K,164,I,-14.263
K164L,K,164,L,-14.331
K164M,K,164,M,-12.466
K164N,K,164,N,-11.79
K164P,K,164,P,-16.077
K164Q,K,164,Q,-12.849
K164R,K,164,R,-9.496
K164S,K,164,S,-11.166
K164T,K,164,T,-11.724
K164V,K,164,V,-11.107
K164W,K,164,W,-15.875
K164Y,K,164,Y,-18.0
Q165A,Q,165,A,-9.565
Q165C,Q,165,C,-8.418
Q165D,Q,165,D,-10.07
Q165E,Q,165,E,-8.144
Q165F,Q,165,F,-10.174
Q165G,Q,165,G,-10.186
Q165H,Q,165,H,-5.719
Q165I,Q,165,I,-10.847
Q165K,Q,165,K,-2.111
Q165L,Q,165,L,-7.248
Q165M,Q,165,M,-7.88
Q165N,Q,165,N,-7.927
Q165P,Q,165,P,-10.502
Q165R,Q,165,R,-5.278
Q165S,Q,165,S,-8.89
Q165T,Q,165,T,-8.478
Q165V,Q,165,V,-9.4
Q165W,Q,165,W,-9.381
Q165Y,Q,165,Y,-8.857
S166A,S,166,A,-6.685
S166C,S,166,C,-10.408
S166D,S,166,D,-11.826
S166E,S,166,E,-12.769
S166F,S,166,F,-10.16
S166G,S,166,G,-9.273
S166H,S,166,H,-10.577
S166I,S,166,I,-13.404
S166K,S,166,K,-13.983
S166L,S,166,L,-9.791
S166M,S,166,M,-13.387
S166N,S,166,N,-10.169
S166P,S,166,P,-6.734
S166Q,S,166,Q,-10.917
S166R,S,166,R,-12.388
S166T,S,166,T,-8.718
S166V,S,166,V,-11.115
S166W,S,166,W,-13.289
S166Y,S,166,Y,-11.464
Q167A,Q,167,A,-7.664
Q167C,Q,167,C,-10.255
Q167D,Q,167,D,-7.525
Q167E,Q,167,E,-3.355
Q167F,Q,167,F,-11.01
Q167G,Q,167,G,-8.4
Q167H,Q,167,H,-8.253
Q167I,Q,167,I,-11.519
Q167K,Q,167,K,-8.98
Q167L,Q,167,L,-8.529
Q167M,Q,167,M,-10.085
Q167N,Q,167,N,-10.002
Q167P,Q,167,P,-9.392
Q167R,Q,167,R,-8.624
Q167S,Q,167,S,-5.821
Q167T,Q,167,T,-8.947
Q167V,Q,167,V,-9.007
Q167W,Q,167,W,-10.504
Q167Y,Q,167,Y,-11.157
H168A,H,168,A,-11.684
H168C,H,168,C,-12.08
H168D,H,168,D,-10.269
H168E,H,168,E,-12.695
H168F,H,168,F,-11.173
H168G,H,168,G,-12.039
H168I,H,168,I,-15.503
H168K,H,168,K,-13.379
H168L,H,168,L,-12.041
H168M,H,168,M,-14.553
H168N,H,168,N,-9.494
H168P,H,168,P,-11.516
H168Q,H,168,Q,-9.55
H168R,H,168,R,-11.037
H168S,H,168,S,-10.45
H168T,H,168,T,-12.907
H168V,H,168,V,-14.168
H168W,H,168,W,-14.215
H168Y,H,168,Y,-8.53
M169A,M,169,A,-8.216
M169C,M,169,C,-12.132
M169D,M,169,D,-13.478
M169E,M,169,E,-12.06
M169F,M,169,F,-9.924
M169G,M,169,G,-11.845
M169H,M,169,H,-12.641
M169I,M,169,I,-4.046
M169K,M,169,K,-10.779
M169L,M,169,L,-5.966
M169N,M,169,N,-11.815
M169P,M,169,P,-11.234
M169Q,M,169,Q,-10.445
M169R,M,169,R,-10.932
M169S,M,169,S,-10.934
M169T,M,169,T,-8.024
M169V,M,169,V,-3.267
M169W,M,169,W,-13.133
M169Y,M,169,Y,-12.871
T170A,T,170,A,-6.856
T170C,T,170,C,-12.235
T170D,T,170,D,-12.753
T170E,T,170,E,-12.605
T170F,T,170,F,-13.865
T170G,T,170,G,-10.945
T170H,T,170,H,-15.023
T170I,T,170,I,-10.399
T170K,T,170,K,-12.348
T170L,T,170,L,-11.687
T170M,T,170,M,-9.203
T170N,T,170,N,-11.048
T170P,T,170,P,-11.576
T170Q,T,170,Q,-13.421
T170R,T,170,R,-12.869
T170S,T,170,S,-7.584
T170V,T,170,V,-9.012
T170W,T,170,W,-15.678
T170Y,T,170,Y,-15.173
E171A,E,171,A,-10.647
E171C,E,171,C,-16.51
E171D,E,171,D,-6.944
E171F,E,171,F,-16.497
E171G,E,171,G,-10.554
E171H,E,171,H,-12.903
E171I,E,171,I,-16.335
E171K,E,171,K,-10.646
E171L,E,171,L,-14.579
E171M,E,171,M,-14.875
E171N,E,171,N,-12.987
E171P,E,171,P,-14.285
E171Q,E,171,Q,-10.326
E171R,E,171,R,-13.755
E171S,E,171,S,-13.195
E171T,E,171,T,-13.062
E171V,E,171,V,-12.032
E171W,E,171,W,-16.575
E171Y,E,171,Y,-15.238
V172A,V,172,A,-8.762
V172C,V,172,C,-15.123
V172D,V,172,D,-14.662
V172E,V,172,E,-12.976
V172F,V,172,F,-13.629
V172G,V,172,G,-12.491
V172H,V,172,H,-15.554
V172I,V,172,I,-7.934
V172K,V,172,K,-14.194
V172L,V,172,L,-11.199
V172M,V,172,M,-10.584
V172N,V,172,N,-15.228
V172P,V,172,P,-11.713
V172Q,V,172,Q,-14.435
V172R,V,172,R,-14.278
V172S,V,172,S,-13.501
V172T,V,172,T,-10.728
V172W,V,172,W,-16.7
V172Y,V,172,Y,-16.658
V173A,V,173,A,-9.935
V173C,V,173,C,-15.426
V173D,V,173,D,-15.957
V173E,V,173,E,-14.075
V173F,V,173,F,-13.955
V173G,V,173,G,-13.692
V173H,V,173,H,-17.758
V173I,V,173,I,-9.172
V173K,V,173,K,-15.3
V173L,V,173,L,-11.182
V173M,V,173,M,-10.514
V173N,V,173,N,-16.024
V173P,V,173,P,-15.296
V173Q,V,173,Q,-15.477
V173R,V,173,R,-15.234
V173S,V,173,S,-14.617
V173T,V,173,T,-12.479
V173W,V,173,W,-16.521
V173Y,V,173,Y,-17.207
R174A,R,174,A,-12.204
R174C,R,174,C,-10.716
R174D,R,174,D,-14.609
R174E,R,174,E,-12.589
R174F,R,174,F,-15.789
R174G,R,174,G,-10.843
R174H,R,174,H,-10.36
R174I,R,174,I,-14.378
R174K,R,174,K,-6.614
R174L,R,174,L,-11.317
R174M,R,174,M,-11.696
R174N,R,174,N,-12.739
R174P,R,174,P,-14.128
R174Q,R,174,Q,-8.589
R174S,R,174,S,-11.162
R174T,R,174,T,-12.468
R174V,R,174,V,-11.611
R174W,R,174,W,-10.84
R174Y,R,174,Y,-14.761
R175A,R,175,A,-13.528
R175C,R,175,C,-9.51
R175D,R,175,D,-16.616
R175E,R,175,E,-16.171
R175F,R,175,F,-14.124
R175G,R,175,G,-12.212
R175H,R,175,H,-10.124
R175I,R,175,I,-14.893
R175K,R,175,K,-10.615
R175L,R,175,L,-9.339
R175M,R,175,M,-12.238
R175N,R,175,N,-13.406
R175P,R,175,P,-13.772
R175Q,R,175,Q,-9.905
R175S,R,175,S,-11.198
R175T,R,175,T,-13.447
R175V,R,175,V,-13.793
R175W,R,175,W,-11.154
R175Y,R,175,Y,-13.757
C176A,C,176,A,-12.523
C176D,C,176,D,-17.118
C176E,C,176,E,-17.093
C176F,C,176,F,-13.056
C176G,C,176,G,-13.455
C176H,C,176,H,-14.759
C176I,C,176,I,-17.672
C176K,C,176,K,-17.401
C176L,C,176,L,-11.075
C176M,C,176,M,-15.809
C176N,C,176,N,-17.462
C176P,C,176,P,-14.874
C176Q,C,176,Q,-15.233
C176R,C,176,R,-12.437
C176S,C,176,S,-11.043
C176T,C,176,T,-13.205
C176V,C,176,V,-14.106
C176W,C,176,W,-12.915
C176Y,C,176,Y,-13.036
P177A,P,177,A,-8.146
P177C,P,177,C,-11.137
P177D,P,177,D,-13.206
P177E,P,177,E,-10.794
P177F,P,177,F,-11.77
P177G,P,177,G,-11.226
P177H,P,177,H,-9.449
P177I,P,177,I,-11.72
P177K,P,177,K,-12.537
P177L,P,177,L,-7.666
P177M,P,177,M,-11.177
P177N,P,177,N,-12.699
P177Q,P,177,Q,-8.15
P177R,P,177,R,-10.009
P177S,P,177,S,-8.388
P177T,P,177,T,-9.691
P177V,P,177,V,-10.516
P177W,P,177,W,-11.803
P177Y,P,177,Y,-12.506
H178A,H,178,A,-9.881
H178C,H,178,C,-7.278
H178D,H,178,D,-10.022
H178E,H,178,E,-10.481
H178F,H,178,F,-8.984
H178G,H,178,G,-9.267
H178I,H,178,I,-12.24
H178K,H,178,K,-8.321
H178L,H,178,L,-9.432
H178M,H,178,M,-11.643
H178N,H,178,N,-5.547
H178P,H,178,P,-10.284
H178Q,H,178,Q,-7.151
H178R,H,178,R,-8.154
H178S,H,178,S,-7.589
H178T,H,178,T,-10.111
H178V,H,178,V,-11.483
H178W,H,178,W,-10.883
H178Y,H,178,Y,-6.27
H179A,H,179,A,-16.013
H179C,H,179,C,-15.904
H179D,H,179,D,-16.289
H179E,H,179,E,-16.955
H179F,H,179,F,-15.137
H179G,H,179,G,-16.524
H179I,H,179,I,-17.918
H179K,H,179,K,-16.647
H179L,H,179,L,-12.995
H179M,H,179,M,-16.727
H179N,H,179,N,-13.24
H179P,H,179,P,-14.827
H179Q,H,179,Q,-12.4
H179R,H,179,R,-13.421
H179S,H,179,S,-14.949
H179T,H,179,T,-17.021
H179V,H,179,V,-17.232
H179W,H,179,W,-16.856
H179Y,H,179,Y,-11.575
E180A,E,180,A,-8.373
E180C,E,180,C,-13.052
E180D,E,180,D,-6.136
E180F,E,180,F,-13.261
E180G,E,180,G,-8.882
E180H,E,180,H,-10.159
E180I,E,180,I,-12.597
E180K,E,180,K,-9.124
E180L,E,180,L,-10.783
E180M,E,180,M,-11.623
E180N,E,180,N,-10.544
E180P,E,180,P,-12.554
E180Q,E,180,Q,-7.46
E180R,E,180,R,-10.689
E180S,E,180,S,-10.092
E180T,E,180,T,-11.148
E180V,E,180,V,-9.418
E180W,E,180,W,-13.238
E180Y,E,180,Y,-11.334
R181A,R,181,A,-8.477
R181C,R,181,C,-6.807
R181D,R,181,D,-10.086
R181E,R,181,E,-10.172
R181F,R,181,F,-10.611
R181G,R,181,G,-7.42
R181H,R,181,H,-6.242
R181I,R,181,I,-11.091
R181K,R,181,K,-5.788
R181L,R,181,L,-7.496
R181M,R,181,M,-9.574
R181N,R,181,N,-8.688
R181P,R,181,P,-8.842
R181Q,R,181,Q,-6.226
R181S,R,181,S,-7.502
R181T,R,181,T,-9.135
R181V,R,181,V,-10.185
R181W,R,181,W,-8.056
R181Y,R,181,Y,-9.65
C182A,C,182,A,-5.483
C182D,C,182,D,-9.442
C182E,C,182,E,-9.23
C182F,C,182,F,-6.273
C182G,C,182,G,-6.445
C182H,C,182,H,-6.324
C182I,C,182,I,-8.548
C182K,C,182,K,-10.06
C182L,C,182,L,-5.156
C182M,C,182,M,-7.093
C182N,C,182,N,-7.849
C182P,C,182,P,-7.523
C182Q,C,182,Q,-7.244
C182R,C,182,R,-7.355
C182S,C,182,S,-5.095
C182T,C,182,T,-6.798
C182V,C,182,V,-6.826
C182W,C,182,W,-8.345
C182Y,C,182,Y,-6.231
S183A,S,183,A,-3.808
S183C,S,183,C,-6.446
S183D,S,183,D,-4.257
S183E,S,183,E,-2.774
S183F,S,183,F,-7.022
S183G,S,183,G,-4.463
S183H,S,183,H,-5.279
S183I,S,183,I,-7.381
S183K,S,183,K,-6.586
S183L,S,183,L,-4.88
S183M,S,183,M,-6.097
S183N,S,183,N,-5.335
S183P,S,183,P,-3.524
S183Q,S,183,Q,-3.797
S183R,S,183,R,-4.685
S183T,S,183,T,-4.353
S183V,S,183,V,-5.292
S183W,S,183,W,-7.39
S183Y,S,183,Y,-7.344
D184A,D,184,A,-8.781
D184C,D,184,C,-10.98
D184E,D,184,E,-4.208
D184F,D,184,F,-9.677
D184G,D,184,G,-7.5
D184H,D,184,H,-6.999
D184I,D,184,I,-12.754
D184K,D,184,K,-10.126
D184L,D,184,L,-10.224
D184M,D,184,M,-12.291
D184N,D,184,N,-7.941
D184P,D,184,P,-9.274
D184Q,D,184,Q,-7.937
D184R,D,184,R,-9.564
D184S,D,184,S,-8.58
D184T,D,184,T,-10.416
D184V,D,184,V,-10.438
D184W,D,184,W,-12.241
D184Y,D,184,Y,-8.632
S185A,S,185,A,-4.256
S185C,S,185,C,-9.031
S185D,S,185,D,-6.779
S185E,S,185,E,-5.588
S185F,S,185,F,-10.074
S185G,S,185,G,-3.18
S185H,S,185,H,-8.467
S185I,S,185,I,-10.145
S185K,S,185,K,-7.834
S185L,S,185,L,-8.403
S185M,S,185,M,-8.757
S185N,S,185,N,-6.483
S185P,S,185,P,-4.943
S185Q,S,185,Q,-7.483
S185R,S,185,R,-6.935
S185T,S,185,T,-5.703
S185V,S,185,V,-7.001
S185W,S,185,W,-9.874
S185Y,S,185,Y,-9.819
D186A,D,186,A,-9.402
D186C,D,186,C,-12.177
D186E,D,186,E,-5.45
D186F,D,186,F,-13.429
D186G,D,186,G,-7.454
D186H,D,186,H,-9.297
D186I,D,186,I,-13.544
D186K,D,186,K,-11.459
D186L,D,186,L,-12.095
D186M,D,186,M,-13.12
D186N,D,186,N,-7.286
D186P,D,186,P,-11.823
D186Q,D,186,Q,-9.884
D186R,D,186,R,-11.686
D186S,D,186,S,-8.931
D186T,D,186,T,-10.584
D186V,D,186,V,-10.655
D186W,D,186,W,-13.89
D186Y,D,186,Y,-11.241
G187A,G,187,A,-9.671
G187C,G,187,C,-10.926
G187D,G,187,D,-10.454
G187E,G,187,E,-10.619
G187F,G,187,F,-13.685
G187H,G,187,H,-10.627
G187I,G,187,I,-14.289
G187K,G,187,K,-12.76
G187L,G,187,L,-12.561
G187M,G,187,M,-13.097
G187N,G,187,N,-9.699
G187P,G,187,P,-12.536
G187Q,G,187,Q,-10.717
G187R,G,187,R,-9.955
G187S,G,187,S,-8.269
G187T,G,187,T,-10.749
G187V,G,187,V,-11.708
G187W,G,187,W,-13.153
G187Y,G,187,Y,-13.271
L188A,L,188,A,-6.068
L188C,L,188,C,-10.162
L188D,L,188,D,-12.157
L188E,L,188,E,-10.865
L188F,L,188,F,-7.429
L188G,L,188,G,-9.531
L188H,L,188,H,-9.889
L188I,L,188,I,-8.051
L188K,L,188,K,-12.025
L188M,L,188,M,-6.886
L188N,L,188,N,-11.449
L188P,L,188,P,-6.354
L188Q,L,188,Q,-9.323
L188R,L,188,R,-10.325
L188S,L,188,S,-7.617
L188T,L,188,T,-7.941
L188V,L,188,V,-5.31
L188W,L,188,W,-10.782
L188Y,L,188,Y,-8.907
A189C,A,189,C,-12.147
A189D,A,189,D,-13.575
A189E,A,189,E,-12.727
A189F,A,189,F,-12.635
A189G,A,189,G,-9.459
A189H,A,189,H,-14.547
A189I,A,189,I,-11.964
A189K,A,189,K,-14.74
A189L,A,189,L,-11.975
A189M,A,189,M,-11.997
A189N,A,189,N,-13.214
A189P,A,189,P,-10.338
A189Q,A,189,Q,-13.882
A189R,A,189,R,-14.416
A189S,A,189,S,-8.124
A189T,A,189,T,-8.62
A189V,A,189,V,-8.58
A189W,A,189,W,-15.432
A189Y,A,189,Y,-14.068
P190A,P,190,A,-6.779
P190C,P,190,C,-11.513
P190D,P,190,D,-14.854
P190E,P,190,E,-14.346
P190F,P,190,F,-10.378
P190G,P,190,G,-11.752
P190H,P,190,H,-10.787
P190I,P,190,I,-12.683
P190K,P,190,K,-15.452
P190L,P,190,L,-8.014
P190M,P,190,M,-12.642
P190N,P,190,N,-14.39
P190Q,P,190,Q,-11.03
P190R,P,190,R,-12.383
P190S,P,190,S,-7.627
P190T,P,190,T,-10.135
P190V,P,190,V,-10.61
P190W,P,190,W,-13.785
P190Y,P,190,Y,-12.086
P191A,P,191,A,-6.045
P191C,P,191,C,-12.617
P191D,P,191,D,-14.612
P191E,P,191,E,-13.798
P191F,P,191,F,-12.399
P191G,P,191,G,-10.964
P191H,P,191,H,-10.927
P191I,P,191,I,-13.108
P191K,P,191,K,-13.672
P191L,P,191,L,-9.137
P191M,P,191,M,-12.689
P191N,P,191,N,-13.847
P191Q,P,191,Q,-9.514
P191R,P,191,R,-12.079
P191S,P,191,S,-8.102
P191T,P,191,T,-10.124
P191V,P,191,V,-10.841
P191W,P,191,W,-14.435
P191Y,P,191,Y,-13.816
Q192A,Q,192,A,-8.253
Q192C,Q,192,C,-10.054
Q192D,Q,192,D,-12.191
Q192E,Q,192,E,-10.988
Q192F,Q,192,F,-11.505
Q192G,Q,192,G,-6.313
Q192H,Q,192,H,-7.993
Q192I,Q,192,I,-12.432
Q192K,Q,192,K,-11.314
Q192L,Q,192,L,-6.647
Q192M,Q,192,M,-10.372
Q192N,Q,192,N,-10.419
Q192P,Q,192,P,-9.376
Q192R,Q,192,R,-8.656
Q192S,Q,192,S,-6.524
Q192T,Q,192,T,-10.396
Q192V,Q,192,V,-9.808
Q192W,Q,192,W,-11.342
Q192Y,Q,192,Y,-12.226
H193A,H,193,A,-13.613
H193C,H,193,C,-14.197
H193D,H,193,D,-14.312
H193E,H,193,E,-14.627
H193F,H,193,F,-13.195
H193G,H,193,G,-13.731
H193I,H,193,I,-15.598
H193K,H,193,K,-13.917
H193L,H,193,L,-9.624
H193M,H,193,M,-14.398
H193N,H,193,N,-13.185
H193P,H,193,P,-13.154
H193Q,H,193,Q,-10.222
H193R,H,193,R,-10.863
H193S,H,193,S,-13.024
H193T,H,193,T,-14.908
H193V,H,193,V,-13.583
H193W,H,193,W,-14.635
H193Y,H,193,Y,-10.918
L194A,L,194,A,-15.249
L194C,L,194,C,-14.897
L194D,L,194,D,-17.546
L194E,L,194,E,-17.706
L194F,L,194,F,-11.047
L194G,L,194,G,-17.011
L194H,L,194,H,-14.978
L194I,L,194,I,-10.4
L194K,L,194,K,-17.806
L194M,L,194,M,-10.299
L194N,L,194,N,-16.705
L194P,L,194,P,-13.943
L194Q,L,194,Q,-14.813
L194R,L,194,R,-15.398
L194S,L,194,S,-14.606
L194T,L,194,T,-15.367
L194V,L,194,V,-10.813
L194W,L,194,W,-14.541
L194Y,L,194,Y,-15.515
I195A,I,195,A,-13.665
I195C,I,195,C,-15.625
I195D,I,195,D,-17.916
I195E,I,195,E,-17.905
I195F,I,195,F,-12.848
I195G,I,195,G,-17.636
I195H,I,195,H,-17.808
I195K,I,195,K,-17.805
I195L,I,195,L,-9.826
I195M,I,195,M,-10.187
I195N,I,195,N,-16.347
I195P,I,195,P,-16.847
I195Q,I,195,Q,-17.43
I195R,I,195,R,-16.335
I195S,I,195,S,-15.114
I195T,I,195,T,-13.368
I195V,I,195,V,-6.587
I195W,I,195,W,-17.45
I195Y,I,195,Y,-17.196
R196A,R,196,A,-14.304
R196C,R,196,C,-9.362
R196D,R,196,D,-15.93
R196E,R,196,E,-16.174
R196F,R,196,F,-15.188
R196G,R,196,G,-12.107
R196H,R,196,H,-9.708
R196I,R,196,I,-16.072
R196K,R,196,K,-11.654
R196L,R,196,L,-11.809
R196M,R,196,M,-14.94
R196N,R,196,N,-13.848
R196P,R,196,P,-12.477
R196Q,R,196,Q,-10.316
R196S,R,196,S,-12.231
R196T,R,196,T,-14.671
R196V,R,196,V,-15.047
R196W,R,196,W,-11.397
R196Y,R,196,Y,-13.623
V197A,V,197,A,-10.363
V197C,V,197,C,-14.544
V197D,V,197,D,-16.804
V197E,V,197,E,-15.068
V197F,V,197,F,-13.433
V197G,V,197,G,-14.785
V197H,V,197,H,-18.102
V197I,V,197,I,-11.094
V197K,V,197,K,-16.807
V197L,V,197,L,-12.273
V197M,V,197,M,-12.166
V197N,V,197,N,-15.788
V197P,V,197,P,-15.574
V197Q,V,197,Q,-17.027
V197R,V,197,R,-16.213
V197S,V,197,S,-13.607
V197T,V,197,T,-13.542
V197W,V,197,W,-17.444
V197Y,V,197,Y,-16.348
E198A,E,198,A,-12.23
E198C,E,198,C,-17.854
E198D,E,198,D,-9.019
E198F,E,198,F,-17.134
E198G,E,198,G,-11.702
E198H,E,198,H,-14.387
E198I,E,198,I,-17.47
E198K,E,198,K,-11.083
E198L,E,198,L,-15.34
E198M,E,198,M,-15.648
E198N,E,198,N,-14.493
E198P,E,198,P,-15.048
E198Q,E,198,Q,-10.296
E198R,E,198,R,-14.838
E198S,E,198,S,-14.998
E198T,E,198,T,-15.026
E198V,E,198,V,-12.006
E198W,E,198,W,-17.577
E198Y,E,198,Y,-16.44
G199A,G,199,A,-11.029
G199C,G,199,C,-13.41
G199D,G,199,D,-11.671
G199E,G,199,E,-11.806
G199F,G,199,F,-16.483
G199H,G,199,H,-14.6
G199I,G,199,I,-17.364
G199K,G,199,K,-15.042
G199L,G,199,L,-15.592
G199M,G,199,M,-16.437
G199N,G,199,N,-14.185
G199P,G,199,P,-14.764
G199Q,G,199,Q,-14.811
G199R,G,199,R,-11.688
G199S,G,199,S,-11.762
G199T,G,199,T,-14.936
G199V,G,199,V,-12.698
G199W,G,199,W,-14.361
G199Y,G,199,Y,-14.486
N200A,N,200,A,-11.119
N200C,N,200,C,-10.602
N200D,N,200,D,-9.23
N200E,N,200,E,-13.778
N200F,N,200,F,-12.65
N200G,N,200,G,-9.49
N200H,N,200,H,-10.61
N200I,N,200,I,-12.307
N200K,N,200,K,-11.623
N200L,N,200,L,-12.791
N200M,N,200,M,-13.64
N200P,N,200,P,-12.852
N200Q,N,200,Q,-13.417
N200R,N,200,R,-12.984
N200S,N,200,S,-6.113
N200T,N,200,T,-9.637
N200V,N,200,V,-12.616
N200W,N,200,W,-15.763
N200Y,N,200,Y,-12.558
L201A,L,201,A,-8.992
L201C,L,201,C,-11.04
L201D,L,201,D,-15.219
L201E,L,201,E,-13.839
L201F,L,201,F,-11.088
L201G,L,201,G,-12.337
L201H,L,201,H,-9.775
L201I,L,201,I,-11.133
L201K,L,201,K,-13.818
L201M,L,201,M,-9.654
L201N,L,201,N,-12.855
L201P,L,201,P,-9.246
L201Q,L,201,Q,-10.358
L201R,L,201,R,-11.31
L201S,L,201,S,-9.708
L201T,L,201,T,-10.131
L201V,L,201,V,-9.476
L201W,L,201,W,-12.755
L201Y,L,201,Y,-12.97
R202A,R,202,A,-11.581
R202C,R,202,C,-8.096
R202D,R,202,D,-13.839
R202E,R,202,E,-13.827
R202F,R,202,F,-10.965
R202G,R,202,G,-7.103
R202H,R,202,H,-7.522
R202I,R,202,I,-15.094
R202K,R,202,K,-8.844
R202L,R,202,L,-10.156
R202M,R,202,M,-12.905
R202N,R,202,N,-10.749
R202P,R,202,P,-11.69
R202Q,R,202,Q,-9.355
R202S,R,202,S,-8.191
R202T,R,202,T,-12.806
R202V,R,202,V,-13.563
R202W,R,202,W,-10.16
R202Y,R,202,Y,-9.119
V203A,V,203,A,0.846
V203C,V,203,C,-6.492
V203D,V,203,D,-9.678
V203E,V,203,E,-8.643
V203F,V,203,F,-9.259
V203G,V,203,G,-6.213
V203H,V,203,H,-10.064
V203I,V,203,I,-9.488
V203K,V,203,K,-9.137
V203L,V,203,L,-7.971
V203M,V,203,M,-7.563
V203N,V,203,N,-7.82
V203P,V,203,P,-6.461
V203Q,V,203,Q,-9.965
V203R,V,203,R,-8.406
V203S,V,203,S,-2.455
V203T,V,203,T,-3.757
V203W,V,203,W,-9.847
V203Y,V,203,Y,-9.604
E204A,E,204,A,-11.082
E204C,E,204,C,-12.658
E204D,E,204,D,-8.98
E204F,E,204,F,-12.848
E204G,E,204,G,-11.618
E204H,E,204,H,-10.58
E204I,E,204,I,-13.445
E204K,E,204,K,-10.754
E204L,E,204,L,-11.08
E204M,E,204,M,-13.235
E204N,E,204,N,-12.014
E204P,E,204,P,-10.315
E204Q,E,204,Q,-7.503
E204R,E,204,R,-11.539
E204S,E,204,S,-11.021
E204T,E,204,T,-11.528
E204V,E,204,V,-11.546
E204W,E,204,W,-14.18
E204Y,E,204,Y,-10.628
Y205A,Y,205,A,-15.4
Y205C,Y,205,C,-10.773
Y205D,Y,205,D,-15.434
Y205E,Y,205,E,-15.405
Y205F,Y,205,F,-11.151
Y205G,Y,205,G,-16.107
Y205H,Y,205,H,-10.466
Y205I,Y,205,I,-17.075
Y205K,Y,205,K,-18.718
Y205L,Y,205,L,-15.319
Y205M,Y,205,M,-18.018
Y205N,Y,205,N,-14.745
Y205P,Y,205,P,-16.498
Y205Q,Y,205,Q,-16.142
Y205R,Y,205,R,-16.414
Y205S,Y,205,S,-13.897
Y205T,Y,205,T,-16.356
Y205V,Y,205,V,-16.152
Y205W,Y,205,W,-14.77
L206A,L,206,A,-11.737
L206C,L,206,C,-12.82
L206D,L,206,D,-15.717
L206E,L,206,E,-11.547
L206F,L,206,F,-10.431
L206G,L,206,G,-14.339
L206H,L,206,H,-13.371
L206I,L,206,I,-10.163
L206K,L,206,K,-15.045
L206M,L,206,M,-9.528
L206N,L,206,N,-14.861
L206P,L,206,P,-13.083
L206Q,L,206,Q,-10.623
L206R,L,206,R,-14.327
L206S,L,206,S,-9.353
L206T,L,206,T,-11.526
L206V,L,206,V,-8.38
L206W,L,206,W,-13.853
L206Y,L,206,Y,-13.218
D207A,D,207,A,-12.145
D207C,D,207,C,-13.597
D207E,D,207,E,-4.143
D207F,D,207,F,-12.906
D207G,D,207,G,-11.033
D207H,D,207,H,-11.533
D207I,D,207,I,-14.885
D207K,D,207,K,-13.313
D207L,D,207,L,-14.322
D207M,D,207,M,-15.187
D207N,D,207,N,-10.446
D207P,D,207,P,-14.556
D207Q,D,207,Q,-12.252
D207R,D,207,R,-14.703
D207S,D,207,S,-12.616
D207T,D,207,T,-12.266
D207V,D,207,V,-12.543
D207W,D,207,W,-15.619
D207Y,D,207,Y,-8.491
D208A,D,208,A,-13.636
D208C,D,208,C,-10.781
D208E,D,208,E,-7.649
D208F,D,208,F,-15.133
D208G,D,208,G,-11.453
D208H,D,208,H,-12.956
D208I,D,208,I,-16.403
D208K,D,208,K,-14.405
D208L,D,208,L,-16.607
D208M,D,208,M,-17.428
D208N,D,208,N,-11.132
D208P,D,208,P,-15.846
D208Q,D,208,Q,-14.647
D208R,D,208,R,-16.051
D208S,D,208,S,-13.289
D208T,D,208,T,-14.581
D208V,D,208,V,-14.148
D208W,D,208,W,-16.638
D208Y,D,208,Y,-12.046
R209A,R,209,A,-8.27
R209C,R,209,C,-7.296
R209D,R,209,D,-12.206
R209E,R,209,E,-11.036
R209F,R,209,F,-8.367
R209G,R,209,G,-8.699
R209H,R,209,H,-5.553
R209I,R,209,I,-7.794
R209K,R,209,K,-5.729
R209L,R,209,L,-7.294
R209M,R,209,M,-8.601
R209N,R,209,N,-8.553
R209P,R,209,P,-7.144
R209Q,R,209,Q,-6.292
R209S,R,209,S,-7.122
R209T,R,209,T,-8.166
R209V,R,209,V,-8.451
R209W,R,209,W,-7.798
R209Y,R,209,Y,-7.216
N210A,N,210,A,-10.608
N210C,N,210,C,-10.351
N210D,N,210,D,-10.061
N210E,N,210,E,-12.376
N210F,N,210,F,-11.861
N210G,N,210,G,-9.883
N210H,N,210,H,-8.072
N210I,N,210,I,-9.82
N210K,N,210,K,-10.81
N210L,N,210,L,-12.272
N210M,N,210,M,-12.909
N210P,N,210,P,-12.15
N210Q,N,210,Q,-7.83
N210R,N,210,R,-11.549
N210S,N,210,S,-6.472
N210T,N,210,T,-9.143
N210V,N,210,V,-10.444
N210W,N,210,W,-14.269
N210Y,N,210,Y,-10.483
T211A,T,211,A,-9.579
T211C,T,211,C,-11.264
T211D,T,211,D,-13.623
T211E,T,211,E,-15.471
T211F,T,211,F,-12.538
T211G,T,211,G,-11.783
T211H,T,211,H,-14.723
T211I,T,211,I,-10.192
T211K,T,211,K,-13.566
T211L,T,211,L,-12.113
T211M,T,211,M,-11.042
T211N,T,211,N,-9.528
T211P,T,211,P,-11.36
T211Q,T,211,Q,-15.508
T211R,T,211,R,-12.762
T211S,T,211,S,-4.886
T211V,T,211,V,-11.883
T211W,T,211,W,-15.358
T211Y,T,211,Y,-14.808
F212A,F,212,A,-12.309
F212C,F,212,C,-9.353
F212D,F,212,D,-12.264
F212E,F,212,E,-9.582
F212G,F,212,G,-10.885
F212H,F,212,H,-8.962
F212I,F,212,I,-12.107
F212K,F,212,K,-8.688
F212L,F,212,L,-8.042
F212M,F,212,M,-11.758
F212N,F,212,N,-11.2
F212P,F,212,P,-12.488
F212Q,F,212,Q,-7.433
F212R,F,212,R,-10.306
F212S,F,212,S,-10.692
F212T,F,212,T,-12.935
F212V,F,212,V,-10.818
F212W,F,212,W,-10.99
F212Y,F,212,Y,-6.113
R213A,R,213,A,-14.368
R213C,R,213,C,-9.905
R213D,R,213,D,-17.333
R213E,R,213,E,-16.208
R213F,R,213,F,-16.156
R213G,R,213,G,-12.173
R213H,R,213,H,-11.264
R213I,R,213,I,-15.65
R213K,R,213,K,-11.753
R213L,R,213,L,-12.862
R213M,R,213,M,-14.837
R213N,R,213,N,-14.809
R213P,R,213,P,-14.303
R213Q,R,213,Q,-11.115
R213S,R,213,S,-11.742
R213T,R,213,T,-12.576
R213V,R,213,V,-15.427
R213W,R,213,W,-11.459
R213Y,R,213,Y,-15.615
H214A,H,214,A,-14.035
H214C,H,214,C,-12.439
H214D,H,214,D,-12.479
H214E,H,214,E,-12.086
H214F,H,214,F,-11.905
H214G,H,214,G,-13.713
H214I,H,214,I,-15.901
H214K,H,214,K,-12.591
H214L,H,214,L,-11.857
H214M,H,214,M,-15.27
H214N,H,214,N,-10.074
H214P,H,214,P,-12.024
H214Q,H,214,Q,-7.084
H214R,H,214,R,-10.166
H214S,H,214,S,-12.583
H214T,H,214,T,-13.078
H214V,H,214,V,-13.959
H214W,H,214,W,-14.808
H214Y,H,214,Y,-8.523
S215A,S,215,A,-13.085
S215C,S,215,C,-12.82
S215D,S,215,D,-17.281
S215E,S,215,E,-18.643
S215F,S,215,F,-13.619
S215G,S,215,G,-14.411
S215H,S,215,H,-16.342
S215I,S,215,I,-16.13
S215K,S,215,K,-17.511
S215L,S,215,L,-13.808
S215M,S,215,M,-16.66
S215N,S,215,N,-13.108
S215P,S,215,P,-14.22
S215Q,S,215,Q,-15.364
S215R,S,215,R,-15.84
S215T,S,215,T,-12.893
S215V,S,215,V,-15.853
S215W,S,215,W,-16.214
S215Y,S,215,Y,-15.59
V216A,V,216,A,-10.298
V216C,V,216,C,-14.146
V216D,V,216,D,-16.514
V216E,V,216,E,-14.576
V216F,V,216,F,-13.34
V216G,V,216,G,-15.813
V216H,V,216,H,-17.665
V216I,V,216,I,-10.069
V216K,V,216,K,-16.649
V216L,V,216,L,-8.723
V216M,V,216,M,-10.767
V216N,V,216,N,-17.182
V216P,V,216,P,-14.955
V216Q,V,216,Q,-15.406
V216R,V,216,R,-15.861
V216S,V,216,S,-14.689
V216T,V,216,T,-11.741
V216W,V,216,W,-16.16
V216Y,V,216,Y,-16.769
V217A,V,217,A,-8.133
V217C,V,217,C,-13.233
V217D,V,217,D,-17.603
V217E,V,217,E,-15.973
V217F,V,217,F,-13.149
V217G,V,217,G,-13.377
V217H,V,217,H,-17.549
V217I,V,217,I,-10.294
V217K,V,217,K,-16.742
V217L,V,217,L,-8.294
V217M,V,217,M,-11.093
V217N,V,217,N,-16.464
V217P,V,217,P,-14.521
V217Q,V,217,Q,-15.625
V217R,V,217,R,-13.725
V217S,V,217,S,-13.548
V217T,V,217,T,-9.991
V217W,V,217,W,-15.597
V217Y,V,217,Y,-15.125
V218A,V,218,A,-11.004
V218C,V,218,C,-15.429
V218D,V,218,D,-16.037
V218E,V,218,E,-15.96
V218F,V,218,F,-13.202
V218G,V,218,G,-15.231
V218H,V,218,H,-17.668
V218I,V,218,I,-7.48
V218K,V,218,K,-16.17
V218L,V,218,L,-7.748
V218M,V,218,M,-11.854
V218N,V,218,N,-15.249
V218P,V,218,P,-14.913
V218Q,V,218,Q,-16.472
V218R,V,218,R,-15.847
V218S,V,218,S,-14.673
V218T,V,218,T,-12.855
V218W,V,218,W,-17.419
V218Y,V,218,Y,-16.789
P219A,P,219,A,-11.766
P219C,P,219,C,-14.062
P219D,P,219,D,-15.522
P219E,P,219,E,-16.675
P219F,P,219,F,-13.89
P219G,P,219,G,-14.741
P219H,P,219,H,-12.794
P219I,P,219,I,-15.669
P219K,P,219,K,-17.401
P219L,P,219,L,-9.844
P219M,P,219,M,-14.995
P219N,P,219,N,-14.763
P219Q,P,219,Q,-12.189
P219R,P,219,R,-14.852
P219S,P,219,S,-10.927
P219T,P,219,T,-12.839
P219V,P,219,V,-13.801
P219W,P,219,W,-16.739
P219Y,P,219,Y,-14.973
Y220A,Y,220,A,-17.915
Y220C,Y,220,C,-10.054
Y220D,Y,220,D,-15.76
Y220E,Y,220,E,-16.842
Y220F,Y,220,F,-9.707
Y220G,Y,220,G,-17.217
Y220H,Y,220,H,-11.035
Y220I,Y,220,I,-16.852
Y220K,Y,220,K,-19.3
Y220L,Y,220,L,-13.704
Y220M,Y,220,M,-18.178
Y220N,Y,220,N,-15.776
Y220P,Y,220,P,-17.27
Y220Q,Y,220,Q,-15.763
Y220R,Y,220,R,-15.562
Y220S,Y,220,S,-14.334
Y220T,Y,220,T,-18.323
Y220V,Y,220,V,-15.413
Y220W,Y,220,W,-14.062
E221A,E,221,A,-11.477
E221C,E,221,C,-14.643
E221D,E,221,D,-7.564
E221F,E,221,F,-14.758
E221G,E,221,G,-11.027
E221H,E,221,H,-12.681
E221I,E,221,I,-13.694
E221K,E,221,K,-12.356
E221L,E,221,L,-9.535
E221M,E,221,M,-13.516
E221N,E,221,N,-13.352
E221P,E,221,P,-12.966
E221Q,E,221,Q,-9.911
E221R,E,221,R,-13.789
E221S,E,221,S,-12.488
E221T,E,221,T,-13.364
E221V,E,221,V,-10.53
E221W,E,221,W,-15.862
E221Y,E,221,Y,-14.326
P222A,P,222,A,-5.619
P222C,P,222,C,-8.294
P222D,P,222,D,-11.862
P222E,P,222,E,-11.646
P222F,P,222,F,-10.518
P222G,P,222,G,-8.115
P222H,P,222,H,-7.972
P222I,P,222,I,-10.179
P222K,P,222,K,-10.704
P222L,P,222,L,-8.335
P222M,P,222,M,-10.248
P222N,P,222,N,-8.694
P222Q,P,222,Q,-8.745
P222R,P,222,R,-8.732
P222S,P,222,S,-5.261
P222T,P,222,T,-6.331
P222V,P,222,V,-8.842
P222W,P,222,W,-12.151
P222Y,P,222,Y,-10.9
P223A,P,223,A,-9.439
P223C,P,223,C,-13.343
P223D,P,223,D,-17.549
P223E,P,223,E,-16.264
P223F,P,223,F,-13.213
P223G,P,223,G,-13.782
P223H,P,223,H,-11.64
P223I,P,223,I,-14.081
P223K,P,223,K,-17.05
P223L,P,223,L,-9.04
P223M,P,223,M,-14.641
P223N,P,223,N,-16.891
P223Q,P,223,Q,-10.472
P223R,P,223,R,-13.425
P223S,P,223,S,-10.441
P223T,P,223,T,-12.341
P223V,P,223,V,-12.346
P223W,P,223,W,-15.487
P223Y,P,223,Y,-15.156
E224A,E,224,A,-9.421
E224C,E,224,C,-13.191
E224D,E,224,D,-8.627
E224F,E,224,F,-13.858
E224G,E,224,G,-10.747
E224H,E,224,H,-9.357
E224I,E,224,I,-12.041
E224K,E,224,K,-8.566
E224L,E,224,L,-9.879
E224M,E,224,M,-11.168
E224N,E,224,N,-11.72
E224P,E,224,P,-10.048
E224Q,E,224,Q,-2.795
E224R,E,224,R,-9.919
E224S,E,224,S,-11.014
E224T,E,224,T,-11.059
E224V,E,224,V,-9.503
E224W,E,224,W,-13.812
E224Y,E,224,Y,-13.556
V225A,V,225,A,-8.013
V225C,V,225,C,-13.498
V225D,V,225,D,-14.485
V225E,V,225,E,-12.173
V225F,V,225,F,-13.434
V225G,V,225,G,-12.798
V225H,V,225,H,-15.795
V225I,V,225,I,-8.19
V225K,V,225,K,-13.939
V225L,V,225,L,-10.083
V225M,V,225,M,-10.019
V225N,V,225,N,-15.068
V225P,V,225,P,-11.116
V225Q,V,225,Q,-13.486
V225R,V,225,R,-13.296
V225S,V,225,S,-12.243
V225T,V,225,T,-10.521
V225W,V,225,W,-15.987
V225Y,V,225,Y,-17.132
G226A,G,226,A,-11.411
G226C,G,226,C,-11.649
G226D,G,226,D,-10.33
G226E,G,226,E,-11.396
G226F,G,226,F,-15.919
G226H,G,226,H,-13.615
G226I,G,226,I,-15.465
G226K,G,226,K,-13.575
G226L,G,226,L,-15.146
G226M,G,226,M,-15.402
G226N,G,226,N,-10.04
G226P,G,226,P,-14.41
G226Q,G,226,Q,-13.992
G226R,G,226,R,-10.734
G226S,G,226,S,-9.41
G226T,G,226,T,-12.811
G226V,G,226,V,-12.664
G226W,G,226,W,-13.726
G226Y,G,226,Y,-15.965
S227A,S,227,A,-8.151
S227C,S,227,C,-6.712
S227D,S,227,D,-13.337
S227E,S,227,E,-11.381
S227F,S,227,F,-9.416
S227G,S,227,G,-10.76
S227H,S,227,H,-12.774
S227I,S,227,I,-10.958
S227K,S,227,K,-11.513
S227L,S,227,L,-10.277
S227M,S,227,M,-10.567
S227N,S,227,N,-10.471
S227P,S,227,P,-9.838
S227Q,S,227,Q,-12.513
S227R,S,227,R,-11.024
S227T,S,227,T,-5.511
S227V,S,227,V,-10.328
S227W,S,227,W,-11.84
S227Y,S,227,Y,-10.415
D228A,D,228,A,-9.148
D228C,D,228,C,-10.261
D228E,D,228,E,-3.947
D228F,D,228,F,-5.946
D228G,D,228,G,-8.717
D228H,D,228,H,-8.678
D228I,D,228,I,-8.565
D228K,D,228,K,-12.452
D228L,D,228,L,-9.904
D228M,D,228,M,-10.833
D228N,D,228,N,-9.357
D228P,D,228,P,-13.34
D228Q,D,228,Q,-8.881
D228R,D,228,R,-13.405
D228S,D,228,S,-10.015
D228T,D,228,T,-10.508
D228V,D,228,V,-6.143
D228W,D,228,W,-12.495
D228Y,D,228,Y,-6.613
C229A,C,229,A,-10.037
C229D,C,229,D,-14.702
C229E,C,229,E,-16.729
C229F,C,229,F,-4.484
C229G,C,229,G,-9.547
C229H,C,229,H,-10.135
C229I,C,229,I,-14.309
C229K,C,229,K,-15.588
C229L,C,229,L,-11.692
C229M,C,229,M,-14.599
C229N,C,229,N,-11.611
C229P,C,229,P,-13.679
C229Q,C,229,Q,-14.436
C229R,C,229,R,-11.048
C229S,C,229,S,-5.514
C229T,C,229,T,-12.224
C229V,C,229,V,-11.461
C229W,C,229,W,-9.224
C229Y,C,229,Y,-6.446
T230A,T,230,A,-8.177
T230C,T,230,C,-10.469
T230D,T,230,D,-13.414
T230E,T,230,E,-13.759
T230F,T,230,F,-10.716
T230G,T,230,G,-11.471
T230H,T,230,H,-12.104
T230I,T,230,I,-9.444
T230K,T,230,K,-11.67
T230L,T,230,L,-11.323
T230M,T,230,M,-10.051
T230N,T,230,N,-9.827
T230P,T,230,P,-11.721
T230Q,T,230,Q,-12.094
T230R,T,230,R,-12.334
T230S,T,230,S,-6.459
T230V,T,230,V,-9.055
T230W,T,230,W,-14.975
T230Y,T,230,Y,-12.778
T231A,T,231,A,-8.248
T231C,T,231,C,-11.776
T231D,T,231,D,-14.059
T231E,T,231,E,-14.807
T231F,T,231,F,-13.381
T231G,T,231,G,-12.612
T231H,T,231,H,-14.394
T231I,T,231,I,-11.368
T231K,T,231,K,-14.326
T231L,T,231,L,-11.912
T231M,T,231,M,-11.841
T231N,T,231,N,-10.721
T231P,T,231,P,-10.126
T231Q,T,231,Q,-14.979
T231R,T,231,R,-13.691
T231S,T,231,S,-8.779
T231V,T,231,V,-11.477
T231W,T,231,W,-15.653
T231Y,T,231,Y,-14.267
I232A,I,232,A,-13.173
I232C,I,232,C,-15.051
I232D,I,232,D,-14.585
I232E,I,232,E,-16.2
I232F,I,232,F,-11.804
I232G,I,232,G,-15.987
I232H,I,232,H,-14.953
I232K,I,232,K,-16.349
I232L,I,232,L,-8.804
I232M,I,232,M,-11.307
I232N,I,232,N,-14.762
I232P,I,232,P,-15.609
I232Q,I,232,Q,-14.964
I232R,I,232,R,-15.462
I232S,I,232,S,-14.706
I232T,I,232,T,-11.197
I232V,I,232,V,-6.854
I232W,I,232,W,-15.854
I232Y,I,232,Y,-14.686
H233A,H,233,A,-12.447
H233C,H,233,C,-10.349
H233D,H,233,D,-13.102
H233E,H,233,E,-14.449
H233F,H,233,F,-9.711
H233G,H,233,G,-12.885
H233I,H,233,I,-8.503
H233K,H,233,K,-12.448
H233L,H,233,L,-5.988
H233M,H,233,M,-11.047
H233N,H,233,N,-5.83
H233P,H,233,P,-9.142
H233Q,H,233,Q,-8.437
H233R,H,233,R,-10.084
H233S,H,233,S,-10.096
H233T,H,233,T,-9.382
H233V,H,233,V,-10.643
H233W,H,233,W,-13.266
H233Y,H,233,Y,-7.758
Y234A,Y,234,A,-15.82
Y234C,Y,234,C,-10.441
Y234D,Y,234,D,-15.254
Y234E,Y,234,E,-17.968
Y234F,Y,234,F,-7.976
Y234G,Y,234,G,-16.603
Y234H,Y,234,H,-10.132
Y234I,Y,234,I,-10.691
Y234K,Y,234,K,-17.44
Y234L,Y,234,L,-11.166
Y234M,Y,234,M,-15.046
Y234N,Y,234,N,-12.557
Y234P,Y,234,P,-16.255
Y234Q,Y,234,Q,-14.893
Y234R,Y,234,R,-15.245
Y234S,Y,234,S,-13.493
Y234T,Y,234,T,-15.364
Y234V,Y,234,V,-11.974
Y234W,Y,234,W,-14.497
N235A,N,235,A,-14.222
N235C,N,235,C,-13.464
N235D,N,235,D,-14.128
N235E,N,235,E,-13.378
N235F,N,235,F,-12.738
N235G,N,235,G,-13.591
N235H,N,235,H,-10.801
N235I,N,235,I,-8.116
N235K,N,235,K,-10.548
N235L,N,235,L,-9.218
N235M,N,235,M,-8.761
N235P,N,235,P,-14.163
N235Q,N,235,Q,-9.756
N235R,N,235,R,-10.949
N235S,N,235,S,-10.62
N235T,N,235,T,-10.178
N235V,N,235,V,-10.712
N235W,N,235,W,-14.392
N235Y,N,235,Y,-13.793
Y236A,Y,236,A,-15.253
Y236C,Y,236,C,-10.417
Y236D,Y,236,D,-15.913
Y236E,Y,236,E,-17.667
Y236F,Y,236,F,-4.825
Y236G,Y,236,G,-16.244
Y236H,Y,236,H,-12.048
Y236I,Y,236,I,-8.553
Y236K,Y,236,K,-17.421
Y236L,Y,236,L,-9.105
Y236M,Y,236,M,-12.794
Y236N,Y,236,N,-13.87
Y236P,Y,236,P,-15.206
Y236Q,Y,236,Q,-14.646
Y236R,Y,236,R,-15.264
Y236S,Y,236,S,-11.508
Y236T,Y,236,T,-14.783
Y236V,Y,236,V,-10.727
Y236W,Y,236,W,-12.744
M237A,M,237,A,-13.683
M237C,M,237,C,-16.804
M237D,M,237,D,-20.036
M237E,M,237,E,-15.474
M237F,M,237,F,-12.325
M237G,M,237,G,-17.043
M237H,M,237,H,-18.388
M237I,M,237,I,-8.383
M237K,M,237,K,-14.517
M237L,M,237,L,-11.54
M237N,M,237,N,-15.304
M237P,M,237,P,-18.958
M237Q,M,237,Q,-15.208
M237R,M,237,R,-14.807
M237S,M,237,S,-14.554
M237T,M,237,T,-12.569
M237V,M,237,V,-8.462
M237W,M,237,W,-16.932
M237Y,M,237,Y,-17.648
C238A,C,238,A,-14.282
C238D,C,238,D,-16.423
C238E,C,238,E,-17.251
C238F,C,238,F,-10.857
C238G,C,238,G,-12.022
C238H,C,238,H,-15.818
C238I,C,238,I,-16.716
C238K,C,238,K,-16.717
C238L,C,238,L,-15.462
C238M,C,238,M,-17.39
C238N,C,238,N,-14.725
C238P,C,238,P,-17.002
C238Q,C,238,Q,-17.0
C238R,C,238,R,-11.786
C238S,C,238,S,-11.228
C238T,C,238,T,-16.076
C238V,C,238,V,-15.13
C238W,C,238,W,-12.388
C238Y,C,238,Y,-11.991
N239A,N,239,A,-14.955
N239C,N,239,C,-13.253
N239D,N,239,D,-14.555
N239E,N,239,E,-15.651
N239F,N,239,F,-13.396
N239G,N,239,G,-13.713
N239H,N,239,H,-12.519
N239I,N,239,I,-15.012
N239K,N,239,K,-11.244
N239L,N,239,L,-14.715
N239M,N,239,M,-14.693
N239P,N,239,P,-18.328
N239Q,N,239,Q,-13.045
N239R,N,239,R,-13.723
N239S,N,239,S,-10.221
N239T,N,239,T,-12.893
N239V,N,239,V,-15.324
N239W,N,239,W,-16.511
N239Y,N,239,Y,-13.095
S240A,S,240,A,-8.21
S240C,S,240,C,-10.917
S240D,S,240,D,-13.334
S240E,S,240,E,-13.975
S240F,S,240,F,-13.306
S240G,S,240,G,-7.499
S240H,S,240,H,-14.436
S240I,S,240,I,-13.549
S240K,S,240,K,-13.51
S240L,S,240,L,-13.391
S240M,S,240,M,-12.594
S240N,S,240,N,-9.771
S240P,S,240,P,-13.655
S240Q,S,240,Q,-14.871
S240R,S,240,R,-12.756
S240T,S,240,T,-8.862
S240V,S,240,V,-11.57
S240W,S,240,W,-15.137
S240Y,S,240,Y,-14.594
S241A,S,241,A,-13.287
S241C,S,241,C,-12.913
S241D,S,241,D,-17.406
S241E,S,241,E,-17.85
S241F,S,241,F,-14.118
S241G,S,241,G,-13.915
S241H,S,241,H,-16.687
S241I,S,241,I,-15.384
S241K,S,241,K,-15.387
S241L,S,241,L,-12.331
S241M,S,241,M,-15.195
S241N,S,241,N,-11.984
S241P,S,241,P,-14.035
S241Q,S,241,Q,-15.9
S241R,S,241,R,-14.028
S241T,S,241,T,-11.027
S241V,S,241,V,-15.062
S241W,S,241,W,-15.99
S241Y,S,241,Y,-15.03
C242A,C,242,A,-15.117
C242D,C,242,D,-17.096
C242E,C,242,E,-17.656
C242F,C,242,F,-13.416
C242G,C,242,G,-13.552
C242H,C,242,H,-15.902
C242I,C,242,I,-18.657
C242K,C,242,K,-18.595
C242L,C,242,L,-16.846
C242M,C,242,M,-18.378
C242N,C,242,N,-16.483
C242P,C,242,P,-17.207
C242Q,C,242,Q,-17.63
C242R,C,242,R,-12.589
C242S,C,242,S,-11.748
C242T,C,242,T,-15.419
C242V,C,242,V,-16.852
C242W,C,242,W,-13.466
C242Y,C,242,Y,-12.68
M243A,M,243,A,-9.272
M243C,M,243,C,-12.256
M243D,M,243,D,-13.446
M243E,M,243,E,-11.844
M243F,M,243,F,-10.361
M243G,M,243,G,-11.708
M243H,M,243,H,-10.88
M243I,M,243,I,-5.274
M243K,M,243,K,-11.036
M243L,M,243,L,-5.171
M243N,M,243,N,-8.2
M243P,M,243,P,-6.686
M243Q,M,243,Q,-9.11
M243R,M,243,R,-9.703
M243S,M,243,S,-9.218
M243T,M,243,T,-7.95
M243V,M,243,V,-4.399
M243W,M,243,W,-12.642
M243Y,M,243,Y,-12.4
G244A,G,244,A,-8.466
G244C,G,244,C,-12.583
G244D,G,244,D,-11.81
G244E,G,244,E,-11.253
G244F,G,244,F,-15.558
G244H,G,244,H,-13.839
G244I,G,244,I,-13.877
G244K,G,244,K,-13.12
G244L,G,244,L,-13.234
G244M,G,244,M,-11.968
G244N,G,244,N,-12.962
G244P,G,244,P,-13.053
G244Q,G,244,Q,-11.995
G244R,G,244,R,-10.172
G244S,G,244,S,-10.056
G244T,G,244,T,-10.748
G244V,G,244,V,-11.256
G244W,G,244,W,-13.973
G244Y,G,244,Y,-16.053
G245A,G,245,A,-10.839
G245C,G,245,C,-12.643
G245D,G,245,D,-11.173
G245E,G,245,E,-10.424
G245F,G,245,F,-16.087
G245H,G,245,H,-14.668
G245I,G,245,I,-14.546
G245K,G,245,K,-12.917
G245L,G,245,L,-14.322
G245M,G,245,M,-14.074
G245N,G,245,N,-13.198
G245P,G,245,P,-13.467
G245Q,G,245,Q,-13.096
G245R,G,245,R,-9.041
G245S,G,245,S,-10.391
G245T,G,245,T,-13.021
G245V,G,245,V,-12.096
G245W,G,245,W,-12.487
G245Y,G,245,Y,-16.453
M246A,M,246,A,-11.021
M246C,M,246,C,-14.831
M246D,M,246,D,-15.355
M246E,M,246,E,-14.397
M246F,M,246,F,-12.599
M246G,M,246,G,-13.638
M246H,M,246,H,-13.152
M246I,M,246,I,-5.741
M246K,M,246,K,-12.317
M246L,M,246,L,-7.339
M246N,M,246,N,-13.274
M246P,M,246,P,-7.95
M246Q,M,246,Q,-13.054
M246R,M,246,R,-11.115
M246S,M,246,S,-11.802
M246T,M,246,T,-8.195
M246V,M,246,V,-9.418
M246W,M,246,W,-14.795
M246Y,M,246,Y,-14.241
N247A,N,247,A,-14.439
N247C,N,247,C,-15.468
N247D,N,247,D,-13.137
N247E,N,247,E,-14.782
N247F,N,247,F,-17.186
N247G,N,247,G,-12.829
N247H,N,247,H,-12.494
N247I,N,247,I,-16.017
N247K,N,247,K,-14.125
N247L,N,247,L,-16.365
N247M,N,247,M,-18.218
N247P,N,247,P,-15.393
N247Q,N,247,Q,-14.876
N247R,N,247,R,-14.947
N247S,N,247,S,-10.901
N247T,N,247,T,-14.079
N247V,N,247,V,-16.784
N247W,N,247,W,-17.375
N247Y,N,247,Y,-15.501
R248A,R,248,A,-16.237
R248C,R,248,C,-12.652
R248D,R,248,D,-17.421
R248E,R,248,E,-16.41
R248F,R,248,F,-15.217
R248G,R,248,G,-13.425
R248H,R,248,H,-12.008
R248I,R,248,I,-16.701
R248K,R,248,K,-12.59
R248L,R,248,L,-14.157
R248M,R,248,M,-17.321
R248N,R,248,N,-15.374
R248P,R,248,P,-11.838
R248Q,R,248,Q,-13.222
R248S,R,248,S,-14.002
R248T,R,248,T,-15.852
R248V,R,248,V,-17.459
R248W,R,248,W,-12.669
R248Y,R,248,Y,-14.788
R249A,R,249,A,-15.078
R249C,R,249,C,-12.691
R249D,R,249,D,-16.262
R249E,R,249,E,-13.867
R249F,R,249,F,-16.533
R249G,R,249,G,-12.76
R249H,R,249,H,-12.556
R249I,R,249,I,-15.502
R249K,R,249,K,-9.513
R249L,R,249,L,-13.152
R249M,R,249,M,-14.573
R249N,R,249,N,-14.74
R249P,R,249,P,-14.08
R249Q,R,249,Q,-10.78
R249S,R,249,S,-13.501
R249T,R,249,T,-13.945
R249V,R,249,V,-15.729
R249W,R,249,W,-11.163
R249Y,R,249,Y,-16.694
P250A,P,250,A,-8.852
P250C,P,250,C,-15.441
P250D,P,250,D,-17.167
P250E,P,250,E,-16.057
P250F,P,250,F,-15.674
P250G,P,250,G,-13.351
P250H,P,250,H,-13.187
P250I,P,250,I,-16.512
P250K,P,250,K,-15.169
P250L,P,250,L,-11.313
P250M,P,250,M,-16.067
P250N,P,250,N,-16.678
P250Q,P,250,Q,-12.538
P250R,P,250,R,-12.132
P250S,P,250,S,-11.123
P250T,P,250,T,-12.398
P250V,P,250,V,-14.307
P250W,P,250,W,-17.06
P250Y,P,250,Y,-16.985
I251A,I,251,A,-12.612
I251C,I,251,C,-15.911
I251D,I,251,D,-16.184
I251E,I,251,E,-15.085
I251F,I,251,F,-14.518
I251G,I,251,G,-15.627
I251H,I,251,H,-15.804
I251K,I,251,K,-13.583
I251L,I,251,L,-10.509
I251M,I,251,M,-10.997
I251N,I,251,N,-14.415
I251P,I,251,P,-17.222
I251Q,I,251,Q,-14.61
I251R,I,251,R,-15.029
I251S,I,251,S,-14.472
I251T,I,251,T,-10.074
I251V,I,251,V,-8.285
I251W,I,251,W,-17.521
I251Y,I,251,Y,-15.261
L252A,L,252,A,-12.075
L252C,L,252,C,-11.845
L252D,L,252,D,-15.189
L252E,L,252,E,-13.878
L252F,L,252,F,-10.831
L252G,L,252,G,-13.185
L252H,L,252,H,-10.973
L252I,L,252,I,-10.447
L252K,L,252,K,-11.759
L252M,L,252,M,-9.353
L252N,L,252,N,-11.626
L252P,L,252,P,-12.716
L252Q,L,252,Q,-9.322
L252R,L,252,R,-9.823
L252S,L,252,S,-9.588
L252T,L,252,T,-10.24
L252V,L,252,V,-10.849
L252W,L,252,W,-11.999
L252Y,L,252,Y,-12.091
T253A,T,253,A,-8.625
T253C,T,253,C,-12.16
T253D,T,253,D,-14.34
T253E,T,253,E,-14.558
T253F,T,253,F,-14.752
T253G,T,253,G,-11.847
T253H,T,253,H,-15.948
T253I,T,253,I,-9.306
T253K,T,253,K,-14.02
T253L,T,253,L,-12.843
T253M,T,253,M,-11.726
T253N,T,253,N,-12.057
T253P,T,253,P,-13.444
T253Q,T,253,Q,-16.175
T253R,T,253,R,-14.831
T253S,T,253,S,-9.137
T253V,T,253,V,-9.266
T253W,T,253,W,-17.228
T253Y,T,253,Y,-15.99
I254A,I,254,A,-13.242
I254C,I,254,C,-14.279
I254D,I,254,D,-16.278
I254E,I,254,E,-16.312
I254F,I,254,F,-12.307
I254G,I,254,G,-14.97
I254H,I,254,H,-14.001
I254K,I,254,K,-14.771
I254L,I,254,L,-8.927
I254M,I,254,M,-10.027
I254N,I,254,N,-11.701
I254P,I,254,P,-14.364
I254Q,I,254,Q,-14.127
I254R,I,254,R,-14.327
I254S,I,254,S,-12.639
I254T,I,254,T,-9.756
I254V,I,254,V,-7.34
I254W,I,254,W,-15.92
I254Y,I,254,Y,-14.093
I255A,I,255,A,-9.223
I255C,I,255,C,-11.812
I255D,I,255,D,-15.455
I255E,I,255,E,-12.805
I255F,I,255,F,-8.061
I255G,I,255,G,-13.057
I255H,I,255,H,-14.016
I255K,I,255,K,-12.873
I255L,I,255,L,-6.511
I255M,I,255,M,-7.194
I255N,I,255,N,-13.44
I255P,I,255,P,-12.719
I255Q,I,255,Q,-12.544
I255R,I,255,R,-12.792
I255S,I,255,S,-11.029
I255T,I,255,T,-8.204
I255V,I,255,V,-3.064
I255W,I,255,W,-12.639
I255Y,I,255,Y,-12.671
T256A,T,256,A,-11.357
T256C,T,256,C,-14.174
T256D,T,256,D,-17.348
T256E,T,256,E,-16.569
T256F,T,256,F,-13.708
T256G,T,256,G,-14.784
T256H,T,256,H,-15.799
T256I,T,256,I,-11.467
T256K,T,256,K,-14.391
T256L,T,256,L,-14.352
T256M,T,256,M,-10.636
T256N,T,256,N,-12.979
T256P,T,256,P,-13.687
T256Q,T,256,Q,-15.677
T256R,T,256,R,-15.137
T256S,T,256,S,-10.473
T256V,T,256,V,-12.582
T256W,T,256,W,-17.453
T256Y,T,256,Y,-16.713
L257A,L,257,A,-15.086
L257C,L,257,C,-15.979
L257D,L,257,D,-19.757
L257E,L,257,E,-17.874
L257F,L,257,F,-13.833
L257G,L,257,G,-17.557
L257H,L,257,H,-16.514
L257I,L,257,I,-12.352
L257K,L,257,K,-17.211
L257M,L,257,M,-10.32
L257N,L,257,N,-18.055
L257P,L,257,P,-14.075
L257Q,L,257,Q,-14.929
L257R,L,257,R,-15.026
L257S,L,257,S,-14.907
L257T,L,257,T,-14.355
L257V,L,257,V,-10.441
L257W,L,257,W,-16.084
L257Y,L,257,Y,-17.555
E258A,E,258,A,-14.542
E258C,E,258,C,-16.598
E258D,E,258,D,-11.309
E258F,E,258,F,-15.786
E258G,E,258,G,-13.054
E258H,E,258,H,-15.503
E258I,E,258,I,-15.48
E258K,E,258,K,-12.007
E258L,E,258,L,-14.162
E258M,E,258,M,-14.671
E258N,E,258,N,-14.891
E258P,E,258,P,-16.073
E258Q,E,258,Q,-12.296
E258R,E,258,R,-14.747
E258S,E,258,S,-15.504
E258T,E,258,T,-15.81
E258V,E,258,V,-12.411
E258W,E,258,W,-18.245
E258Y,E,258,Y,-16.555
D259A,D,259,A,-8.15
D259C,D,259,C,-10.75
D259E,D,259,E,-10.452
D259F,D,259,F,-12.421
D259G,D,259,G,-6.395
D259H,D,259,H,-9.801
D259I,D,259,I,-11.243
D259K,D,259,K,-11.559
D259L,D,259,L,-8.4
D259M,D,259,M,-8.326
D259N,D,259,N,-5.92
D259P,D,259,P,-10.91
D259Q,D,259,Q,-11.656
D259R,D,259,R,-9.738
D259S,D,259,S,-7.317
D259T,D,259,T,-5.897
D259V,D,259,V,-10.98
D259W,D,259,W,-15.417
D259Y,D,259,Y,-12.839
S260A,S,260,A,-5.778
S260C,S,260,C,-7.004
S260D,S,260,D,-8.577
S260E,S,260,E,-9.785
S260F,S,260,F,-6.568
S260G,S,260,G,-5.875
S260H,S,260,H,-4.43
S260I,S,260,I,-10.127
S260K,S,260,K,-12.416
S260L,S,260,L,-8.411
S260M,S,260,M,-11.288
S260N,S,260,N,-7.291
S260P,S,260,P,-5.629
S260Q,S,260,Q,-6.326
S260R,S,260,R,-9.478
S260T,S,260,T,-7.051
S260V,S,260,V,-8.746
S260W,S,260,W,-9.988
S260Y,S,260,Y,-7.694
S261A,S,261,A,-4.623
S261C,S,261,C,-7.481
S261D,S,261,D,-6.974
S261E,S,261,E,-6.44
S261F,S,261,F,-8.521
S261G,S,261,G,-6.198
S261H,S,261,H,-7.261
S261I,S,261,I,-9.411
S261K,S,261,K,-8.473
S261L,S,261,L,-7.164
S261M,S,261,M,-7.284
S261N,S,261,N,-6.635
S261P,S,261,P,-11.379
S261Q,S,261,Q,-6.697
S261R,S,261,R,-7.302
S261T,S,261,T,-5.341
S261V,S,261,V,-7.866
S261W,S,261,W,-9.296
S261Y,S,261,Y,-8.459
G262A,G,262,A,-11.428
G262C,G,262,C,-10.935
G262D,G,262,D,-10.244
G262E,G,262,E,-11.087
G262F,G,262,F,-15.376
G262H,G,262,H,-13.725
G262I,G,262,I,-16.834
G262K,G,262,K,-15.001
G262L,G,262,L,-14.857
G262M,G,262,M,-15.493
G262N,G,262,N,-10.577
G262P,G,262,P,-17.798
G262Q,G,262,Q,-14.486
G262R,G,262,R,-11.677
G262S,G,262,S,-9.686
G262T,G,262,T,-13.018
G262V,G,262,V,-12.911
G262W,G,262,W,-12.785
G262Y,G,262,Y,-14.539
N263A,N,263,A,-9.843
N263C,N,263,C,-11.634
N263D,N,263,D,-8.992
N263E,N,263,E,-9.503
N263F,N,263,F,-12.631
N263G,N,263,G,-10.266
N263H,N,263,H,-7.549
N263I,N,263,I,-10.537
N263K,N,263,K,-6.335
N263L,N,263,L,-11.397
N263M,N,263,M,-11.123
N263P,N,263,P,-13.544
N263Q,N,263,Q,-7.5
N263R,N,263,R,-8.452
N263S,N,263,S,-7.292
N263T,N,263,T,-7.659
N263V,N,263,V,-10.28
N263W,N,263,W,-14.742
N263Y,N,263,Y,-12.35
L264A,L,264,A,-12.533
L264C,L,264,C,-12.991
L264D,L,264,D,-13.761
L264E,L,264,E,-11.954
L264F,L,264,F,-11.343
L264G,L,264,G,-14.205
L264H,L,264,H,-12.573
L264I,L,264,I,-10.685
L264K,L,264,K,-14.304
L264M,L,264,M,-10.81
L264N,L,264,N,-14.282
L264P,L,264,P,-10.377
L264Q,L,264,Q,-11.274
L264R,L,264,R,-9.98
L264S,L,264,S,-12.213
L264T,L,264,T,-12.427
L264V,L,264,V,-7.037
L264W,L,264,W,-15.066
L264Y,L,264,Y,-14.323
L265A,L,265,A,-11.068
L265C,L,265,C,-8.177
L265D,L,265,D,-14.824
L265E,L,265,E,-14.176
L265F,L,265,F,-7.785
L265G,L,265,G,-12.77
L265H,L,265,H,-8.314
L265I,L,265,I,-10.897
L265K,L,265,K,-14.26
L265M,L,265,M,-10.313
L265N,L,265,N,-13.875
L265P,L,265,P,-10.162
L265Q,L,265,Q,-9.754
L265R,L,265,R,-9.517
L265S,L,265,S,-8.355
L265T,L,265,T,-11.182
L265V,L,265,V,-9.488
L265W,L,265,W,-10.0
L265Y,L,265,Y,-7.505
G266A,G,266,A,-10.08
G266C,G,266,C,-13.503
G266D,G,266,D,-12.762
G266E,G,266,E,-11.262
G266F,G,266,F,-17.49
G266H,G,266,H,-16.852
G266I,G,266,I,-16.273
G266K,G,266,K,-14.57
G266L,G,266,L,-13.898
G266M,G,266,M,-15.346
G266N,G,266,N,-15.574
G266P,G,266,P,-16.082
G266Q,G,266,Q,-15.096
G266R,G,266,R,-12.002
G266S,G,266,S,-13.291
G266T,G,266,T,-14.942
G266V,G,266,V,-12.251
G266W,G,266,W,-13.471
G266Y,G,266,Y,-16.889
R267A,R,267,A,-14.614
R267C,R,267,C,-11.409
R267D,R,267,D,-17.251
R267E,R,267,E,-13.891
R267F,R,267,F,-17.289
R267G,R,267,G,-12.636
R267H,R,267,H,-12.18
R267I,R,267,I,-15.187
R267K,R,267,K,-11.85
R267L,R,267,L,-13.238
R267M,R,267,M,-14.078
R267N,R,267,N,-15.785
R267P,R,267,P,-13.796
R267Q,R,267,Q,-10.066
R267S,R,267,S,-13.17
R267T,R,267,T,-13.457
R267V,R,267,V,-13.082
R267W,R,267,W,-11.237
R267Y,R,267,Y,-16.34
N268A,N,268,A,-10.192
N268C,N,268,C,-7.417
N268D,N,268,D,-9.295
N268E,N,268,E,-9.654
N268F,N,268,F,-11.845
N268G,N,268,G,-4.839
N268H,N,268,H,-7.309
N268I,N,268,I,-11.06
N268K,N,268,K,-6.644
N268L,N,268,L,-9.765
N268M,N,268,M,-11.849
N268P,N,268,P,-11.04
N268Q,N,268,Q,-7.271
N268R,N,268,R,-0.099
N268S,N,268,S,-6.858
N268T,N,268,T,-8.338
N268V,N,268,V,-10.755
N268W,N,268,W,-7.313
N268Y,N,268,Y,-10.811
S269A,S,269,A,-8.853
S269C,S,269,C,-7.27
S269D,S,269,D,-14.927
S269E,S,269,E,-15.337
S269F,S,269,F,-12.68
S269G,S,269,G,-8.377
S269H,S,269,H,-11.962
S269I,S,269,I,-10.772
S269K,S,269,K,-10.989
S269L,S,269,L,-11.368
S269M,S,269,M,-11.276
S269N,S,269,N,-7.589
S269P,S,269,P,-11.558
S269Q,S,269,Q,-12.85
S269R,S,269,R,-11.293
S269T,S,269,T,-9.354
S269V,S,269,V,-10.811
S269W,S,269,W,-14.197
S269Y,S,269,Y,-12.207
F270A,F,270,A,-12.2
F270C,F,270,C,-10.153
F270D,F,270,D,-16.655
F270E,F,270,E,-15.268
F270G,F,270,G,-13.946
F270H,F,270,H,-13.768
F270I,F,270,I,-9.73
F270K,F,270,K,-14.404
F270L,F,270,L,-7.818
F270M,F,270,M,-9.053
F270N,F,270,N,-14.928
F270P,F,270,P,-12.541
F270Q,F,270,Q,-13.523
F270R,F,270,R,-12.709
F270S,F,270,S,-10.913
F270T,F,270,T,-11.538
F270V,F,270,V,-8.09
F270W,F,270,W,-12.591
F270Y,F,270,Y,-11.35
E271A,E,271,A,-12.441
E271C,E,271,C,-15.081
E271D,E,271,D,-10.196
E271F,E,271,F,-15.915
E271G,E,271,G,-10.725
E271H,E,271,H,-14.62
E271I,E,271,I,-16.032
E271K,E,271,K,-10.58
E271L,E,271,L,-13.716
E271M,E,271,M,-15.927
E271N,E,271,N,-13.729
E271P,E,271,P,-13.509
E271Q,E,271,Q,-11.37
E271R,E,271,R,-12.943
E271S,E,271,S,-13.461
E271T,E,271,T,-14.02
E271V,E,271,V,-13.477
E271W,E,271,W,-16.957
E271Y,E,271,Y,-14.929
V272A,V,272,A,-7.307
V272C,V,272,C,-12.72
V272D,V,272,D,-13.758
V272E,V,272,E,-12.673
V272F,V,272,F,-11.012
V272G,V,272,G,-5.803
V272H,V,272,H,-16.644
V272I,V,272,I,-7.975
V272K,V,272,K,-14.989
V272L,V,272,L,-9.021
V272M,V,272,M,-10.404
V272N,V,272,N,-13.816
V272P,V,272,P,-13.304
V272Q,V,272,Q,-15.474
V272R,V,272,R,-14.029
V272S,V,272,S,-10.591
V272T,V,272,T,-10.37
V272W,V,272,W,-15.885
V272Y,V,272,Y,-16.27
R273A,R,273,A,-14.496
R273C,R,273,C,-11.347
R273D,R,273,D,-17.804
R273E,R,273,E,-15.394
R273F,R,273,F,-16.401
R273G,R,273,G,-11.433
R273H,R,273,H,-12.599
R273I,R,273,I,-15.495
R273K,R,273,K,-8.445
R273L,R,273,L,-12.471
R273M,R,273,M,-12.62
R273N,R,273,N,-15.036
R273P,R,273,P,-15.154
R273Q,R,273,Q,-10.586
R273S,R,273,S,-12.198
R273T,R,273,T,-13.613
R273V,R,273,V,-15.608
R273W,R,273,W,-12.115
R273Y,R,273,Y,-15.883
V274A,V,274,A,-10.396
V274C,V,274,C,-14.452
V274D,V,274,D,-15.219
V274E,V,274,E,-14.764
V274F,V,274,F,-12.264
V274G,V,274,G,-12.791
V274H,V,274,H,-16.812
V274I,V,274,I,-4.287
V274K,V,274,K,-12.797
V274L,V,274,L,-10.035
V274M,V,274,M,-10.838
V274N,V,274,N,-13.764
V274P,V,274,P,-14.178
V274Q,V,274,Q,-14.924
V274R,V,274,R,-13.463
V274S,V,274,S,-12.043
V274T,V,274,T,-10.631
V274W,V,274,W,-16.957
V274Y,V,274,Y,-16.769
C275A,C,275,A,-17.855
C275D,C,275,D,-19.003
C275E,C,275,E,-19.115
C275F,C,275,F,-14.422
C275G,C,275,G,-15.386
C275H,C,275,H,-15.257
C275I,C,275,I,-19.272
C275K,C,275,K,-18.49
C275L,C,275,L,-16.103
C275M,C,275,M,-19.529
C275N,C,275,N,-17.412
C275P,C,275,P,-17.457
C275Q,C,275,Q,-17.146
C275R,C,275,R,-11.099
C275S,C,275,S,-13.127
C275T,C,275,T,-16.894
C275V,C,275,V,-18.117
C275W,C,275,W,-14.25
C275Y,C,275,Y,-13.636
A276C,A,276,C,-11.937
A276D,A,276,D,-9.562
A276E,A,276,E,-14.117
A276F,A,276,F,-13.316
A276G,A,276,G,-9.473
A276H,A,276,H,-12.569
A276I,A,276,I,-13.306
A276K,A,276,K,-12.802
A276L,A,276,L,-12.867
A276M,A,276,M,-11.336
A276N,A,276,N,-12.709
A276P,A,276,P,-10.723
A276Q,A,276,Q,-14.41
A276R,A,276,R,-13.138
A276S,A,276,S,-6.991
A276T,A,276,T,-7.795
A276V,A,276,V,-9.429
A276W,A,276,W,-15.9
A276Y,A,276,Y,-14.472
C277A,C,277,A,-17.68
C277D,C,277,D,-16.423
C277E,C,277,E,-18.552
C277F,C,277,F,-14.68
C277G,C,277,G,-15.631
C277H,C,277,H,-16.255
C277I,C,277,I,-20.169
C277K,C,277,K,-18.757
C277L,C,277,L,-18.342
C277M,C,277,M,-21.215
C277N,C,277,N,-17.502
C277P,C,277,P,-17.466
C277Q,C,277,Q,-17.383
C277R,C,277,R,-12.586
C277S,C,277,S,-11.819
C277T,C,277,T,-17.192
C277V,C,277,V,-18.516
C277W,C,277,W,-14.626
C277Y,C,277,Y,-14.054
P278A,P,278,A,-11.24
P278C,P,278,C,-15.621
P278D,P,278,D,-16.599
P278E,P,278,E,-16.95
P278F,P,278,F,-15.465
P278G,P,278,G,-13.96
P278H,P,278,H,-13.003
P278I,P,278,I,-18.04
P278K,P,278,K,-17.723
P278L,P,278,L,-11.834
P278M,P,278,M,-17.547
P278N,P,278,N,-17.938
P278Q,P,278,Q,-13.632
P278R,P,278,R,-14.24
P278S,P,278,S,-11.715
P278T,P,278,T,-13.983
P278V,P,278,V,-15.285
P278W,P,278,W,-16.965
P278Y,P,278,Y,-13.746
G279A,G,279,A,-12.188
G279C,G,279,C,-11.411
G279D,G,279,D,-13.092
G279E,G,279,E,-12.61
G279F,G,279,F,-15.387
G279H,G,279,H,-13.706
G279I,G,279,I,-16.783
G279K,G,279,K,-12.243
G279L,G,279,L,-13.499
G279M,G,279,M,-15.662
G279N,G,279,N,-13.52
G279P,G,279,P,-12.992
G279Q,G,279,Q,-13.358
G279R,G,279,R,-10.472
G279S,G,279,S,-10.172
G279T,G,279,T,-14.507
G279V,G,279,V,-13.282
G279W,G,279,W,-13.365
G279Y,G,279,Y,-15.436
R280A,R,280,A,-15.272
R280C,R,280,C,-11.619
R280D,R,280,D,-17.444
R280E,R,280,E,-16.45
R280F,R,280,F,-16.465
R280G,R,280,G,-13.15
R280H,R,280,H,-11.917
R280I,R,280,I,-16.754
R280K,R,280,K,-12.191
R280L,R,280,L,-13.49
R280M,R,280,M,-16.108
R280N,R,280,N,-16.144
R280P,R,280,P,-12.937
R280Q,R,280,Q,-11.316
R280S,R,280,S,-13.145
R280T,R,280,T,-15.721
R280V,R,280,V,-17.008
R280W,R,280,W,-12.465
R280Y,R,280,Y,-16.029
D281A,D,281,A,-16.138
D281C,D,281,C,-17.819
D281E,D,281,E,-12.286
D281F,D,281,F,-18.025
D281G,D,281,G,-13.423
D281H,D,281,H,-14.87
D281I,D,281,I,-19.539
D281K,D,281,K,-17.023
D281L,D,281,L,-16.241
D281M,D,281,M,-19.047
D281N,D,281,N,-12.621
D281P,D,281,P,-17.342
D281Q,D,281,Q,-17.298
D281R,D,281,R,-18.095
D281S,D,281,S,-16.716
D281T,D,281,T,-17.159
D281V,D,281,V,-16.191
D281W,D,281,W,-19.908
D281Y,D,281,Y,-15.827
R282A,R,282,A,-10.807
R282C,R,282,C,-10.98
R282D,R,282,D,-15.811
R282E,R,282,E,-14.516
R282F,R,282,F,-11.079
R282G,R,282,G,-11.072
R282H,R,282,H,-10.871
R282I,R,282,I,-10.753
R282K,R,282,K,-8.539
R282L,R,282,L,-6.651
R282M,R,282,M,-9.084
R282N,R,282,N,-12.848
R282P,R,282,P,-12.176
R282Q,R,282,Q,-8.345
R282S,R,282,S,-10.937
R282T,R,282,T,-10.882
R282V,R,282,V,-9.378
R282W,R,282,W,-11.739
R282Y,R,282,Y,-12.564
R283A,R,283,A,-12.351
R283C,R,283,C,-11.743
R283D,R,283,D,-14.579
R283E,R,283,E,-13.489
R283F,R,283,F,-16.424
R283G,R,283,G,-11.843
R283H,R,283,H,-11.152
R283I,R,283,I,-15.11
R283K,R,283,K,-4.418
R283L,R,283,L,-11.608
R283M,R,283,M,-13.239
R283N,R,283,N,-12.514
R283P,R,283,P,-12.774
R283Q,R,283,Q,-8.799
R283S,R,283,S,-11.981
R283T,R,283,T,-12.357
R283V,R,283,V,-13.845
R283W,R,283,W,-11.505
R283Y,R,283,Y,-15.677
T284A,T,284,A,-4.463
T284C,T,284,C,-9.507
T284D,T,284,D,-10.168
T284E,T,284,E,-9.943
T284F,T,284,F,-9.613
T284G,T,284,G,-7.745
T284H,T,284,H,-10.101
T284I,T,284,I,-9.016
T284K,T,284,K,-9.864
T284L,T,284,L,-8.691
T284M,T,284,M,-7.589
T284N,T,284,N,-6.692
T284P,T,284,P,-9.293
T284Q,T,284,Q,-9.248
T284R,T,284,R,-9.613
T284S,T,284,S,-5.147
T284V,T,284,V,-6.887
T284W,T,284,W,-11.248
T284Y,T,284,Y,-10.815
E285A,E,285,A,-10.94
E285C,E,285,C,-16.268
E285D,E,285,D,-4.803
E285F,E,285,F,-16.514
E285G,E,285,G,-10.868
E285H,E,285,H,-13.256
E285I,E,285,I,-14.63
E285K,E,285,K,-11.691
E285L,E,285,L,-14.95
E285M,E,285,M,-14.336
E285N,E,285,N,-12.293
E285P,E,285,P,-15.749
E285Q,E,285,Q,-11.731
E285R,E,285,R,-15.555
E285S,E,285,S,-13.531
E285T,E,285,T,-12.865
E285V,E,285,V,-11.772
E285W,E,285,W,-16.715
E285Y,E,285,Y,-14.581
E286A,E,286,A,-12.672
E286C,E,286,C,-18.354
E286D,E,286,D,-9.86
E286F,E,286,F,-19.16
E286G,E,286,G,-11.719
E286H,E,286,H,-16.282
E286I,E,286,I,-16.339
E286K,E,286,K,-12.482
E286L,E,286,L,-16.137
E286M,E,286,M,-14.684
E286N,E,286,N,-15.011
E286P,E,286,P,-17.875
E286Q,E,286,Q,-12.425
E286R,E,286,R,-15.987
E286S,E,286,S,-15.38
E286T,E,286,T,-15.032
E286V,E,286,V,-13.544
E286W,E,286,W,-18.829
E286Y,E,286,Y,-17.986
E287A,E,287,A,-9.993
E287C,E,287,C,-13.818
E287D,E,287,D,-4.813
E287F,E,287,F,-15.242
E287G,E,287,G,-9.175
E287H,E,287,H,-12.017
E287I,E,287,I,-13.467
E287K,E,287,K,-10.456
E287L,E,287,L,-13.27
E287M,E,287,M,-13.055
E287N,E,287,N,-8.681
E287P,E,287,P,-15.915
E287Q,E,287,Q,-10.498
E287R,E,287,R,-12.167
E287S,E,287,S,-10.731
E287T,E,287,T,-11.177
E287V,E,287,V,-11.641
E287W,E,287,W,-15.418
E287Y,E,287,Y,-13.299
N288A,N,288,A,-9.322
N288C,N,288,C,-9.61
N288D,N,288,D,-9.379
N288E,N,288,E,-10.28
N288F,N,288,F,-11.778
N288G,N,288,G,-9.147
N288H,N,288,H,-8.854
N288I,N,288,I,-10.382
N288K,N,288,K,-8.795
N288L,N,288,L,-10.373
N288M,N,288,M,-11.779
N288P,N,288,P,-13.456
N288Q,N,288,Q,-9.539
N288R,N,288,R,-8.503
N288S,N,288,S,-6.183
N288T,N,288,T,-8.633
N288V,N,288,V,-10.856
N288W,N,288,W,-12.88
N288Y,N,288,Y,-11.36
L289A,L,289,A,-5.386
L289C,L,289,C,-4.394
L289D,L,289,D,-8.725
L289E,L,289,E,-8.656
L289F,L,289,F,1.259
L289G,L,289,G,-7.283
L289H,L,289,H,-4.877
L289I,L,289,I,-3.699
L289K,L,289,K,-7.032
L289M,L,289,M,-6.223
L289N,L,289,N,-5.301
L289P,L,289,P,-8.044
L289Q,L,289,Q,-5.96
L289R,L,289,R,-5.636
L289S,L,289,S,-3.933
L289T,L,289,T,-5.797
L289V,L,289,V,-4.878
L289W,L,289,W,-7.453
L289Y,L,289,Y,-2.235
R290A,R,290,A,-11.166
R290C,R,290,C,-9.13
R290D,R,290,D,-13.562
R290E,R,290,E,-11.361
R290F,R,290,F,-12.299
R290G,R,290,G,-11.318
R290H,R,290,H,-8.733
R290I,R,290,I,-11.392
R290K,R,290,K,-6.685
R290L,R,290,L,-10.023
R290M,R,290,M,-12.117
R290N,R,290,N,-11.167
R290P,R,290,P,-10.118
R290Q,R,290,Q,-7.879
R290S,R,290,S,-10.214
R290T,R,290,T,-11.466
R290V,R,290,V,-12.027
R290W,R,290,W,-10.299
R290Y,R,290,Y,-11.527
K291A,K,291,A,-10.776
K291C,K,291,C,-10.657
K291D,K,291,D,-11.791
K291E,K,291,E,-9.094
K291F,K,291,F,-14.061
K291G,K,291,G,-10.832
K291H,K,291,H,-9.697
K291I,K,291,I,-11.5
K291L,K,291,L,-10.195
K291M,K,291,M,-11.193
K291N,K,291,N,-9.847
K291P,K,291,P,-10.661
K291Q,K,291,Q,-7.285
K291R,K,291,R,-5.353
K291S,K,291,S,-10.102
K291T,K,291,T,-10.513
K291V,K,291,V,-10.794
K291W,K,291,W,-11.651
K291Y,K,291,Y,-13.302
K292A,K,292,A,-8.199
K292C,K,292,C,-8.116
K292D,K,292,D,-10.707
K292E,K,292,E,-9.118
K292F,K,292,F,-10.232
K292G,K,292,G,-8.118
K292H,K,292,H,-6.117
K292I,K,292,I,-9.259
K292L,K,292,L,-7.068
K292M,K,292,M,-7.611
K292N,K,292,N,-7.674
K292P,K,292,P,-8.515
K292Q,K,292,Q,-3.201
K292R,K,292,R,-3.789
K292S,K,292,S,-7.472
K292T,K,292,T,-7.676
K292V,K,292,V,-8.966
K292W,K,292,W,-9.798
K292Y,K,292,Y,-9.482
G293A,G,293,A,-5.014
G293C,G,293,C,-8.215
G293D,G,293,D,-7.475
G293E,G,293,E,-6.548
G293F,G,293,F,-9.958
G293H,G,293,H,-8.394
G293I,G,293,I,-8.894
G293K,G,293,K,-7.302
G293L,G,293,L,-8.125
G293M,G,293,M,-8.291
G293N,G,293,N,-7.08
G293P,G,293,P,-7.901
G293Q,G,293,Q,-6.815
G293R,G,293,R,-7.614
G293S,G,293,S,-5.903
G293T,G,293,T,-6.451
G293V,G,293,V,-6.718
G293W,G,293,W,-10.097
G293Y,G,293,Y,-10.084
E294A,E,294,A,-5.636
E294C,E,294,C,-9.215
E294D,E,294,D,-5.501
E294F,E,294,F,-9.266
E294G,E,294,G,-6.22
E294H,E,294,H,-8.313
E294I,E,294,I,-7.877
E294K,E,294,K,-8.496
E294L,E,294,L,-7.311
E294M,E,294,M,-8.34
E294N,E,294,N,-7.693
E294P,E,294,P,-7.831
E294Q,E,294,Q,-5.401
E294R,E,294,R,-9.136
E294S,E,294,S,-6.172
E294T,E,294,T,-6.283
E294V,E,294,V,-6.188
E294W,E,294,W,-10.938
E294Y,E,294,Y,-10.22
P295A,P,295,A,-2.97
P295C,P,295,C,-6.055
P295D,P,295,D,-6.496
P295E,P,295,E,-5.571
P295F,P,295,F,-5.565
P295G,P,295,G,-4.472
P295H,P,295,H,-4.982
P295I,P,295,I,-2.678
P295K,P,295,K,-5.344
P295L,P,295,L,-2.083
P295M,P,295,M,-3.772
P295N,P,295,N,-5.049
P295Q,P,295,Q,-3.833
P295R,P,295,R,-5.852
P295S,P,295,S,-3.302
P295T,P,295,T,-3.259
P295V,P,295,V,-1.946
P295W,P,295,W,-8.58
P295Y,P,295,Y,-7.454
H296A,H,296,A,-2.057
H296C,H,296,C,-2.399
H296D,H,296,D,-5.859
H296E,H,296,E,-5.241
H296F,H,296,F,-4.858
H296G,H,296,G,-2.442
H296I,H,296,I,-4.367
H296K,H,296,K,-3.253
H296L,H,296,L,-2.586
H296M,H,296,M,-5.02
H296N,H,296,N,-3.765
H296P,H,296,P,-2.009
H296Q,H,296,Q,-3.09
H296R,H,296,R,-3.564
H296S,H,296,S,-0.92
H296T,H,296,T,-2.466
H296V,H,296,V,-2.693
H296W,H,296,W,-6.947
H296Y,H,296,Y,-5.615
H297A,H,297,A,-3.158
H297C,H,297,C,-3.67
H297D,H,297,D,-7.783
H297E,H,297,E,-6.331
H297F,H,297,F,-6.985
H297G,H,297,G,-3.573
H297I,H,297,I,-6.547
H297K,H,297,K,-0.188
H297L,H,297,L,-4.028
H297M,H,297,M,-6.16
H297N,H,297,N,-4.19
H297P,H,297,P,-2.262
H297Q,H,297,Q,-1.986
H297R,H,297,R,-1.658
H297S,H,297,S,-1.264
H297T,H,297,T,-2.823
H297V,H,297,V,-5.074
H297W,H,297,W,-6.678
H297Y,H,297,Y,-6.771
E298A,E,298,A,-3.224
E298C,E,298,C,-6.084
E298D,E,298,D,-3.743
E298F,E,298,F,-7.252
E298G,E,298,G,-4.031
E298H,E,298,H,-4.895
E298I,E,298,I,-6.548
E298K,E,298,K,-3.66
E298L,E,298,L,-4.951
E298M,E,298,M,-6.793
E298N,E,298,N,-4.374
E298P,E,298,P,-2.333
E298Q,E,298,Q,-3.543
E298R,E,298,R,-5.803
E298S,E,298,S,-2.992
E298T,E,298,T,-3.657
E298V,E,298,V,-4.71
E298W,E,298,W,-10.162
E298Y,E,298,Y,-7.918
L299A,L,299,A,-2.627
L299C,L,299,C,-5.359
L299D,L,299,D,-6.917
L299E,L,299,E,-6.207
L299F,L,299,F,-6.242
L299G,L,299,G,-3.624
L299H,L,299,H,-5.413
L299I,L,299,I,-4.815
L299K,L,299,K,-4.789
L299M,L,299,M,-5.133
L299N,L,299,N,-5.244
L299P,L,299,P,-2.938
L299Q,L,299,Q,-4.405
L299R,L,299,R,-5.181
L299S,L,299,S,-3.148
L299T,L,299,T,-2.776
L299V,L,299,V,-3.29
L299W,L,299,W,-8.57
L299Y,L,299,Y,-7.771
P300A,P,300,A,-4.606
P300C,P,300,C,-6.382
P300D,P,300,D,-7.27
P300E,P,300,E,-7.615
P300F,P,300,F,-9.338
P300G,P,300,G,-4.38
P300H,P,300,H,-6.512
P300I,P,300,I,-8.066
P300K,P,300,K,-4.246
P300L,P,300,L,-6.766
P300M,P,300,M,-8.677
P300N,P,300,N,-4.331
P300Q,P,300,Q,-5.797
P300R,P,300,R,-6.138
P300S,P,300,S,-3.64
P300T,P,300,T,-4.86
P300V,P,300,V,-6.767
P300W,P,300,W,-11.282
P300Y,P,300,Y,-9.867
P301A,P,301,A,-4.321
P301C,P,301,C,-5.381
P301D,P,301,D,-7.005
P301E,P,301,E,-5.757
P301F,P,301,F,-8.763
P301G,P,301,G,-3.589
P301H,P,301,H,-4.172
P301I,P,301,I,-7.878
P301K,P,301,K,0.065
P301L,P,301,L,-5.79
P301M,P,301,M,-7.362
P301N,P,301,N,-3.874
P301Q,P,301,Q,-3.416
P301R,P,301,R,-2.55
P301S,P,301,S,-3.929
P301T,P,301,T,-4.884
P301V,P,301,V,-6.037
P301W,P,301,W,-9.008
P301Y,P,301,Y,-8.862
G302A,G,302,A,-5.894
G302C,G,302,C,-7.031
G302D,G,302,D,-7.86
G302E,G,302,E,-7.946
G302F,G,302,F,-9.488
G302H,G,302,H,-7.426
G302I,G,302,I,-8.472
G302K,G,302,K,-6.537
G302L,G,302,L,-7.648
G302M,G,302,M,-8.959
G302N,G,302,N,-6.48
G302P,G,302,P,-6.409
G302Q,G,302,Q,-7.523
G302R,G,302,R,-6.543
G302S,G,302,S,-5.188
G302T,G,302,T,-6.235
G302V,G,302,V,-7.12
G302W,G,302,W,-10.622
G302Y,G,302,Y,-9.836
S303A,S,303,A,-5.252
S303C,S,303,C,-7.052
S303D,S,303,D,-8.511
S303E,S,303,E,-8.491
S303F,S,303,F,-10.005
S303G,S,303,G,-4.389
S303H,S,303,H,-7.933
S303I,S,303,I,-8.381
S303K,S,303,K,-3.756
S303L,S,303,L,-7.727
S303M,S,303,M,-8.462
S303N,S,303,N,-4.679
S303P,S,303,P,-6.298
S303Q,S,303,Q,-7.06
S303R,S,303,R,-6.282
S303T,S,303,T,-4.429
S303V,S,303,V,-7.642
S303W,S,303,W,-11.374
S303Y,S,303,Y,-10.533
T304A,T,304,A,-3.825
T304C,T,304,C,-4.511
T304D,T,304,D,-8.402
T304E,T,304,E,-7.434
T304F,T,304,F,-7.418
T304G,T,304,G,-3.959
T304H,T,304,H,-4.055
T304I,T,304,I,-5.466
T304K,T,304,K,-2.6
T304L,T,304,L,-4.511
T304M,T,304,M,-5.811
T304N,T,304,N,-3.972
T304P,T,304,P,-3.208
T304Q,T,304,Q,-3.847
T304R,T,304,R,-2.621
T304S,T,304,S,-3.387
T304V,T,304,V,-4.964
T304W,T,304,W,-7.174
T304Y,T,304,Y,-7.682
K305A,K,305,A,-12.631
K305C,K,305,C,-12.868
K305D,K,305,D,-15.321
K305E,K,305,E,-14.26
K305F,K,305,F,-15.797
K305G,K,305,G,-12.741
K305H,K,305,H,-11.975
K305I,K,305,I,-14.012
K305L,K,305,L,-12.941
K305M,K,305,M,-14.129
K305N,K,305,N,-12.235
K305P,K,305,P,-11.579
K305Q,K,305,Q,-11.307
K305R,K,305,R,-6.361
K305S,K,305,S,-11.992
K305T,K,305,T,-11.639
K305V,K,305,V,-13.868
K305W,K,305,W,-14.904
K305Y,K,305,Y,-15.248
R306A,R,306,A,-10.283
R306C,R,306,C,-10.354
R306D,R,306,D,-12.415
R306E,R,306,E,-12.089
R306F,R,306,F,-13.493
R306G,R,306,G,-10.606
R306H,R,306,H,-8.425
R306I,R,306,I,-11.824
R306K,R,306,K,-4.677
R306L,R,306,L,-10.947
R306M,R,306,M,-11.426
R306N,R,306,N,-10.622
R306P,R,306,P,-9.457
R306Q,R,306,Q,-8.686
R306S,R,306,S,-9.949
R306T,R,306,T,-9.194
R306V,R,306,V,-11.316
R306W,R,306,W,-12.503
R306Y,R,306,Y,-12.579
A307C,A,307,C,-6.835
A307D,A,307,D,-7.574
A307E,A,307,E,-6.216
A307F,A,307,F,-8.792
A307G,A,307,G,-5.269
A307H,A,307,H,-7.085
A307I,A,307,I,-7.205
A307K,A,307,K,-5.715
A307L,A,307,L,-6.105
A307M,A,307,M,-7.423
A307N,A,307,N,-6.871
A307P,A,307,P,-4.024
A307Q,A,307,Q,-6.089
A307R,A,307,R,-6.943
A307S,A,307,S,-5.123
A307T,A,307,T,-4.762
A307V,A,307,V,-5.468
A307W,A,307,W,-11.165
A307Y,A,307,Y,-10.082
L308A,L,308,A,-6.077
L308C,L,308,C,-4.975
L308D,L,308,D,-10.284
L308E,L,308,E,-10.362
L308F,L,308,F,-3.125
L308G,L,308,G,-6.821
L308H,L,308,H,-3.504
L308I,L,308,I,-6.44
L308K,L,308,K,-7.853
L308M,L,308,M,-6.917
L308N,L,308,N,-7.441
L308P,L,308,P,-5.425
L308Q,L,308,Q,-5.512
L308R,L,308,R,-4.4
L308S,L,308,S,-5.767
L308T,L,308,T,-6.584
L308V,L,308,V,-6.044
L308W,L,308,W,-6.801
L308Y,L,308,Y,-2.643
P309A,P,309,A,-4.569
P309C,P,309,C,-6.053
P309D,P,309,D,-4.74
P309E,P,309,E,-4.297
P309F,P,309,F,-8.304
P309G,P,309,G,-3.949
P309H,P,309,H,-4.458
P309I,P,309,I,-7.611
P309K,P,309,K,-3.013
P309L,P,309,L,-6.334
P309M,P,309,M,-7.649
P309N,P,309,N,-3.763
P309Q,P,309,Q,-4.151
P309R,P,309,R,-4.095
P309S,P,309,S,-3.109
P309T,P,309,T,-4.615
P309V,P,309,V,-6.364
P309W,P,309,W,-8.572
P309Y,P,309,Y,-7.39
N310A,N,310,A,-3.253
N310C,N,310,C,-5.158
N310D,N,310,D,-4.155
N310E,N,310,E,-3.81
N310F,N,310,F,-6.802
N310G,N,310,G,-3.14
N310H,N,310,H,-4.195
N310I,N,310,I,-6.084
N310K,N,310,K,-5.451
N310L,N,310,L,-4.667
N310M,N,310,M,-5.927
N310P,N,310,P,-2.504
N310Q,N,310,Q,-4.048
N310R,N,310,R,-5.316
N310S,N,310,S,-2.63
N310T,N,310,T,-3.308
N310V,N,310,V,-4.709
N310W,N,310,W,-8.099
N310Y,N,310,Y,-6.903
N311A,N,311,A,-3.746
N311C,N,311,C,-5.016
N311D,N,311,D,-4.612
N311E,N,311,E,-4.866
N311F,N,311,F,-6.7
N311G,N,311,G,-3.516
N311H,N,311,H,-4.286
N311I,N,311,I,-4.79
N311K,N,311,K,-3.774
N311L,N,311,L,-4.531
N311M,N,311,M,-5.578
N311P,N,311,P,-3.577
N311Q,N,311,Q,-4.012
N311R,N,311,R,-4.508
N311S,N,311,S,-2.491
N311T,N,311,T,-2.978
N311V,N,311,V,-4.622
N311W,N,311,W,-8.139
N311Y,N,311,Y,-7.024
T312A,T,312,A,-3.707
T312C,T,312,C,-5.516
T312D,T,312,D,-4.851
T312E,T,312,E,-5.7
T312F,T,312,F,-6.317
T312G,T,312,G,-4.313
T312H,T,312,H,-5.11
T312I,T,312,I,-4.745
T312K,T,312,K,-5.705
T312L,T,312,L,-4.231
T312M,T,312,M,-6.008
T312N,T,312,N,-3.511
T312P,T,312,P,-1.18
T312Q,T,312,Q,-4.997
T312R,T,312,R,-5.273
T312S,T,312,S,-2.533
T312V,T,312,V,-4.643
T312W,T,312,W,-8.844
T312Y,T,312,Y,-7.224
S313A,S,313,A,-4.36
S313C,S,313,C,-5.277
S313D,S,313,D,-5.427
S313E,S,313,E,-6.252
S313F,S,313,F,-7.203
S313G,S,313,G,-4.917
S313H,S,313,H,-6.006
S313I,S,313,I,-6.104
S313K,S,313,K,-6.398
S313L,S,313,L,-5.602
S313M,S,313,M,-6.966
S313N,S,313,N,-5.105
S313P,S,313,P,-2.937
S313Q,S,313,Q,-6.013
S313R,S,313,R,-6.348
S313T,S,313,T,-3.913
S313V,S,313,V,-5.448
S313W,S,313,W,-9.362
S313Y,S,313,Y,-7.715
S314A,S,314,A,-4.848
S314C,S,314,C,-5.605
S314D,S,314,D,-6.121
S314E,S,314,E,-6.629
S314F,S,314,F,-7.194
S314G,S,314,G,-4.932
S314H,S,314,H,-6.322
S314I,S,314,I,-6.823
S314K,S,314,K,-6.803
S314L,S,314,L,-5.874
S314M,S,314,M,-7.704
S314N,S,314,N,-5.587
S314P,S,314,P,-3.25
S314Q,S,314,Q,-6.176
S314R,S,314,R,-6.872
S314T,S,314,T,-4.595
S314V,S,314,V,-6.066
S314W,S,314,W,-9.531
S314Y,S,314,Y,-7.666
S315A,S,315,A,-4.138
S315C,S,315,C,-5.665
S315D,S,315,D,-6.574
S315E,S,315,E,-6.011
S315F,S,315,F,-7.072
S315G,S,315,G,-4.299
S315H,S,315,H,-5.753
S315I,S,315,I,-6.392
S315K,S,315,K,-5.745
S315L,S,315,L,-4.925
S315M,S,315,M,-6.479
S315N,S,315,N,-5.033
S315P,S,315,P,-3.792
S315Q,S,315,Q,-4.5
S315R,S,315,R,-5.854
S315T,S,315,T,-3.346
S315V,S,315,V,-5.014
S315W,S,315,W,-9.074
S315Y,S,315,Y,-7.878
P316A,P,316,A,-6.58
P316C,P,316,C,-8.043
P316D,P,316,D,-8.947
P316E,P,316,E,-8.778
P316F,P,316,F,-8.554
P316G,P,316,G,-5.708
P316H,P,316,H,-7.585
P316I,P,316,I,-9.145
P316K,P,316,K,-7.825
P316L,P,316,L,-6.886
P316M,P,316,M,-9.632
P316N,P,316,N,-7.761
P316Q,P,316,Q,-6.942
P316R,P,316,R,-7.325
P316S,P,316,S,-5.024
P316T,P,316,T,-6.589
P316V,P,316,V,-7.853
P316W,P,316,W,-9.874
P316Y,P,316,Y,-9.567
Q317A,Q,317,A,-3.812
Q317C,Q,317,C,-6.321
Q317D,Q,317,D,-8.007
Q317E,Q,317,E,-7.487
Q317F,Q,317,F,-6.253
Q317G,Q,317,G,-4.102
Q317H,Q,317,H,-4.988
Q317I,Q,317,I,-5.725
Q317K,Q,317,K,-5.125
Q317L,Q,317,L,-3.656
Q317M,Q,317,M,-5.831
Q317N,Q,317,N,-5.77
Q317P,Q,317,P,-2.195
Q317R,Q,317,R,-4.668
Q317S,Q,317,S,-3.995
Q317T,Q,317,T,-4.302
Q317V,Q,317,V,-4.12
Q317W,Q,317,W,-7.747
Q317Y,Q,317,Y,-7.619
P318A,P,318,A,-4.013
P318C,P,318,C,-6.944
P318D,P,318,D,-8.484
P318E,P,318,E,-8.463
P318F,P,318,F,-6.986
P318G,P,318,G,-4.702
P318H,P,318,H,-6.283
P318I,P,318,I,-5.231
P318K,P,318,K,-3.489
P318L,P,318,L,-5.161
P318M,P,318,M,-5.599
P318N,P,318,N,-5.132
P318Q,P,318,Q,-5.793
P318R,P,318,R,-4.316
P318S,P,318,S,-4.078
P318T,P,318,T,-3.833
P318V,P,318,V,-4.819
P318W,P,318,W,-8.21
P318Y,P,318,Y,-8.146
K319A,K,319,A,-9.484
K319C,K,319,C,-10.374
K319D,K,319,D,-13.538
K319E,K,319,E,-12.392
K319F,K,319,F,-12.458
K319G,K,319,G,-10.215
K319H,K,319,H,-9.675
K319I,K,319,I,-11.155
K319L,K,319,L,-9.425
K319M,K,319,M,-10.45
K319N,K,319,N,-9.407
K319P,K,319,P,-9.26
K319Q,K,319,Q,-8.709
K319R,K,319,R,-5.147
K319S,K,319,S,-9.227
K319T,K,319,T,-9.344
K319V,K,319,V,-10.436
K319W,K,319,W,-11.975
K319Y,K,319,Y,-12.967
K320A,K,320,A,-5.625
K320C,K,320,C,-8.445
K320D,K,320,D,-9.854
K320E,K,320,E,-9.491
K320F,K,320,F,-8.488
K320G,K,320,G,-7.209
K320H,K,320,H,-7.164
K320I,K,320,I,-6.855
K320L,K,320,L,-6.127
K320M,K,320,M,-6.608
K320N,K,320,N,-7.502
K320P,K,320,P,-6.048
K320Q,K,320,Q,-6.517
K320R,K,320,R,-2.282
K320S,K,320,S,-6.507
K320T,K,320,T,-6.24
K320V,K,320,V,-6.609
K320W,K,320,W,-9.049
K320Y,K,320,Y,-9.468
K321A,K,321,A,-6.531
K321C,K,321,C,-7.718
K321D,K,321,D,-9.534
K321E,K,321,E,-8.221
K321F,K,321,F,-9.702
K321G,K,321,G,-7.281
K321H,K,321,H,-6.033
K321I,K,321,I,-8.468
K321L,K,321,L,-6.191
K321M,K,321,M,-7.808
K321N,K,321,N,-7.648
K321P,K,321,P,-6.244
K321Q,K,321,Q,-3.592
K321R,K,321,R,-2.511
K321S,K,321,S,-6.72
K321T,K,321,T,-6.569
K321V,K,321,V,-7.74
K321W,K,321,W,-7.905
K321Y,K,321,Y,-10.106
P322A,P,322,A,-3.714
P322C,P,322,C,-4.554
P322D,P,322,D,-7.833
P322E,P,322,E,-7.897
P322F,P,322,F,-6.639
P322G,P,322,G,-4.813
P322H,P,322,H,-3.989
P322I,P,322,I,-6.477
P322K,P,322,K,-3.002
P322L,P,322,L,-4.737
P322M,P,322,M,-6.519
P322N,P,322,N,-5.072
P322Q,P,322,Q,-4.322
P322R,P,322,R,-1.596
P322S,P,322,S,-3.707
P322T,P,322,T,-4.464
P322V,P,322,V,-5.632
P322W,P,322,W,-6.705
P322Y,P,322,Y,-6.829
L323A,L,323,A,-1.635
L323C,L,323,C,-4.626
L323D,L,323,D,-3.256
L323E,L,323,E,-2.528
L323F,L,323,F,-6.129
L323G,L,323,G,-1.902
L323H,L,323,H,-4.194
L323I,L,323,I,-5.621
L323K,L,323,K,-4.472
L323M,L,323,M,-4.991
L323N,L,323,N,-3.888
L323P,L,323,P,-2.417
L323Q,L,323,Q,-3.043
L323R,L,323,R,-4.072
L323S,L,323,S,-1.954
L323T,L,323,T,-2.874
L323V,L,323,V,-3.479
L323W,L,323,W,-5.595
L323Y,L,323,Y,-6.748
D324A,D,324,A,-8.884
D324C,D,324,C,-12.375
D324E,D,324,E,-2.69
D324F,D,324,F,-14.299
D324G,D,324,G,-7.913
D324H,D,324,H,-9.871
D324I,D,324,I,-14.014
D324K,D,324,K,-9.707
D324L,D,324,L,-12.256
D324M,D,324,M,-13.028
D324N,D,324,N,-8.084
D324P,D,324,P,-9.952
D324Q,D,324,Q,-8.307
D324R,D,324,R,-11.773
D324S,D,324,S,-9.112
D324T,D,324,T,-9.817
D324V,D,324,V,-11.147
D324W,D,324,W,-14.424
D324Y,D,324,Y,-12.317
G325A,G,325,A,-7.255
G325C,G,325,C,-9.782
G325D,G,325,D,-4.742
G325E,G,325,E,-3.625
G325F,G,325,F,-12.438
G325H,G,325,H,-10.133
G325I,G,325,I,-11.698
G325K,G,325,K,-8.956
G325L,G,325,L,-10.383
G325M,G,325,M,-10.273
G325N,G,325,N,-7.795
G325P,G,325,P,-9.302
G325Q,G,325,Q,-8.429
G325R,G,325,R,-8.691
G325S,G,325,S,-6.544
G325T,G,325,T,-6.75
G325V,G,325,V,-9.357
G325W,G,325,W,-11.163
G325Y,G,325,Y,-11.805
E326A,E,326,A,-10.147
E326C,E,326,C,-11.733
E326D,E,326,D,-4.564
E326F,E,326,F,-13.365
E326G,E,326,G,-9.252
E326H,E,326,H,-9.871
E326I,E,326,I,-13.515
E326K,E,326,K,-10.065
E326L,E,326,L,-12.092
E326M,E,326,M,-13.28
E326N,E,326,N,-9.068
E326P,E,326,P,-10.694
E326Q,E,326,Q,-8.278
E326R,E,326,R,-11.126
E326S,E,326,S,-9.235
E326T,E,326,T,-9.951
E326V,E,326,V,-11.703
E326W,E,326,W,-14.158
E326Y,E,326,Y,-11.577
Y327A,Y,327,A,-8.248
Y327C,Y,327,C,-3.688
Y327D,Y,327,D,-9.16
Y327E,Y,327,E,-8.089
Y327F,Y,327,F,-2.739
Y327G,Y,327,G,-8.547
Y327H,Y,327,H,-4.131
Y327I,Y,327,I,-7.399
Y327K,Y,327,K,-8.897
Y327L,Y,327,L,-4.421
Y327M,Y,327,M,-7.527
Y327N,Y,327,N,-7.092
Y327P,Y,327,P,-7.44
Y327Q,Y,327,Q,-5.658
Y327R,Y,327,R,-6.862
Y327S,Y,327,S,-5.667
Y327T,Y,327,T,-6.822
Y327V,Y,327,V,-6.821
Y327W,Y,327,W,-7.741
F328A,F,328,A,-11.867
F328C,F,328,C,-7.924
F328D,F,328,D,-13.965
F328E,F,328,E,-14.347
F328G,F,328,G,-12.948
F328H,F,328,H,-7.723
F328I,F,328,I,-9.951
F328K,F,328,K,-13.063
F328L,F,328,L,-8.452
F328M,F,328,M,-11.575
F328N,F,328,N,-10.039
F328P,F,328,P,-10.916
F328Q,F,328,Q,-10.887
F328R,F,328,R,-10.842
F328S,F,328,S,-9.178
F328T,F,328,T,-11.159
F328V,F,328,V,-10.216
F328W,F,328,W,-10.846
F328Y,F,328,Y,-4.081
T329A,T,329,A,-6.513
T329C,T,329,C,-8.405
T329D,T,329,D,-10.882
T329E,T,329,E,-8.999
T329F,T,329,F,-8.542
T329G,T,329,G,-6.805
T329H,T,329,H,-8.714
T329I,T,329,I,-6.08
T329K,T,329,K,-8.598
T329L,T,329,L,-6.334
T329M,T,329,M,-7.058
T329N,T,329,N,-8.627
T329P,T,329,P,-8.186
T329Q,T,329,Q,-6.552
T329R,T,329,R,-7.894
T329S,T,329,S,-5.82
T329V,T,329,V,-6.109
T329W,T,329,W,-10.754
T329Y,T,329,Y,-9.029
L330A,L,330,A,-13.56
L330C,L,330,C,-13.958
L330D,L,330,D,-18.435
L330E,L,330,E,-16.975
L330F,L,330,F,-9.058
L330G,L,330,G,-16.21
L330H,L,330,H,-13.692
L330I,L,330,I,-8.125
L330K,L,330,K,-15.535
L330M,L,330,M,-9.298
L330N,L,330,N,-16.723
L330P,L,330,P,-12.173
L330Q,L,330,Q,-13.317
L330R,L,330,R,-13.88
L330S,L,330,S,-14.075
L330T,L,330,T,-13.131
L330V,L,330,V,-9.473
L330W,L,330,W,-13.691
L330Y,L,330,Y,-14.041
Q331A,Q,331,A,-9.76
Q331C,Q,331,C,-9.736
Q331D,Q,331,D,-13.499
Q331E,Q,331,E,-11.421
Q331F,Q,331,F,-11.263
Q331G,Q,331,G,-9.984
Q331H,Q,331,H,-7.944
Q331I,Q,331,I,-10.73
Q331K,Q,331,K,-8.221
Q331L,Q,331,L,-8.92
Q331M,Q,331,M,-10.734
Q331N,Q,331,N,-9.544
Q331P,Q,331,P,-9.111
Q331R,Q,331,R,-7.464
Q331S,Q,331,S,-8.564
Q331T,Q,331,T,-7.396
Q331V,Q,331,V,-10.083
Q331W,Q,331,W,-11.754
Q331Y,Q,331,Y,-11.793
I332A,I,332,A,-9.004
I332C,I,332,C,-11.857
I332D,I,332,D,-15.578
I332E,I,332,E,-13.686
I332F,I,332,F,-8.626
I332G,I,332,G,-11.897
I332H,I,332,H,-11.849
I332K,I,332,K,-8.831
I332L,I,332,L,-3.889
I332M,I,332,M,-6.479
I332N,I,332,N,-12.207
I332P,I,332,P,-9.219
I332Q,I,332,Q,-10.831
I332R,I,332,R,-8.423
I332S,I,332,S,-11.057
I332T,I,332,T,-8.533
I332V,I,332,V,-3.398
I332W,I,332,W,-11.444
I332Y,I,332,Y,-13.071
R333A,R,333,A,-11.064
R333C,R,333,C,-9.41
R333D,R,333,D,-13.556
R333E,R,333,E,-12.22
R333F,R,333,F,-13.055
R333G,R,333,G,-10.038
R333H,R,333,H,-8.648
R333I,R,333,I,-13.41
R333K,R,333,K,-8.529
R333L,R,333,L,-9.784
R333M,R,333,M,-12.321
R333N,R,333,N,-12.466
R333P,R,333,P,-8.831
R333Q,R,333,Q,-8.208
R333S,R,333,S,-10.013
R333T,R,333,T,-11.196
R333V,R,333,V,-12.59
R333W,R,333,W,-9.437
R333Y,R,333,Y,-12.647
G334A,G,334,A,-11.071
G334C,G,334,C,-10.951
G334D,G,334,D,-10.407
G334E,G,334,E,-10.712
G334F,G,334,F,-14.861
G334H,G,334,H,-12.583
G334I,G,334,I,-14.822
G334K,G,334,K,-10.714
G334L,G,334,L,-14.099
G334M,G,334,M,-14.138
G334N,G,334,N,-10.391
G334P,G,334,P,-13.884
G334Q,G,334,Q,-12.45
G334R,G,334,R,-9.528
G334S,G,334,S,-8.892
G334T,G,334,T,-11.732
G334V,G,334,V,-12.864
G334W,G,334,W,-13.307
G334Y,G,334,Y,-14.431
R335A,R,335,A,-12.04
R335C,R,335,C,-8.999
R335D,R,335,D,-13.837
R335E,R,335,E,-12.329
R335F,R,335,F,-11.999
R335G,R,335,G,-11.13
R335H,R,335,H,-6.835
R335I,R,335,I,-13.22
R335K,R,335,K,-6.878
R335L,R,335,L,-9.9
R335M,R,335,M,-11.993
R335N,R,335,N,-10.332
R335P,R,335,P,-10.072
R335Q,R,335,Q,-7.349
R335S,R,335,S,-9.961
R335T,R,335,T,-11.003
R335V,R,335,V,-12.695
R335W,R,335,W,-9.737
R335Y,R,335,Y,-10.897
E336A,E,336,A,-9.666
E336C,E,336,C,-14.239
E336D,E,336,D,-6.597
E336F,E,336,F,-15.028
E336G,E,336,G,-9.784
E336H,E,336,H,-10.979
E336I,E,336,I,-14.239
E336K,E,336,K,-9.912
E336L,E,336,L,-12.353
E336M,E,336,M,-13.826
E336N,E,336,N,-11.386
E336P,E,336,P,-10.737
E336Q,E,336,Q,-8.773
E336R,E,336,R,-11.233
E336S,E,336,S,-11.106
E336T,E,336,T,-10.949
E336V,E,336,V,-11.559
E336W,E,336,W,-14.351
E336Y,E,336,Y,-13.894
R337A,R,337,A,-9.5
R337C,R,337,C,-8.383
R337D,R,337,D,-10.121
R337E,R,337,E,-9.461
R337F,R,337,F,-10.873
R337G,R,337,G,-8.155
R337H,R,337,H,-5.447
R337I,R,337,I,-10.349
R337K,R,337,K,-5.101
R337L,R,337,L,-6.803
R337M,R,337,M,-8.832
R337N,R,337,N,-7.249
R337P,R,337,P,-9.44
R337Q,R,337,Q,-6.138
R337S,R,337,S,-7.518
R337T,R,337,T,-8.027
R337V,R,337,V,-9.886
R337W,R,337,W,-9.043
R337Y,R,337,Y,-9.797
F338A,F,338,A,-11.493
F338C,F,338,C,-9.303
F338D,F,338,D,-12.664
F338E,F,338,E,-13.272
F338G,F,338,G,-13.308
F338H,F,338,H,-8.83
F338I,F,338,I,-11.313
F338K,F,338,K,-14.748
F338L,F,338,L,-7.424
F338M,F,338,M,-11.283
F338N,F,338,N,-11.92
F338P,F,338,P,-13.265
F338Q,F,338,Q,-11.938
F338R,F,338,R,-12.44
F338S,F,338,S,-10.422
F338T,F,338,T,-12.563
F338V,F,338,V,-10.815
F338W,F,338,W,-10.952
F338Y,F,338,Y,-4.688
E339A,E,339,A,-9.287
E339C,E,339,C,-14.033
E339D,E,339,D,-7.413
E339F,E,339,F,-14.409
E339G,E,339,G,-9.298
E339H,E,339,H,-11.315
E339I,E,339,I,-13.849
E339K,E,339,K,-9.564
E339L,E,339,L,-11.755
E339M,E,339,M,-12.965
E339N,E,339,N,-11.3
E339P,E,339,P,-12.262
E339Q,E,339,Q,-8.304
E339R,E,339,R,-11.317
E339S,E,339,S,-10.878
E339T,E,339,T,-11.117
E339V,E,339,V,-11.441
E339W,E,339,W,-14.112
E339Y,E,339,Y,-13.943
M340A,M,340,A,-9.749
M340C,M,340,C,-13.946
M340D,M,340,D,-14.509
M340E,M,340,E,-13.31
M340F,M,340,F,-11.318
M340G,M,340,G,-12.384
M340H,M,340,H,-12.86
M340I,M,340,I,-4.954
M340K,M,340,K,-11.039
M340L,M,340,L,-7.321
M340N,M,340,N,-13.06
M340P,M,340,P,-15.206
M340Q,M,340,Q,-12.523
M340R,M,340,R,-10.662
M340S,M,340,S,-12.263
M340T,M,340,T,-8.815
M340V,M,340,V,-6.923
M340W,M,340,W,-13.75
M340Y,M,340,Y,-12.839
F341A,F,341,A,-7.86
F341C,F,341,C,-7.551
F341D,F,341,D,-10.594
F341E,F,341,E,-8.092
F341G,F,341,G,-9.787
F341H,F,341,H,-6.295
F341I,F,341,I,-5.054
F341K,F,341,K,-8.809
F341L,F,341,L,1.697
F341M,F,341,M,-3.85
F341N,F,341,N,-9.347
F341P,F,341,P,-8.162
F341Q,F,341,Q,-5.201
F341R,F,341,R,-6.641
F341S,F,341,S,-7.699
F341T,F,341,T,-8.005
F341V,F,341,V,-5.345
F341W,F,341,W,-6.727
F341Y,F,341,Y,-6.803
R342A,R,342,A,-4.853
R342C,R,342,C,-6.903
R342D,R,342,D,-9.149
R342E,R,342,E,-7.227
R342F,R,342,F,-7.626
R342G,R,342,G,-5.204
R342H,R,342,H,-7.218
R342I,R,342,I,-7.499
R342K,R,342,K,-3.761
R342L,R,342,L,-5.801
R342M,R,342,M,-5.743
R342N,R,342,N,-6.134
R342P,R,342,P,-9.315
R342Q,R,342,Q,-5.14
R342S,R,342,S,-3.841
R342T,R,342,T,-3.989
R342V,R,342,V,-7.124
R342W,R,342,W,-7.297
R342Y,R,342,Y,-8.807
E343A,E,343,A,-3.562
E343C,E,343,C,-4.036
E343D,E,343,D,-4.915
E343F,E,343,F,-5.906
E343G,E,343,G,-4.043
E343H,E,343,H,-2.829
E343I,E,343,I,-1.256
E343K,E,343,K,3.383
E343L,E,343,L,-1.751
E343M,E,343,M,-1.527
E343N,E,343,N,-2.452
E343P,E,343,P,-6.832
E343Q,E,343,Q,-1.861
E343R,E,343,R,0.97
E343S,E,343,S,-3.054
E343T,E,343,T,-2.51
E343V,E,343,V,-2.27
E343W,E,343,W,-3.961
E343Y,E,343,Y,-5.829
L344A,L,344,A,-11.538
L344C,L,344,C,-12.967
L344D,L,344,D,-16.842
L344E,L,344,E,-14.923
L344F,L,344,F,-7.264
L344G,L,344,G,-15.642
L344H,L,344,H,-14.237
L344I,L,344,I,-7.153
L344K,L,344,K,-14.747
L344M,L,344,M,-7.607
L344N,L,344,N,-15.861
L344P,L,344,P,-14.526
L344Q,L,344,Q,-13.804
L344R,L,344,R,-13.172
L344S,L,344,S,-14.044
L344T,L,344,T,-12.878
L344V,L,344,V,-8.244
L344W,L,344,W,-10.97
L344Y,L,344,Y,-12.511
N345A,N,345,A,-8.263
N345C,N,345,C,-9.747
N345D,N,345,D,-9.053
N345E,N,345,E,-9.103
N345F,N,345,F,-11.309
N345G,N,345,G,-8.481
N345H,N,345,H,-8.329
N345I,N,345,I,-9.921
N345K,N,345,K,-6.754
N345L,N,345,L,-9.907
N345M,N,345,M,-9.247
N345P,N,345,P,-14.693
N345Q,N,345,Q,-8.484
N345R,N,345,R,-7.563
N345S,N,345,S,-6.182
N345T,N,345,T,-6.125
N345V,N,345,V,-9.711
N345W,N,345,W,-11.638
N345Y,N,345,Y,-10.344
E346A,E,346,A,-8.714
E346C,E,346,C,-13.619
E346D,E,346,D,-6.969
E346F,E,346,F,-13.715
E346G,E,346,G,-9.24
E346H,E,346,H,-11.264
E346I,E,346,I,-12.735
E346K,E,346,K,-8.738
E346L,E,346,L,-11.074
E346M,E,346,M,-11.437
E346N,E,346,N,-11.107
E346P,E,346,P,-15.634
E346Q,E,346,Q,-7.957
E346R,E,346,R,-10.657
E346S,E,346,S,-11.115
E346T,E,346,T,-10.858
E346V,E,346,V,-10.208
E346W,E,346,W,-13.154
E346Y,E,346,Y,-13.274
A347C,A,347,C,-7.992
A347D,A,347,D,-11.266
A347E,A,347,E,-11.404
A347F,A,347,F,-10.48
A347G,A,347,G,-8.019
A347H,A,347,H,-10.657
A347I,A,347,I,-9.979
A347K,A,347,K,-10.02
A347L,A,347,L,-9.36
A347M,A,347,M,-10.807
A347N,A,347,N,-9.738
A347P,A,347,P,-11.781
A347Q,A,347,Q,-11.394
A347R,A,347,R,-9.413
A347S,A,347,S,-5.309
A347T,A,347,T,-7.342
A347V,A,347,V,-7.842
A347W,A,347,W,-12.023
A347Y,A,347,Y,-10.802
L348A,L,348,A,-11.39
L348C,L,348,C,-12.961
L348D,L,348,D,-15.837
L348E,L,348,E,-13.619
L348F,L,348,F,-8.329
L348G,L,348,G,-13.905
L348H,L,348,H,-12.137
L348I,L,348,I,-7.752
L348K,L,348,K,-12.998
L348M,L,348,M,-6.709
L348N,L,348,N,-13.091
L348P,L,348,P,-12.683
L348Q,L,348,Q,-9.842
L348R,L,348,R,-11.264
L348S,L,348,S,-11.825
L348T,L,348,T,-10.896
L348V,L,348,V,-8.776
L348W,L,348,W,-10.337
L348Y,L,348,Y,-12.264
E349A,E,349,A,-8.33
E349C,E,349,C,-12.601
E349D,E,349,D,-6.087
E349F,E,349,F,-13.951
E349G,E,349,G,-8.779
E349H,E,349,H,-10.943
E349I,E,349,I,-12.813
E349K,E,349,K,-9.676
E349L,E,349,L,-10.841
E349M,E,349,M,-11.592
E349N,E,349,N,-10.03
E349P,E,349,P,-14.269
E349Q,E,349,Q,-8.363
E349R,E,349,R,-10.741
E349S,E,349,S,-9.893
E349T,E,349,T,-10.524
E349V,E,349,V,-10.871
E349W,E,349,W,-13.757
E349Y,E,349,Y,-13.023
L350A,L,350,A,-8.847
L350C,L,350,C,-10.681
L350D,L,350,D,-12.023
L350E,L,350,E,-10.305
L350F,L,350,F,-8.099
L350G,L,350,G,-10.411
L350H,L,350,H,-9.77
L350I,L,350,I,-8.376
L350K,L,350,K,-9.307
L350M,L,350,M,-6.422
L350N,L,350,N,-10.763
L350P,L,350,P,-10.439
L350Q,L,350,Q,-8.489
L350R,L,350,R,-8.322
L350S,L,350,S,-8.834
L350T,L,350,T,-9.401
L350V,L,350,V,-8.737
L350W,L,350,W,-9.82
L350Y,L,350,Y,-10.742
K351A,K,351,A,-6.41
K351C,K,351,C,-6.844
K351D,K,351,D,-9.521
K351E,K,351,E,-8.09
K351F,K,351,F,-7.321
K351G,K,351,G,-6.769
K351H,K,351,H,-6.014
K351I,K,351,I,-7.098
K351L,K,351,L,-3.952
K351M,K,351,M,-4.777
K351N,K,351,N,-7.532
K351P,K,351,P,-7.547
K351Q,K,351,Q,-3.888
K351R,K,351,R,-3.215
K351S,K,351,S,-5.603
K351T,K,351,T,-6.466
K351V,K,351,V,-6.868
K351W,K,351,W,-5.948
K351Y,K,351,Y,-7.241
D352A,D,352,A,-2.55
D352C,D,352,C,-6.062
D352E,D,352,E,-1.449
D352F,D,352,F,-7.732
D352G,D,352,G,-3.048
D352H,D,352,H,-4.859
D352I,D,352,I,-7.065
D352K,D,352,K,-3.848
D352L,D,352,L,-4.573
D352M,D,352,M,-5.059
D352N,D,352,N,-4.317
D352P,D,352,P,-4.891
D352Q,D,352,Q,-2.746
D352R,D,352,R,-4.028
D352S,D,352,S,-3.245
D352T,D,352,T,-4.169
D352V,D,352,V,-5.226
D352W,D,352,W,-6.512
D352Y,D,352,Y,-6.681
A353C,A,353,C,-4.775
A353D,A,353,D,-4.536
A353E,A,353,E,-3.374
A353F,A,353,F,-5.802
A353G,A,353,G,-3.022
A353H,A,353,H,-4.303
A353I,A,353,I,-5.681
A353K,A,353,K,-2.957
A353L,A,353,L,-3.654
A353M,A,353,M,-5.368
A353N,A,353,N,-4.509
A353P,A,353,P,-3.559
A353Q,A,353,Q,-2.629
A353R,A,353,R,-3.137
A353S,A,353,S,-3.009
A353T,A,353,T,-3.935
A353V,A,353,V,-4.676
A353W,A,353,W,-5.872
A353Y,A,353,Y,-5.837
Q354A,Q,354,A,-1.906
Q354C,Q,354,C,-3.742
Q354D,Q,354,D,-4.502
Q354E,Q,354,E,-3.379
Q354F,Q,354,F,-4.396
Q354G,Q,354,G,-2.273
Q354H,Q,354,H,-4.564
Q354I,Q,354,I,-4.284
Q354K,Q,354,K,-3.463
Q354L,Q,354,L,-1.57
Q354M,Q,354,M,-2.977
Q354N,Q,354,N,-4.72
Q354P,Q,354,P,-2.849
Q354R,Q,354,R,-3.237
Q354S,Q,354,S,-2.436
Q354T,Q,354,T,-3.158
Q354V,Q,354,V,-2.812
Q354W,Q,354,W,-4.038
Q354Y,Q,354,Y,-4.644
A355C,A,355,C,-6.12
A355D,A,355,D,-3.445
A355E,A,355,E,-2.613
A355F,A,355,F,-7.265
A355G,A,355,G,-2.576
A355H,A,355,H,-5.354
A355I,A,355,I,-6.536
A355K,A,355,K,-3.625
A355L,A,355,L,-4.574
A355M,A,355,M,-5.633
A355N,A,355,N,-4.683
A355P,A,355,P,-3.577
A355Q,A,355,Q,-3.997
A355R,A,355,R,-3.583
A355S,A,355,S,-3.982
A355T,A,355,T,-4.569
A355V,A,355,V,-4.601
A355W,A,355,W,-6.362
A355Y,A,355,Y,-6.957
G356A,G,356,A,-3.827
G356C,G,356,C,-5.444
G356D,G,356,D,-4.164
G356E,G,356,E,-3.391
G356F,G,356,F,-6.391
G356H,G,356,H,-5.074
G356I,G,356,I,-6.747
G356K,G,356,K,-3.823
G356L,G,356,L,-4.491
G356M,G,356,M,-6.142
G356N,G,356,N,-5.108
G356P,G,356,P,-3.593
G356Q,G,356,Q,-3.731
G356R,G,356,R,-4.147
G356S,G,356,S,-3.633
G356T,G,356,T,-4.575
G356V,G,356,V,-5.084
G356W,G,356,W,-6.404
G356Y,G,356,Y,-6.26
K357A,K,357,A,-2.505
K357C,K,357,C,-4.947
K357D,K,357,D,-3.327
K357E,K,357,E,-2.791
K357F,K,357,F,-5.87
K357G,K,357,G,-2.276
K357H,K,357,H,-4.083
K357I,K,357,I,-5.896
K357L,K,357,L,-3.243
K357M,K,357,M,-5.003
K357N,K,357,N,-4.729
K357P,K,357,P,-2.115
K357Q,K,357,Q,-2.974
K357R,K,357,R,-3.161
K357S,K,357,S,-2.651
K357T,K,357,T,-3.334
K357V,K,357,V,-4.117
K357W,K,357,W,-5.552
K357Y,K,357,Y,-6.043
E358A,E,358,A,-3.285
E358C,E,358,C,-5.626
E358D,E,358,D,-3.501
E358F,E,358,F,-7.105
E358G,E,358,G,-2.935
E358H,E,358,H,-4.61
E358I,E,358,I,-6.339
E358K,E,358,K,-3.75
E358L,E,358,L,-4.723
E358M,E,358,M,-6.256
E358N,E,358,N,-4.655
E358P,E,358,P,-3.262
E358Q,E,358,Q,-3.997
E358R,E,358,R,-3.936
E358S,E,358,S,-3.611
E358T,E,358,T,-4.121
E358V,E,358,V,-4.724
E358W,E,358,W,-7.456
E358Y,E,358,Y,-6.744
P359A,P,359,A,-3.228
P359C,P,359,C,-6.21
P359D,P,359,D,-3.656
P359E,P,359,E,-3.29
P359F,P,359,F,-7.261
P359G,P,359,G,-2.994
P359H,P,359,H,-5.054
P359I,P,359,I,-6.791
P359K,P,359,K,-3.533
P359L,P,359,L,-4.829
P359M,P,359,M,-5.837
P359N,P,359,N,-4.476
P359Q,P,359,Q,-4.063
P359R,P,359,R,-3.807
P359S,P,359,S,-3.548
P359T,P,359,T,-4.168
P359V,P,359,V,-4.951
P359W,P,359,W,-7.417
P359Y,P,359,Y,-6.892
G360A,G,360,A,-3.639
G360C,G,360,C,-5.824
G360D,G,360,D,-4.392
G360E,G,360,E,-3.585
G360F,G,360,F,-6.844
G360H,G,360,H,-5.277
G360I,G,360,I,-6.952
G360K,G,360,K,-3.875
G360L,G,360,L,-4.689
G360M,G,360,M,-6.327
G360N,G,360,N,-5.365
G360P,G,360,P,-3.433
G360Q,G,360,Q,-4.049
G360R,G,360,R,-3.905
G360S,G,360,S,-3.469
G360T,G,360,T,-4.533
G360V,G,360,V,-5.086
G360W,G,360,W,-6.626
G360Y,G,360,Y,-7.121
G361A,G,361,A,-3.513
G361C,G,361,C,-5.969
G361D,G,361,D,-4.188
G361E,G,361,E,-4.258
G361F,G,361,F,-6.14
G361H,G,361,H,-4.703
G361I,G,361,I,-5.935
G361K,G,361,K,-3.843
G361L,G,361,L,-4.401
G361M,G,361,M,-5.929
G361N,G,361,N,-4.955
G361P,G,361,P,-3.055
G361Q,G,361,Q,-4.25
G361R,G,361,R,-3.814
G361S,G,361,S,-3.177
G361T,G,361,T,-4.05
G361V,G,361,V,-4.764
G361W,G,361,W,-6.726
G361Y,G,361,Y,-6.749
S362A,S,362,A,-4.169
S362C,S,362,C,-4.143
S362D,S,362,D,-4.763
S362E,S,362,E,-4.635
S362F,S,362,F,-6.126
S362G,S,362,G,-3.704
S362H,S,362,H,-4.832
S362I,S,362,I,-6.253
S362K,S,362,K,-4.05
S362L,S,362,L,-4.692
S362M,S,362,M,-6.669
S362N,S,362,N,-5.22
S362P,S,362,P,-3.611
S362Q,S,362,Q,-4.469
S362R,S,362,R,-3.884
S362T,S,362,T,-4.616
S362V,S,362,V,-5.449
S362W,S,362,W,-6.515
S362Y,S,362,Y,-6.558
R363A,R,363,A,-2.959
R363C,R,363,C,-5.139
R363D,R,363,D,-4.026
R363E,R,363,E,-3.611
R363F,R,363,F,-5.932
R363G,R,363,G,-2.783
R363H,R,363,H,-3.998
R363I,R,363,I,-5.846
R363K,R,363,K,-3.13
R363L,R,363,L,-3.748
R363M,R,363,M,-5.211
R363N,R,363,N,-4.539
R363P,R,363,P,-2.242
R363Q,R,363,Q,-3.162
R363S,R,363,S,-2.247
R363T,R,363,T,-3.438
R363V,R,363,V,-4.492
R363W,R,363,W,-5.748
R363Y,R,363,Y,-6.358
A364C,A,364,C,-5.36
A364D,A,364,D,-3.901
A364E,A,364,E,-3.817
A364F,A,364,F,-5.745
A364G,A,364,G,-2.894
A364H,A,364,H,-4.22
A364I,A,364,I,-5.464
A364K,A,364,K,-3.366
A364L,A,364,L,-4.099
A364M,A,364,M,-5.649
A364N,A,364,N,-4.292
A364P,A,364,P,-3.13
A364Q,A,364,Q,-4.192
A364R,A,364,R,-3.342
A364S,A,364,S,-2.878
A364T,A,364,T,-3.914
A364V,A,364,V,-4.51
A364W,A,364,W,-6.41
A364Y,A,364,Y,-5.967
H365A,H,365,A,-1.886
H365C,H,365,C,-3.939
H365D,H,365,D,-3.035
H365E,H,365,E,-2.779
H365F,H,365,F,-3.995
H365G,H,365,G,-1.778
H365I,H,365,I,-4.089
H365K,H,365,K,-2.167
H365L,H,365,L,-2.439
H365M,H,365,M,-3.954
H365N,H,365,N,-3.125
H365P,H,365,P,-1.534
H365Q,H,365,Q,-2.653
H365R,H,365,R,-2.11
H365S,H,365,S,-1.114
H365T,H,365,T,-2.475
H365V,H,365,V,-3.117
H365W,H,365,W,-4.447
H365Y,H,365,Y,-4.687
S366A,S,366,A,-4.327
S366C,S,366,C,-5.461
S366D,S,366,D,-5.143
S366E,S,366,E,-5.023
S366F,S,366,F,-5.743
S366G,S,366,G,-3.727
S366H,S,366,H,-4.424
S366I,S,366,I,-5.499
S366K,S,366,K,-4.163
S366L,S,366,L,-4.149
S366M,S,366,M,-5.9
S366N,S,366,N,-4.965
S366P,S,366,P,-3.75
S366Q,S,366,Q,-4.349
S366R,S,366,R,-3.859
S366T,S,366,T,-4.497
S366V,S,366,V,-4.96
S366W,S,366,W,-6.498
S366Y,S,366,Y,-5.724
S367A,S,367,A,-4.117
S367C,S,367,C,-4.936
S367D,S,367,D,-4.849
S367E,S,367,E,-4.637
S367F,S,367,F,-5.406
S367G,S,367,G,-3.72
S367H,S,367,H,-4.237
S367I,S,367,I,-5.498
S367K,S,367,K,-4.081
S367L,S,367,L,-4.055
S367M,S,367,M,-6.001
S367N,S,367,N,-5.069
S367P,S,367,P,-3.345
S367Q,S,367,Q,-4.11
S367R,S,367,R,-3.787
S367T,S,367,T,-4.515
S367V,S,367,V,-4.784
S367W,S,367,W,-6.279
S367Y,S,367,Y,-5.803
H368A,H,368,A,-2.18
H368C,H,368,C,-4.163
H368D,H,368,D,-3.31
H368E,H,368,E,-3.098
H368F,H,368,F,-3.827
H368G,H,368,G,-2.063
H368I,H,368,I,-3.913
H368K,H,368,K,-2.104
H368L,H,368,L,-2.47
H368M,H,368,M,-4.368
H368N,H,368,N,-3.435
H368P,H,368,P,-1.628
H368Q,H,368,Q,-2.934
H368R,H,368,R,-2.396
H368S,H,368,S,-1.478
H368T,H,368,T,-2.58
H368V,H,368,V,-2.963
H368W,H,368,W,-4.658
H368Y,H,368,Y,-4.601
L369A,L,369,A,-3.185
L369C,L,369,C,-4.387
L369D,L,369,D,-4.179
L369E,L,369,E,-3.749
L369F,L,369,F,-4.883
L369G,L,369,G,-2.368
L369H,L,369,H,-3.234
L369I,L,369,I,-4.66
L369K,L,369,K,-1.847
L369M,L,369,M,-4.815
L369N,L,369,N,-3.555
L369P,L,369,P,-2.76
L369Q,L,369,Q,-2.961
L369R,L,369,R,-2.431
L369S,L,369,S,-1.858
L369T,L,369,T,-3.149
L369V,L,369,V,-4.125
L369W,L,369,W,-5.389
L369Y,L,369,Y,-4.999
K370A,K,370,A,-3.141
K370C,K,370,C,-4.675
K370D,K,370,D,-4.062
K370E,K,370,E,-3.923
K370F,K,370,F,-4.865
K370G,K,370,G,-2.75
K370H,K,370,H,-3.629
K370I,K,370,I,-5.153
K370L,K,370,L,-3.367
K370M,K,370,M,-4.927
K370N,K,370,N,-4.23
K370P,K,370,P,-2.602
K370Q,K,370,Q,-3.507
K370R,K,370,R,-3.249
K370S,K,370,S,-2.494
K370T,K,370,T,-3.689
K370V,K,370,V,-4.044
K370W,K,370,W,-5.69
K370Y,K,370,Y,-5.109
S371A,S,371,A,-3.47
S371C,S,371,C,-5.311
S371D,S,371,D,-4.317
S371E,S,371,E,-3.799
S371F,S,371,F,-5.233
S371G,S,371,G,-3.055
S371H,S,371,H,-4.55
S371I,S,371,I,-4.079
S371K,S,371,K,-3.212
S371L,S,371,L,-3.565
S371M,S,371,M,-4.249
S371N,S,371,N,-4.219
S371P,S,371,P,-3.517
S371Q,S,371,Q,-4.004
S371R,S,371,R,-3.327
S371T,S,371,T,-3.965
S371V,S,371,V,-3.753
S371W,S,371,W,-5.762
S371Y,S,371,Y,-5.351
K372A,K,372,A,-3.715
K372C,K,372,C,-4.858
K372D,K,372,D,-4.713
K372E,K,372,E,-3.982
K372F,K,372,F,-4.683
K372G,K,372,G,-3.382
K372H,K,372,H,-4.15
K372I,K,372,I,-4.803
K372L,K,372,L,-3.095
K372M,K,372,M,-5.046
K372N,K,372,N,-4.337
K372P,K,372,P,-3.127
K372Q,K,372,Q,-3.648
K372R,K,372,R,-3.276
K372S,K,372,S,-2.742
K372T,K,372,T,-3.892
K372V,K,372,V,-4.235
K372W,K,372,W,-5.076
K372Y,K,372,Y,-5.234
K373A,K,373,A,-3.133
K373C,K,373,C,-5.839
K373D,K,373,D,-4.083
K373E,K,373,E,-3.864
K373F,K,373,F,-5.419
K373G,K,373,G,-3.247
K373H,K,373,H,-4.494
K373I,K,373,I,-5.385
K373L,K,373,L,-3.248
K373M,K,373,M,-4.741
K373N,K,373,N,-4.506
K373P,K,373,P,-2.914
K373Q,K,373,Q,-3.949
K373R,K,373,R,-3.523
K373S,K,373,S,-3.111
K373T,K,373,T,-3.817
K373V,K,373,V,-4.321
K373W,K,373,W,-5.901
K373Y,K,373,Y,-5.697
G374A,G,374,A,-3.23
G374C,G,374,C,-5.217
G374D,G,374,D,-4.508
G374E,G,374,E,-4.096
G374F,G,374,F,-4.562
G374H,G,374,H,-4.147
G374I,G,374,I,-4.152
G374K,G,374,K,-2.711
G374L,G,374,L,-2.977
G374M,G,374,M,-4.203
G374N,G,374,N,-4.078
G374P,G,374,P,-3.074
G374Q,G,374,Q,-3.519
G374R,G,374,R,-3.074
G374S,G,374,S,-2.619
G374T,G,374,T,-3.386
G374V,G,374,V,-3.686
G374W,G,374,W,-5.827
G374Y,G,374,Y,-5.07
Q375A,Q,375,A,-2.394
Q375C,Q,375,C,-4.409
Q375D,Q,375,D,-3.63
Q375E,Q,375,E,-3.632
Q375F,Q,375,F,-3.542
Q375G,Q,375,G,-2.076
Q375H,Q,375,H,-3.245
Q375I,Q,375,I,-3.681
Q375K,Q,375,K,-1.818
Q375L,Q,375,L,-2.454
Q375M,Q,375,M,-3.776
Q375N,Q,375,N,-3.092
Q375P,Q,375,P,-2.094
Q375R,Q,375,R,-2.283
Q375S,Q,375,S,-1.391
Q375T,Q,375,T,-2.601
Q375V,Q,375,V,-3.014
Q375W,Q,375,W,-5.05
Q375Y,Q,375,Y,-4.455
S376A,S,376,A,-3.791
S376C,S,376,C,-5.168
S376D,S,376,D,-4.379
S376E,S,376,E,-4.094
S376F,S,376,F,-5.136
S376G,S,376,G,-3.413
S376H,S,376,H,-4.462
S376I,S,376,I,-4.892
S376K,S,376,K,-3.087
S376L,S,376,L,-3.921
S376M,S,376,M,-5.031
S376N,S,376,N,-4.304
S376P,S,376,P,-3.766
S376Q,S,376,Q,-4.004
S376R,S,376,R,-3.431
S376T,S,376,T,-3.996
S376V,S,376,V,-4.279
S376W,S,376,W,-5.524
S376Y,S,376,Y,-5.183
T377A,T,377,A,-3.144
T377C,T,377,C,-4.606
T377D,T,377,D,-4.427
T377E,T,377,E,-4.039
T377F,T,377,F,-4.182
T377G,T,377,G,-2.702
T377H,T,377,H,-3.64
T377I,T,377,I,-4.525
T377K,T,377,K,-2.345
T377L,T,377,L,-2.968
T377M,T,377,M,-4.569
T377N,T,377,N,-3.991
T377P,T,377,P,-2.5
T377Q,T,377,Q,-3.309
T377R,T,377,R,-2.536
T377S,T,377,S,-1.974
T377V,T,377,V,-3.752
T377W,T,377,W,-4.884
T377Y,T,377,Y,-4.748
S378A,S,378,A,-4.201
S378C,S,378,C,-6.13
S378D,S,378,D,-5.67
S378E,S,378,E,-5.214
S378F,S,378,F,-5.161
S378G,S,378,G,-3.675
S378H,S,378,H,-4.837
S378I,S,378,I,-5.452
S378K,S,378,K,-3.342
S378L,S,378,L,-4.063
S378M,S,378,M,-5.637
S378N,S,378,N,-5.06
S378P,S,378,P,-3.619
S378Q,S,378,Q,-4.407
S378R,S,378,R,-3.433
S378T,S,378,T,-4.299
S378V,S,378,V,-4.813
S378W,S,378,W,-5.478
S378Y,S,378,Y,-5.632
R379A,R,379,A,-3.336
R379C,R,379,C,-5.504
R379D,R,379,D,-4.77
R379E,R,379,E,-4.424
R379F,R,379,F,-4.647
R379G,R,379,G,-3.113
R379H,R,379,H,-3.714
R379I,R,379,I,-4.878
R379K,R,379,K,-2.634
R379L,R,379,L,-3.273
R379M,R,379,M,-5.127
R379N,R,379,N,-4.247
R379P,R,379,P,-2.628
R379Q,R,379,Q,-3.489
R379S,R,379,S,-2.38
R379T,R,379,T,-3.476
R379V,R,379,V,-4.048
R379W,R,379,W,-5.64
R379Y,R,379,Y,-5.44
H380A,H,380,A,-1.887
H380C,H,380,C,-4.472
H380D,H,380,D,-3.313
H380E,H,380,E,-2.679
H380F,H,380,F,-4.147
H380G,H,380,G,-1.208
H380I,H,380,I,-3.646
H380K,H,380,K,-0.906
H380L,H,380,L,-2.392
H380M,H,380,M,-3.226
H380N,H,380,N,-2.306
H380P,H,380,P,-1.732
H380Q,H,380,Q,-2.418
H380R,H,380,R,-1.252
H380S,H,380,S,-1.473
H380T,H,380,T,-2.123
H380V,H,380,V,-2.816
H380W,H,380,W,-4.156
H380Y,H,380,Y,-4.602
K381A,K,381,A,-4.243
K381C,K,381,C,-5.313
K381D,K,381,D,-5.471
K381E,K,381,E,-4.861
K381F,K,381,F,-5.142
K381G,K,381,G,-3.405
K381H,K,381,H,-4.282
K381I,K,381,I,-5.517
K381L,K,381,L,-3.959
K381M,K,381,M,-5.435
K381N,K,381,N,-4.417
K381P,K,381,P,-3.349
K381Q,K,381,Q,-3.674
K381R,K,381,R,-3.081
K381S,K,381,S,-3.14
K381T,K,381,T,-4.152
K381V,K,381,V,-4.965
K381W,K,381,W,-5.737
K381Y,K,381,Y,-5.648
K382A,K,382,A,-3.665
K382C,K,382,C,-5.575
K382D,K,382,D,-4.365
K382E,K,382,E,-4.184
K382F,K,382,F,-5.622
K382G,K,382,G,-3.037
K382H,K,382,H,-4.336
K382I,K,382,I,-5.195
K382L,K,382,L,-3.92
K382M,K,382,M,-5.282
K382N,K,382,N,-4.26
K382P,K,382,P,-2.945
K382Q,K,382,Q,-3.949
K382R,K,382,R,-3.542
K382S,K,382,S,-3.304
K382T,K,382,T,-3.789
K382V,K,382,V,-4.103
K382W,K,382,W,-6.398
K382Y,K,382,Y,-5.916
L383A,L,383,A,-3.298
L383C,L,383,C,-5.044
L383D,L,383,D,-4.788
L383E,L,383,E,-3.874
L383F,L,383,F,-4.162
L383G,L,383,G,-3.061
L383H,L,383,H,-4.185
L383I,L,383,I,-4.346
L383K,L,383,K,-1.889
L383M,L,383,M,-4.198
L383N,L,383,N,-3.814
L383P,L,383,P,-3.048
L383Q,L,383,Q,-3.883
L383R,L,383,R,-1.891
L383S,L,383,S,-3.073
L383T,L,383,T,-3.489
L383V,L,383,V,-3.536
L383W,L,383,W,-5.416
L383Y,L,383,Y,-4.349
M384A,M,384,A,-1.185
M384C,M,384,C,-1.356
M384D,M,384,D,-2.429
M384E,M,384,E,-1.984
M384F,M,384,F,-1.662
M384G,M,384,G,-1.103
M384H,M,384,H,-1.45
M384I,M,384,I,-2.027
M384K,M,384,K,-1.145
M384L,M,384,L,-1.482
M384N,M,384,N,-1.856
M384P,M,384,P,-1.274
M384Q,M,384,Q,-1.728
M384R,M,384,R,-0.367
M384S,M,384,S,-0.405
M384T,M,384,T,-1.068
M384V,M,384,V,-1.235
M384W,M,384,W,-3.298
M384Y,M,384,Y,-1.932
F385A,F,385,A,-2.223
F385C,F,385,C,-3.654
F385D,F,385,D,-3.508
F385E,F,385,E,-2.876
F385G,F,385,G,-2.634
F385H,F,385,H,-3.312
F385I,F,385,I,0.018
F385K,F,385,K,-1.589
F385L,F,385,L,-1.571
F385M,F,385,M,-2.659
F385N,F,385,N,-2.866
F385P,F,385,P,-1.13
F385Q,F,385,Q,-2.916
F385R,F,385,R,-0.782
F385S,F,385,S,-2.193
F385T,F,385,T,-2.191
F385V,F,385,V,0.036
F385W,F,385,W,-3.83
F385Y,F,385,Y,-4.218
K386A,K,386,A,-8.756
K386C,K,386,C,-9.439
K386D,K,386,D,-8.719
K386E,K,386,E,-8.02
K386F,K,386,F,-8.797
K386G,K,386,G,-8.819
K386H,K,386,H,-8.742
K386I,K,386,I,-7.697
K386L,K,386,L,-7.6
K386M,K,386,M,-9.245
K386N,K,386,N,-8.442
K386P,K,386,P,-7.393
K386Q,K,386,Q,-7.926
K386R,K,386,R,-7.216
K386S,K,386,S,-7.901
K386T,K,386,T,-7.957
K386V,K,386,V,-8.203
K386W,K,386,W,-10.246
K386Y,K,386,Y,-8.79
T387A,T,387,A,-3.685
T387C,T,387,C,-6.136
T387D,T,387,D,-4.594
T387E,T,387,E,-3.018
T387F,T,387,F,-6.543
T387G,T,387,G,-5.106
T387H,T,387,H,-5.255
T387I,T,387,I,-3.701
T387K,T,387,K,-2.663
T387L,T,387,L,-3.336
T387M,T,387,M,-3.263
T387N,T,387,N,-5.234
T387P,T,387,P,-4.35
T387Q,T,387,Q,-3.216
T387R,T,387,R,-1.842
T387S,T,387,S,-4.109
T387V,T,387,V,-2.821
T387W,T,387,W,-7.226
T387Y,T,387,Y,-7.063
E388A,E,388,A,-7.083
E388C,E,388,C,-8.437
E388D,E,388,D,-6.768
E388F,E,388,F,-7.725
E388G,E,388,G,-6.755
E388H,E,388,H,-7.868
E388I,E,388,I,-8.271
E388K,E,388,K,-6.095
E388L,E,388,L,-6.748
E388M,E,388,M,-8.316
E388N,E,388,N,-7.77
E388P,E,388,P,-5.456
E388Q,E,388,Q,-6.565
E388R,E,388,R,-6.272
E388S,E,388,S,-6.294
E388T,E,388,T,-7.282
E388V,E,388,V,-7.651
E388W,E,388,W,-8.249
E388Y,E,388,Y,-8.537
G389A,G,389,A,-3.499
G389C,G,389,C,-5.655
G389D,G,389,D,-3.03
G389E,G,389,E,-3.18
G389F,G,389,F,-5.631
G389H,G,389,H,-4.693
G389I,G,389,I,-5.075
G389K,G,389,K,-3.332
G389L,G,389,L,-3.517
G389M,G,389,M,-5.078
G389N,G,389,N,-3.684
G389P,G,389,P,-2.089
G389Q,G,389,Q,-4.229
G389R,G,389,R,-3.517
G389S,G,389,S,-3.62
G389T,G,389,T,-4.17
G389V,G,389,V,-3.898
G389W,G,389,W,-6.668
G389Y,G,389,Y,-5.975
P390A,P,390,A,-4.047
P390C,P,390,C,-5.293
P390D,P,390,D,-3.301
P390E,P,390,E,-3.091
P390F,P,390,F,-5.72
P390G,P,390,G,-3.339
P390H,P,390,H,-5.559
P390I,P,390,I,-5.968
P390K,P,390,K,-4.745
P390L,P,390,L,-3.952
P390M,P,390,M,-4.947
P390N,P,390,N,-4.308
P390Q,P,390,Q,-4.514
P390R,P,390,R,-4.737
P390S,P,390,S,-0.735
P390T,P,390,T,-3.55
P390V,P,390,V,-5.083
P390W,P,390,W,-6.115
P390Y,P,390,Y,-5.313
D391A,D,391,A,-5.149
D391C,D,391,C,-6.389
D391E,D,391,E,-4.438
D391F,D,391,F,-6.589
D391G,D,391,G,-4.47
D391H,D,391,H,-6.088
D391I,D,391,I,-6.868
D391K,D,391,K,-5.44
D391L,D,391,L,-5.48
D391M,D,391,M,-6.917
D391N,D,391,N,-5.584
D391P,D,391,P,-5.086
D391Q,D,391,Q,-5.688
D391R,D,391,R,-6.036
D391S,D,391,S,-4.058
D391T,D,391,T,-5.59
D391V,D,391,V,-6.002
D391W,D,391,W,-7.658
D391Y,D,391,Y,-6.84
S392A,S,392,A,-6.446
S392C,S,392,C,-7.607
S392D,S,392,D,-5.843
S392E,S,392,E,-5.742
S392F,S,392,F,-7.004
S392G,S,392,G,-6.22
S392H,S,392,H,-7.576
S392I,S,392,I,-8.167
S392K,S,392,K,-6.392
S392L,S,392,L,-5.996
S392M,S,392,M,-7.07
S392N,S,392,N,-7.128
S392P,S,392,P,-4.887
S392Q,S,392,Q,-6.378
S392R,S,392,R,-6.205
S392T,S,392,T,-5.576
S392V,S,392,V,-7.357
S392W,S,392,W,-7.295
S392Y,S,392,Y,-7.597
D393A,D,393,A,-5.554
D393C,D,393,C,-5.644
D393E,D,393,E,-4.25
D393F,D,393,F,-6.265
D393G,D,393,G,-5.408
D393H,D,393,H,-6.383
D393I,D,393,I,-7.186
D393K,D,393,K,-5.558
D393L,D,393,L,-5.146
D393M,D,393,M,-6.966
D393N,D,393,N,-5.728
D393P,D,393,P,-4.44
D393Q,D,393,Q,-5.54
D393R,D,393,R,-5.864
D393S,D,393,S,-4.304
D393T,D,393,T,-5.684
D393V,D,393,V,-5.955
D393W,D,393,W,-6.705
D393Y,D,393,Y,-6.364
